-0.00212442590496
-0.00212071293865
-0.00211692986953
-0.00211307678468
-0.00210915377303
-0.00210516092536
-0.00210109833432
-0.00209696609437
-0.00209276430187
-0.00208849305499
-0.00208415245375
-0.00207974260004
-0.00207526359756
-0.00207071555188
-0.00206609857040
-0.00206141276234
-0.00205665823879
-0.00205183511266
-0.00204694349870
-0.00204198351348
-0.00203695527542
-0.00203185890475
-0.00202669452356
-0.00202146225572
-0.00201616222698
-0.00201079456486
-0.00200535939874
-0.00199985685980
-0.00199428708105
-0.00198865019730
-0.00198294634519
-0.00197717566317
-0.00197133829150
-0.00196543437224
-0.00195946404925
-0.00195342746823
-0.00194732477664
-0.00194115612377
-0.00193492166069
-0.00192862154027
-0.00192225591719
-0.00191582494790
-0.00190932879065
-0.00190276760548
-0.00189614155420
-0.00188945080042
-0.00188269550953
-0.00187587584868
-0.00186899198680
-0.00186204409462
-0.00185503234461
-0.00184795691101
-0.00184081796984
-0.00183361569888
-0.00182635027767
-0.00181902188749
-0.00181163071141
-0.00180417693421
-0.00179666074245
-0.00178908232444
-0.00178144187021
-0.00177373957154
-0.00176597562197
-0.00175815021674
-0.00175026355286
-0.00174231582903
-0.00173430724570
-0.00172623800506
-0.00171810831098
-0.00170991836908
-0.00170166838668
-0.00169335857282
-0.00168498913825
-0.00167656029540
-0.00166807225843
-0.00165952524320
-0.00165091946724
-0.00164225514980
-0.00163353251179
-0.00162475177584
-0.00161591316622
-0.00160701690892
-0.00159806323158
-0.00158905236351
-0.00157998453571
-0.00157085998082
-0.00156167893315
-0.00155244162867
-0.00154314830500
-0.00153379920142
-0.00152439455883
-0.00151493461980
-0.00150541962853
-0.00149584983084
-0.00148622547420
-0.00147654680769
-0.00146681408203
-0.00145702754955
-0.00144718746420
-0.00143729408152
-0.00142734765869
-0.00141734845446
-0.00140729672920
-0.00139719274487
-0.00138703676502
-0.00137682905478
-0.00136656988086
-0.00135625951155
-0.00134589821673
-0.00133548626782
-0.00132502393782
-0.00131451150129
-0.00130394923434
-0.00129333741463
-0.00128267632137
-0.00127196623532
-0.00126120743874
-0.00125040021547
-0.00123954485085
-0.00122864163175
-0.00121769084655
-0.00120669278516
-0.00119564773897
-0.00118455600091
-0.00117341786537
-0.00116223362827
-0.00115100358700
-0.00113972804042
-0.00112840728890
-0.00111704163425
-0.00110563137977
-0.00109417683022
-0.00108267829182
-0.00107113607223
-0.00105955048057
-0.00104792182740
-0.00103625042470
-0.00102453658590
-0.00101278062586
-0.00100098286085
-0.00098914360855
-0.00097726318806
-0.00096534191987
-0.00095338012589
-0.00094137812940
-0.00092933625509
-0.00091725482901
-0.00090513417859
-0.00089297463264
-0.00088077652133
-0.00086854017617
-0.00085626593005
-0.00084395411720
-0.00083160507317
-0.00081921913486
-0.00080679664049
-0.00079433792963
-0.00078184334312
-0.00076931322315
-0.00075674791318
-0.00074414775800
-0.00073151310367
-0.00071884429754
-0.00070614168823
-0.00069340562565
-0.00068063646097
-0.00066783454660
-0.00065500023623
-0.00064213388477
-0.00062923584839
-0.00061630648449
-0.00060334615169
-0.00059035520983
-0.00057733401995
-0.00056428294433
-0.00055120234642
-0.00053809259087
-0.00052495404352
-0.00051178707139
-0.00049859204265
-0.00048536932665
-0.00047211929392
-0.00045884231611
-0.00044553876601
-0.00043220901756
-0.00041885344584
-0.00040547242703
-0.00039206633843
-0.00037863555845
-0.00036518046660
-0.00035170144349
-0.00033819887079
-0.00032467313128
-0.00031112460878
-0.00029755368819
-0.00028396075546
-0.00027034619759
-0.00025671040261
-0.00024305375959
-0.00022937665863
-0.00021567949083
-0.00020196264831
-0.00018822652419
-0.00017447151256
-0.00016069800854
-0.00014690640818
-0.00013309710853
-0.00011927050759
-0.00010542700430
-0.00009156699856
-0.00007769089121
-0.00006379908400
-0.00004989197962
-0.00003596998164
-0.00002203349457
-0.00000808292380
0.00000588132442
0.00001985884291
0.00003384922367
0.00004785205782
0.00006186693562
0.00007589344649
0.00008993117903
0.00010397972100
0.00011803865935
0.00013210758021
0.00014618606893
0.00016027371005
0.00017437008734
0.00018847478379
0.00020258738164
0.00021670746235
0.00023083460666
0.00024496839455
0.00025910840530
0.00027325421745
0.00028740540883
0.00030156155659
0.00031572223717
0.00032988702633
0.00034405549917
0.00035822723012
0.00037240179296
0.00038657876082
0.00040075770620
0.00041493820097
0.00042911981641
0.00044330212316
0.00045748469129
0.00047166709026
0.00048584888898
0.00050002965578
0.00051420895844
0.00052838636418
0.00054256143969
0.00055673375115
0.00057090286420
0.00058506834398
0.00059922975515
0.00061338666186
0.00062753862779
0.00064168521616
0.00065582598973
0.00066996051082
0.00068408834131
0.00069820904266
0.00071232217590
0.00072642730167
0.00074052398022
0.00075461177140
0.00076869023469
0.00078275892924
0.00079681741380
0.00081086524681
0.00082490198638
0.00083892719027
0.00085294041598
0.00086694122066
0.00088092916122
0.00089490379425
0.00090886467611
0.00092281136289
0.00093674341043
0.00095066037435
0.00096456181005
0.00097844727270
0.00099231631729
0.00100616849861
0.00102000337129
0.00103382048976
0.00104761940834
0.00106139968117
0.00107516086227
0.00108890250555
0.00110262416480
0.00111632539370
0.00113000574587
0.00114366477484
0.00115730203408
0.00117091707699
0.00118450945697
0.00119807872734
0.00121162444146
0.00122514615262
0.00123864341418
0.00125211577947
0.00126556280188
0.00127898403482
0.00129237903177
0.00130574734626
0.00131908853192
0.00133240214243
0.00134568773162
0.00135894485340
0.00137217306181
0.00138537191103
0.00139854095539
0.00141167974939
0.00142478784769
0.00143786480514
0.00145091017679
0.00146392351789
0.00147690438394
0.00148985233063
0.00150276691395
0.00151564769010
0.00152849421559
0.00154130604719
0.00155408274197
0.00156682385732
0.00157952895095
0.00159219758089
0.00160482930554
0.00161742368362
0.00162998027427
0.00164249863699
0.00165497833167
0.00166741891861
0.00167981995856
0.00169218101268
0.00170450164258
0.00171678141034
0.00172901987850
0.00174121661010
0.00175337116868
0.00176548311827
0.00177755202346
0.00178957744934
0.00180155896158
0.00181349612641
0.00182538851061
0.00183723568159
0.00184903720734
0.00186079265646
0.00187250159819
0.00188416360241
0.00189577823967
0.00190734508115
0.00191886369875
0.00193033366504
0.00194175455332
0.00195312593759
0.00196444739260
0.00197571849383
0.00198693881754
0.00199810794075
0.00200922544127
0.00202029089772
0.00203130388953
0.00204226399695
0.00205317080108
0.00206402388387
0.00207482282813
0.00208556721757
0.00209625663677
0.00210689067125
0.00211746890741
0.00212799093263
0.00213845633520
0.00214886470439
0.00215921563046
0.00216950870462
0.00217974351911
0.00218991966718
0.00220003674312
0.00221009434225
0.00222009206094
0.00223002949665
0.00223990624792
0.00224972191436
0.00225947609673
0.00226916839689
0.00227879841785
0.00228836576377
0.00229787003998
0.00230731085296
0.00231668781043
0.00232600052128
0.00233524859564
0.00234443164487
0.00235354928157
0.00236260111961
0.00237158677413
0.00238050586156
0.00238935799963
0.00239814280741
0.00240685990526
0.00241550891492
0.00242408945946
0.00243260116333
0.00244104365238
0.00244941655384
0.00245771949637
0.00246595211003
0.00247411402634
0.00248220487827
0.00249022430026
0.00249817192822
0.00250604739958
0.00251385035323
0.00252158042964
0.00252923727078
0.00253682052018
0.00254432982293
0.00255176482569
0.00255912517674
0.00256641052592
0.00257362052474
0.00258075482629
0.00258781308533
0.00259479495830
0.00260170010327
0.00260852818003
0.00261527885006
0.00262195177654
0.00262854662439
0.00263506306027
0.00264150075261
0.00264785937157
0.00265413858912
0.00266033807903
0.00266645751686
0.00267249658000
0.00267845494767
0.00268433230095
0.00269012832279
0.00269584269798
0.00270147511324
0.00270702525717
0.00271249282030
0.00271787749508
0.00272317897590
0.00272839695913
0.00273353114308
0.00273858122806
0.00274354691637
0.00274842791233
0.00275322392228
0.00275793465459
0.00276255981968
0.00276709913003
0.00277155230022
0.00277591904690
0.00278019908881
0.00278439214683
0.00278849794396
0.00279251620534
0.00279644665827
0.00280028903220
0.00280404305878
0.00280770847185
0.00281128500745
0.00281477240386
0.00281817040155
0.00282147874329
0.00282469717406
0.00282782544114
0.00283086329408
0.00283381048474
0.00283666676727
0.00283943189815
0.00284210563621
0.00284468774261
0.00284717798086
0.00284957611686
0.00285188191890
0.00285409515764
0.00285621560618
0.00285824304002
0.00286017723710
0.00286201797781
0.00286376504500
0.00286541822398
0.00286697730256
0.00286844207102
0.00286981232218
0.00287108785135
0.00287226845639
0.00287335393769
0.00287434409820
0.00287523874346
0.00287603768154
0.00287674072315
0.00287734768157
0.00287785837271
0.00287827261510
0.00287859022991
0.00287881104096
0.00287893487472
0.00287896156035
0.00287889092969
0.00287872281725
0.00287845706028
0.00287809349874
0.00287763197529
0.00287707233536
0.00287641442713
0.00287565810153
0.00287480321227
0.00287384961584
0.00287279717152
0.00287164574140
0.00287039519040
0.00286904538625
0.00286759619953
0.00286604750365
0.00286439917490
0.00286265109243
0.00286080313827
0.00285885519734
0.00285680715747
0.00285465890938
0.00285241034672
0.00285006136610
0.00284761186702
0.00284506175198
0.00284241092641
0.00283965929871
0.00283680678029
0.00283385328553
0.00283079873180
0.00282764303950
0.00282438613204
0.00282102793587
0.00281756838047
0.00281400739836
0.00281034492512
0.00280658089942
0.00280271526298
0.00279874796060
0.00279467894019
0.00279050815277
0.00278623555245
0.00278186109646
0.00277738474518
0.00277280646212
0.00276812621391
0.00276334397037
0.00275845970447
0.00275347339235
0.00274838501331
0.00274319454988
0.00273790198774
0.00273250731582
0.00272701052621
0.00272141161427
0.00271571057855
0.00270990742085
0.00270400214621
0.00269799476293
0.00269188528255
0.00268567371988
0.00267936009302
0.00267294442331
0.00266642673542
0.00265980705729
0.00265308542016
0.00264626185859
0.00263933641044
0.00263230911689
0.00262518002247
0.00261794917500
0.00261061662570
0.00260318242907
0.00259564664303
0.00258800932879
0.00258027055099
0.00257243037759
0.00256448887996
0.00255644613282
0.00254830221432
0.00254005720597
0.00253171119270
0.00252326426281
0.00251471650806
0.00250606802359
0.00249731890797
0.00248846926320
0.00247951919469
0.00247046881131
0.00246131822536
0.00245206755258
0.00244271691217
0.00243326642676
0.00242371622247
0.00241406642885
0.00240431717894
0.00239446860924
0.00238452085971
0.00237447407382
0.00236432839848
0.00235408398413
0.00234374098467
0.00233329955749
0.00232275986348
0.00231212206704
0.00230138633605
0.00229055284192
0.00227962175954
0.00226859326734
0.00225746754722
0.00224624478465
0.00223492516856
0.00222350889144
0.00221199614930
0.00220038714164
0.00218868207153
0.00217688114554
0.00216498457378
0.00215299256988
0.00214090535103
0.00212872313792
0.00211644615480
0.00210407462945
0.00209160879318
0.00207904888085
0.00206639513086
0.00205364778515
0.00204080708918
0.00202787329199
0.00201484664613
0.00200172740770
0.00198851583636
0.00197521219530
0.00196181675125
0.00194832977447
0.00193475153880
0.00192108232159
0.00190732240373
0.00189347206968
0.00187953160740
0.00186550130843
0.00185138146781
0.00183717238415
0.00182287435957
0.00180848769973
0.00179401271384
0.00177944971461
0.00176479901831
0.00175006094472
0.00173523581715
0.00172032396243
0.00170532571091
0.00169024139648
0.00167507135651
0.00165981593191
0.00164447546709
0.00162905030997
0.00161354081198
0.00159794732805
0.00158227021659
0.00156650983955
0.00155066656231
0.00153474075380
0.00151873278639
0.00150264303595
0.00148647188182
0.00147021970683
0.00145388689724
0.00143747384281
0.00142098093674
0.00140440857570
0.00138775715980
0.00137102709259
0.00135421878106
0.00133733263565
0.00132036907021
0.00130332850203
0.00128621135181
0.00126901804366
0.00125174900511
0.00123440466708
0.00121698546388
0.00119949183321
0.00118192421618
0.00116428305723
0.00114656880421
0.00112878190831
0.00111092282408
0.00109299200941
0.00107498992555
0.00105691703708
0.00103877381190
0.00102056072122
0.00100227823958
0.00098392684481
0.00096550701806
0.00094701924373
0.00092846400953
0.00090984180643
0.00089115312866
0.00087239847370
0.00085357834230
0.00083469323842
0.00081574366925
0.00079673014521
0.00077765317994
0.00075851329024
0.00073931099613
0.00072004682081
0.00070072129064
0.00068133493515
0.00066188828701
0.00064238188204
0.00062281625918
0.00060319196051
0.00058350953119
0.00056376951949
0.00054397247679
0.00052411895750
0.00050420951914
0.00048424472225
0.00046422513044
0.00044415131033
0.00042402383156
0.00040384326680
0.00038361019168
0.00036332518483
0.00034298882787
0.00032260170535
0.00030216440477
0.00028167751658
0.00026114163413
0.00024055735369
0.00021992527442
0.00019924599836
0.00017852013043
0.00015774827839
0.00013693105284
0.00011606906722
0.00009516293777
0.00007421328354
0.00005322072635
0.00003218589080
0.00001110940426
-0.00001000810318
-0.00003116599869
-0.00005236364674
-0.00007360040908
-0.00009487564481
-0.00011618871033
-0.00013753895941
-0.00015892574318
-0.00018034841014
-0.00020180630619
-0.00022329877464
-0.00024482515624
-0.00026638478916
-0.00028797700905
-0.00030960114903
-0.00033125653969
-0.00035294250916
-0.00037465838308
-0.00039640348464
-0.00041817713457
-0.00043997865121
-0.00046180735047
-0.00048366254588
-0.00050554354859
-0.00052744966740
-0.00054938020878
-0.00057133447688
-0.00059331177355
-0.00061531139837
-0.00063733264862
-0.00065937481939
-0.00068143720350
-0.00070351909157
-0.00072561977206
-0.00074773853122
-0.00076987465319
-0.00079202741994
-0.00081419611135
-0.00083638000522
-0.00085857837725
-0.00088079050110
-0.00090301564839
-0.00092525308874
-0.00094750208976
-0.00096976191711
-0.00099203183447
-0.00101431110361
-0.00103659898437
-0.00105889473472
-0.00108119761073
-0.00110350686666
-0.00112582175490
-0.00114814152607
-0.00117046542898
-0.00119279271068
-0.00121512261648
-0.00123745438998
-0.00125978727305
-0.00128212050592
-0.00130445332714
-0.00132678497362
-0.00134911468069
-0.00137144168205
-0.00139376520988
-0.00141608449477
-0.00143839876582
-0.00146070725062
-0.00148300917528
-0.00150530376446
-0.00152759024140
-0.00154986782793
-0.00157213574448
-0.00159439321013
-0.00161663944265
-0.00163887365845
-0.00166109507269
-0.00168330289924
-0.00170549635075
-0.00172767463864
-0.00174983697313
-0.00177198256330
-0.00179411061705
-0.00181622034119
-0.00183831094142
-0.00186038162237
-0.00188243158763
-0.00190446003976
-0.00192646618035
-0.00194844920998
-0.00197040832832
-0.00199234273410
-0.00201425162516
-0.00203613419848
-0.00205798965018
-0.00207981717558
-0.00210161596919
-0.00212338522476
-0.00214512413531
-0.00216683189314
-0.00218850768986
-0.00221015071641
-0.00223176016311
-0.00225333521967
-0.00227487507519
-0.00229637891826
-0.00231784593690
-0.00233927531866
-0.00236066625057
-0.00238201791927
-0.00240332951093
-0.00242460021135
-0.00244582920595
-0.00246701567982
-0.00248815881774
-0.00250925780418
-0.00253031182338
-0.00255132005934
-0.00257228169585
-0.00259319591654
-0.00261406190488
-0.00263487884423
-0.00265564591786
-0.00267636230895
-0.00269702720069
-0.00271763977623
-0.00273819921875
-0.00275870471149
-0.00277915543774
-0.00279955058094
-0.00281988932463
-0.00284017085252
-0.00286039434853
-0.00288055899678
-0.00290066398165
-0.00292070848780
-0.00294069170020
-0.00296061280415
-0.00298047098531
-0.00300026542976
-0.00301999532398
-0.00303965985491
-0.00305925820998
-0.00307878957712
-0.00309825314481
-0.00311764810211
-0.00313697363865
-0.00315622894472
-0.00317541321125
-0.00319452562989
-0.00321356539296
-0.00323253169358
-0.00325142372560
-0.00327024068373
-0.00328898176347
-0.00330764616122
-0.00332623307427
-0.00334474170083
-0.00336317124008
-0.00338152089217
-0.00339978985830
-0.00341797734069
-0.00343608254266
-0.00345410466861
-0.00347204292412
-0.00348989651591
-0.00350766465190
-0.00352534654126
-0.00354294139441
-0.00356044842307
-0.00357786684026
-0.00359519586037
-0.00361243469919
-0.00362958257388
-0.00364663870308
-0.00366360230690
-0.00368047260694
-0.00369724882636
-0.00371393018986
-0.00373051592375
-0.00374700525598
-0.00376339741615
-0.00377969163554
-0.00379588714716
-0.00381198318578
-0.00382797898794
-0.00384387379200
-0.00385966683816
-0.00387535736850
-0.00389094462699
-0.00390642785956
-0.00392180631410
-0.00393707924048
-0.00395224589063
-0.00396730551851
-0.00398225738019
-0.00399710073387
-0.00401183483988
-0.00402645896074
-0.00404097236119
-0.00405537430822
-0.00406966407108
-0.00408384092134
-0.00409790413292
-0.00411185298208
-0.00412568674749
-0.00413940471026
-0.00415300615396
-0.00416649036465
-0.00417985663089
-0.00419310424384
-0.00420623249721
-0.00421924068732
-0.00423212811317
-0.00424489407641
-0.00425753788140
-0.00427005883524
-0.00428245624781
-0.00429472943178
-0.00430687770263
-0.00431890037875
-0.00433079678136
-0.00434256623465
-0.00435420806574
-0.00436572160473
-0.00437710618475
-0.00438836114195
-0.00439948581557
-0.00441047954795
-0.00442134168456
-0.00443207157403
-0.00444266856820
-0.00445313202213
-0.00446346129411
-0.00447365574574
-0.00448371474194
-0.00449363765095
-0.00450342384440
-0.00451307269733
-0.00452258358819
-0.00453195589891
-0.00454118901492
-0.00455028232517
-0.00455923522214
-0.00456804710192
-0.00457671736421
-0.00458524541232
-0.00459363065328
-0.00460187249777
-0.00460997036023
-0.00461792365885
-0.00462573181560
-0.00463339425628
-0.00464091041053
-0.00464827971186
-0.00465550159767
-0.00466257550933
-0.00466950089213
-0.00467627719536
-0.00468290387235
-0.00468938038045
-0.00469570618109
-0.00470188073981
-0.00470790352627
-0.00471377401430
-0.00471949168191
-0.00472505601132
-0.00473046648901
-0.00473572260571
-0.00474082385646
-0.00474576974062
-0.00475055976192
-0.00475519342844
-0.00475967025269
-0.00476398975161
-0.00476815144661
-0.00477215486358
-0.00477599953292
-0.00477968498959
-0.00478321077312
-0.00478657642761
-0.00478978150181
-0.00479282554912
-0.00479570812759
-0.00479842880001
-0.00480098713386
-0.00480338270141
-0.00480561507967
-0.00480768385050
-0.00480958860056
-0.00481132892138
-0.00481290440937
-0.00481431466584
-0.00481555929705
-0.00481663791421
-0.00481755013352
-0.00481829557616
-0.00481887386838
-0.00481928464147
-0.00481952753180
-0.00481960218084
-0.00481950823522
-0.00481924534669
-0.00481881317220
-0.00481821137389
-0.00481743961914
-0.00481649758056
-0.00481538493604
-0.00481410136879
-0.00481264656731
-0.00481102022544
-0.00480922204242
-0.00480725172284
-0.00480510897672
-0.00480279351951
-0.00480030507212
-0.00479764336092
-0.00479480811781
-0.00479179908017
-0.00478861599097
-0.00478525859871
-0.00478172665749
-0.00477801992701
-0.00477413817262
-0.00477008116528
-0.00476584868166
-0.00476144050409
-0.00475685642064
-0.00475209622509
-0.00474715971698
-0.00474204670161
-0.00473675699011
-0.00473129039936
-0.00472564675213
-0.00471982587700
-0.00471382760844
-0.00470765178681
-0.00470129825835
-0.00469476687526
-0.00468805749566
-0.00468116998365
-0.00467410420929
-0.00466686004867
-0.00465943738386
-0.00465183610299
-0.00464405610023
-0.00463609727583
-0.00462795953610
-0.00461964279349
-0.00461114696653
-0.00460247197992
-0.00459361776449
-0.00458458425726
-0.00457537140139
-0.00456597914630
-0.00455640744758
-0.00454665626708
-0.00453672557286
-0.00452661533929
-0.00451632554697
-0.00450585618282
-0.00449520724005
-0.00448437871821
-0.00447337062315
-0.00446218296710
-0.00445081576863
-0.00443926905269
-0.00442754285062
-0.00441563720016
-0.00440355214545
-0.00439128773709
-0.00437884403207
-0.00436622109388
-0.00435341899244
-0.00434043780414
-0.00432727761189
-0.00431393850506
-0.00430042057956
-0.00428672393779
-0.00427284868871
-0.00425879494778
-0.00424456283706
-0.00423015248514
-0.00421556402718
-0.00420079760494
-0.00418585336674
-0.00417073146754
-0.00415543206887
-0.00413995533890
-0.00412430145241
-0.00410847059083
-0.00409246294222
-0.00407627870129
-0.00405991806942
-0.00404338125465
-0.00402666847167
-0.00400977994188
-0.00399271589336
-0.00397547656086
-0.00395806218586
-0.00394047301652
-0.00392270930773
-0.00390477132108
-0.00388665932488
-0.00386837359419
-0.00384991441079
-0.00383128206318
-0.00381247684662
-0.00379349906310
-0.00377434902139
-0.00375502703697
-0.00373553343211
-0.00371586853582
-0.00369603268389
-0.00367602621885
-0.00365584949001
-0.00363550285347
-0.00361498667208
-0.00359430131545
-0.00357344716001
-0.00355242458892
-0.00353123399215
-0.00350987576643
-0.00348835031528
-0.00346665804899
-0.00344479938465
-0.00342277474610
-0.00340058456398
-0.00337822927570
-0.00335570932546
-0.00333302516422
-0.00331017724972
-0.00328716604647
-0.00326399202577
-0.00324065566566
-0.00321715745097
-0.00319349787329
-0.00316967743096
-0.00314569662910
-0.00312155597955
-0.00309725600093
-0.00307279721860
-0.00304818016466
-0.00302340537795
-0.00299847340405
-0.00297338479524
-0.00294814011057
-0.00292273991577
-0.00289718478329
-0.00287147529231
-0.00284561202867
-0.00281959558494
-0.00279342656036
-0.00276710556084
-0.00274063319899
-0.00271401009406
-0.00268723687197
-0.00266031416528
-0.00263324261319
-0.00260602286155
-0.00257865556281
-0.00255114137604
-0.00252348096694
-0.00249567500776
-0.00246772417737
-0.00243962916121
-0.00241139065127
-0.00238300934610
-0.00235448595080
-0.00232582117699
-0.00229701574282
-0.00226807037295
-0.00223898579853
-0.00220976275719
-0.00218040199303
-0.00215090425663
-0.00212127030499
-0.00209150090156
-0.00206159681620
-0.00203155882518
-0.00200138771115
-0.00197108426314
-0.00194064927655
-0.00191008355312
-0.00187938790093
-0.00184856313436
-0.00181761007411
-0.00178652954713
-0.00175532238669
-0.00172398943226
-0.00169253152957
-0.00166094953058
-0.00162924429342
-0.00159741668242
-0.00156546756808
-0.00153339782703
-0.00150120834205
-0.00146890000200
-0.00143647370185
-0.00140393034265
-0.00137127083149
-0.00133849608149
-0.00130560701178
-0.00127260454750
-0.00123948961974
-0.00120626316555
-0.00117292612793
-0.00113947945575
-0.00110592410379
-0.00107226103270
-0.00103849120895
-0.00100461560486
-0.00097063519854
-0.00093655097385
-0.00090236392043
-0.00086807503364
-0.00083368531455
-0.00079919576990
-0.00076460741211
-0.00072992125919
-0.00069513833481
-0.00066025966819
-0.00062528629410
-0.00059021925288
-0.00055505959035
-0.00051980835781
-0.00048446661202
-0.00044903541517
-0.00041351583485
-0.00037790894402
-0.00034221582099
-0.00030643754940
-0.00027057521815
-0.00023462992144
-0.00019860275869
-0.00016249483453
-0.00012630725875
-0.00009004114631
-0.00005369761729
-0.00001727779684
0.00001921718480
0.00005578619239
0.00009242808567
0.00012914171941
0.00016592594346
0.00020277960275
0.00023970153733
0.00027669058241
0.00031374556838
0.00035086532087
0.00038804866073
0.00042529440413
0.00046260136252
0.00049996834273
0.00053739414695
0.00057487757280
0.00061241741334
0.00065001245713
0.00068766148823
0.00072536328627
0.00076311662644
0.00080092027959
0.00083877301220
0.00087667358644
0.00091462076024
0.00095261328725
0.00099064991695
0.00102872939466
0.00106685046155
0.00110501185471
0.00114321230719
0.00118145054801
0.00121972530221
0.00125803529090
0.00129637923127
0.00133475583667
0.00137316381660
0.00141160187678
0.00145006871919
0.00148856304209
0.00152708354007
0.00156562890410
0.00160419782153
0.00164278897620
0.00168140104839
0.00172003271496
0.00175868264929
0.00179734952141
0.00183603199797
0.00187472874234
0.00191343841460
0.00195215967162
0.00199089116707
0.00202963155150
0.00206837947235
0.00210713357400
0.00214589249782
0.00218465488222
0.00222341936265
0.00226218457171
0.00230094913913
0.00233971169187
0.00237847085412
0.00241722524735
0.00245597349038
0.00249471419941
0.00253344598805
0.00257216746737
0.00261087724599
0.00264957393005
0.00268825612331
0.00272692242717
0.00276557144073
0.00280420176082
0.00284281198209
0.00288140069697
0.00291996649581
0.00295850796686
0.00299702369636
0.00303551226856
0.00307397226577
0.00311240226843
0.00315080085512
0.00318916660263
0.00322749808604
0.00326579387869
0.00330405255228
0.00334227267694
0.00338045282122
0.00341859155217
0.00345668743539
0.00349473903508
0.00353274491408
0.00357070363391
0.00360861375485
0.00364647383597
0.00368428243517
0.00372203810925
0.00375973941395
0.00379738490399
0.00383497313314
0.00387250265428
0.00390997201939
0.00394737977967
0.00398472448557
0.00402200468682
0.00405921893249
0.00409636577107
0.00413344375047
0.00417045141811
0.00420738732097
0.00424425000563
0.00428103801830
0.00431774990493
0.00435438421120
0.00439093948263
0.00442741426456
0.00446380710229
0.00450011654106
0.00453634112612
0.00457247940284
0.00460852991665
0.00464449121322
0.00468036183840
0.00471614033836
0.00475182525959
0.00478741514898
0.00482290855384
0.00485830402202
0.00489360010189
0.00492879534242
0.00496388829326
0.00499887750477
0.00503376152806
0.00506853891508
0.00510320821863
0.00513776799247
0.00517221679131
0.00520655317092
0.00524077568816
0.00527488290103
0.00530887336873
0.00534274565172
0.00537649831175
0.00541012991198
0.00544363901695
0.00547702419267
0.00551028400672
0.00554341702823
0.00557642182798
0.00560929697844
0.00564204105384
0.00567465263020
0.00570713028542
0.00573947259930
0.00577167815360
0.00580374553214
0.00583567332079
0.00586746010757
0.00589910448270
0.00593060503864
0.00596196037014
0.00599316907432
0.00602422975074
0.00605514100138
0.00608590143079
0.00611650964608
0.00614696425700
0.00617726387600
0.00620740711826
0.00623739260179
0.00626721894745
0.00629688477900
0.00632638872320
0.00635572940982
0.00638490547171
0.00641391554487
0.00644275826849
0.00647143228502
0.00649993624019
0.00652826878312
0.00655642856634
0.00658441424584
0.00661222448117
0.00663985793542
0.00666731327536
0.00669458917143
0.00672168429786
0.00674859733263
0.00677532695763
0.00680187185866
0.00682823072548
0.00685440225188
0.00688038513575
0.00690617807911
0.00693177978818
0.00695718897343
0.00698240434964
0.00700742463594
0.00703224855589
0.00705687483752
0.00708130221338
0.00710552942061
0.00712955520098
0.00715337830097
0.00717699747177
0.00720041146942
0.00722361905477
0.00724661899361
0.00726941005670
0.00729199101980
0.00731436066375
0.00733651777453
0.00735846114329
0.00738018956643
0.00740170184563
0.00742299678793
0.00744407320575
0.00746492991699
0.00748556574502
0.00750597951882
0.00752617007294
0.00754613624761
0.00756587688881
0.00758539084826
0.00760467698352
0.00762373415803
0.00764256124117
0.00766115710829
0.00767952064081
0.00769765072621
0.00771554625813
0.00773320613641
0.00775062926713
0.00776781456269
0.00778476094180
0.00780146732963
0.00781793265778
0.00783415586434
0.00785013589400
0.00786587169804
0.00788136223439
0.00789660646772
0.00791160336945
0.00792635191781
0.00794085109792
0.00795509990178
0.00796909732839
0.00798284238375
0.00799633408092
0.00800957144011
0.00802255348864
0.00803527926111
0.00804774779933
0.00805995815246
0.00807190937701
0.00808360053690
0.00809503070352
0.00810619895575
0.00811710438006
0.00812774607049
0.00813812312875
0.00814823466426
0.00815807979417
0.00816765764344
0.00817696734488
0.00818600803916
0.00819477887492
0.00820327900877
0.00821150760534
0.00821946383735
0.00822714688565
0.00823455593923
0.00824169019532
0.00824854885940
0.00825513114525
0.00826143627500
0.00826746347918
0.00827321199674
0.00827868107514
0.00828386997035
0.00828877794691
0.00829340427797
0.00829774824534
0.00830180913955
0.00830558625984
0.00830907891426
0.00831228641967
0.00831520810182
0.00831784329536
0.00832019134389
0.00832225160001
0.00832402342536
0.00832550619065
0.00832669927573
0.00832760206957
0.00832821397036
0.00832853438554
0.00832856273181
0.00832829843520
0.00832774093107
0.00832688966422
0.00832574408884
0.00832430366862
0.00832256787675
0.00832053619598
0.00831820811861
0.00831558314662
0.00831266079159
0.00830944057485
0.00830592202741
0.00830210469010
0.00829798811352
0.00829357185812
0.00828885549422
0.00828383860207
0.00827852077184
0.00827290160370
0.00826698070781
0.00826075770440
0.00825423222376
0.00824740390631
0.00824027240261
0.00823283737339
0.00822509848961
0.00821705543246
0.00820870789340
0.00820005557420
0.00819109818697
0.00818183545418
0.00817226710871
0.00816239289386
0.00815221256338
0.00814172588151
0.00813093262300
0.00811983257317
0.00810842552789
0.00809671129361
0.00808468968746
0.00807236053717
0.00805972368120
0.00804677896868
0.00803352625950
0.00801996542430
0.00800609634451
0.00799191891237
0.00797743303095
0.00796263861420
0.00794753558693
0.00793212388489
0.00791640345473
0.00790037425408
0.00788403625154
0.00786738942672
0.00785043377022
0.00783316928374
0.00781559598000
0.00779771388282
0.00777952302714
0.00776102345902
0.00774221523567
0.00772309842546
0.00770367310795
0.00768393937391
0.00766389732533
0.00764354707545
0.00762288874875
0.00760192248101
0.00758064841929
0.00755906672197
0.00753717755874
0.00751498111064
0.00749247757008
0.00746966714081
0.00744655003801
0.00742312648823
0.00739939672945
0.00737536101105
0.00735101959390
0.00732637275027
0.00730142076395
0.00727616393016
0.00725060255563
0.00722473695860
0.00719856746880
0.00717209442750
0.00714531818749
0.00711823911310
0.00709085758020
0.00706317397625
0.00703518870025
0.00700690216277
0.00697831478597
0.00694942700360
0.00692023926101
0.00689075201514
0.00686096573454
0.00683088089936
0.00680049800139
0.00676981754403
0.00673884004230
0.00670756602286
0.00667599602398
0.00664413059559
0.00661197029924
0.00657951570814
0.00654676740712
0.00651372599265
0.00648039207286
0.00644676626751
0.00641284920800
0.00637864153739
0.00634414391037
0.00630935699325
0.00627428146401
0.00623891801225
0.00620326733919
0.00616733015770
0.00613110719228
0.00609459917902
0.00605780686566
0.00602073101153
0.00598337238758
0.00594573177635
0.00590780997199
0.00586960778023
0.00583112601836
0.00579236551529
0.00575332711146
0.00571401165887
0.00567442002109
0.00563455307319
0.00559441170182
0.00555399680510
0.00551330929269
0.00547235008573
0.00543112011687
0.00538962033021
0.00534785168131
0.00530581513720
0.00526351167633
0.00522094228857
0.00517810797521
0.00513500974892
0.00509164863376
0.00504802566514
0.00500414188983
0.00495999836592
0.00491559616281
0.00487093636120
0.00482602005309
0.00478084834170
0.00473542234152
0.00468974317825
0.00464381198880
0.00459762992126
0.00455119813489
0.00450451780007
0.00445759009833
0.00441041622227
0.00436299737559
0.00431533477303
0.00426742964035
0.00421928321436
0.00417089674280
0.00412227148440
0.00407340870883
0.00402430969664
0.00397497573928
0.00392540813906
0.00387560820911
0.00382557727337
0.00377531666655
0.00372482773412
0.00367411183225
0.00362317032781
0.00357200459832
0.00352061603195
0.00346900602746
0.00341717599418
0.00336512735197
0.00331286153122
0.00326037997276
0.00320768412790
0.00315477545833
0.00310165543615
0.00304832554375
0.00299478727389
0.00294104212955
0.00288709162399
0.00283293728065
0.00277858063314
0.00272402322520
0.00266926661067
0.00261431235344
0.00255916202743
0.00250381721653
0.00244827951456
0.00239255052528
0.00233663186228
0.00228052514897
0.00222423201858
0.00216775411405
0.00211109308803
0.00205425060282
0.00199722833037
0.00194002795216
0.00188265115923
0.00182509965212
0.00176737514077
0.00170947934457
0.00165141399223
0.00159318082179
0.00153478158055
0.00147621802503
0.00141749192092
0.00135860504304
0.00129955917529
0.00124035611059
0.00118099765087
0.00112148560696
0.00106182179860
0.00100200805437
0.00094204621162
0.00088193811644
0.00082168562362
0.00076129059657
0.00070075490731
0.00064008043635
0.00057926907272
0.00051832271386
0.00045724326558
0.00039603264203
0.00033469276562
0.00027322556695
0.00021163298482
0.00014991696611
0.00008807946575
0.00002612244667
-0.00003595212028
-0.00009814225635
-0.00016044597497
-0.00022286128181
-0.00028538617483
-0.00034801864434
-0.00041075667306
-0.00047359823617
-0.00053654130138
-0.00059958382900
-0.00066272377197
-0.00072595907593
-0.00078928767931
-0.00085270751335
-0.00091621650219
-0.00097981256291
-0.00104349360562
-0.00110725753350
-0.00117110224286
-0.00123502562323
-0.00129902555741
-0.00136309992150
-0.00142724658503
-0.00149146341098
-0.00155574825584
-0.00162009896971
-0.00168451339634
-0.00174898937320
-0.00181352473156
-0.00187811729655
-0.00194276488719
-0.00200746531653
-0.00207221639168
-0.00213701591384
-0.00220186167844
-0.00226675147518
-0.00233168308807
-0.00239665429553
-0.00246166287048
-0.00252670658035
-0.00259178318722
-0.00265689044782
-0.00272202611367
-0.00278718793111
-0.00285237364136
-0.00291758098065
-0.00298280768023
-0.00304805146649
-0.00311331006099
-0.00317858118056
-0.00324386253740
-0.00330915183908
-0.00337444678868
-0.00343974508486
-0.00350504442188
-0.00357034248975
-0.00363563697424
-0.00370092555700
-0.00376620591563
-0.00383147572372
-0.00389673265099
-0.00396197436330
-0.00402719852277
-0.00409240278786
-0.00415758481341
-0.00422274225076
-0.00428787274780
-0.00435297394907
-0.00441804349583
-0.00448307902611
-0.00454807817486
-0.00461303857395
-0.00467795785230
-0.00474283363596
-0.00480766354816
-0.00487244520942
-0.00493717623760
-0.00500185424802
-0.00506647685352
-0.00513104166454
-0.00519554628920
-0.00525998833340
-0.00532436540087
-0.00538867509330
-0.00545291501036
-0.00551708274986
-0.00558117590777
-0.00564519207832
-0.00570912885409
-0.00577298382611
-0.00583675458392
-0.00590043871564
-0.00596403380811
-0.00602753744691
-0.00609094721651
-0.00615426070028
-0.00621747548066
-0.00628058913916
-0.00634359925651
-0.00640650341273
-0.00646929918718
-0.00653198415872
-0.00659455590571
-0.00665701200615
-0.00671935003778
-0.00678156757810
-0.00684366220454
-0.00690563149449
-0.00696747302539
-0.00702918437485
-0.00709076312071
-0.00715220684115
-0.00721351311475
-0.00727467952059
-0.00733570363837
-0.00739658304843
-0.00745731533192
-0.00751789807080
-0.00757832884803
-0.00763860524756
-0.00769872485448
-0.00775868525510
-0.00781848403702
-0.00787811878925
-0.00793758710226
-0.00799688656810
-0.00805601478049
-0.00811496933488
-0.00817374782857
-0.00823234786081
-0.00829076703284
-0.00834900294802
-0.00840705321192
-0.00846491543239
-0.00852258721968
-0.00858006618648
-0.00863734994808
-0.00869443612239
-0.00875132233009
-0.00880800619468
-0.00886448534258
-0.00892075740325
-0.00897682000925
-0.00903267079631
-0.00908830740348
-0.00914372747318
-0.00919892865132
-0.00925390858733
-0.00930866493433
-0.00936319534918
-0.00941749749257
-0.00947156902911
-0.00952540762744
-0.00957901096032
-0.00963237670468
-0.00968550254176
-0.00973838615720
-0.00979102524109
-0.00984341748810
-0.00989556059755
-0.00994745227352
-0.00999909022492
-0.01005047216559
-0.01010159581440
-0.01015245889533
-0.01020305913758
-0.01025339427561
-0.01030346204931
-0.01035326020403
-0.01040278649067
-0.01045203866583
-0.01050101449183
-0.01054971173685
-0.01059812817499
-0.01064626158639
-0.01069410975729
-0.01074167048014
-0.01078894155370
-0.01083592078309
-0.01088260597994
-0.01092899496241
-0.01097508555536
-0.01102087559036
-0.01106636290584
-0.01111154534716
-0.01115642076668
-0.01120098702389
-0.01124524198547
-0.01128918352538
-0.01133280952497
-0.01137611787304
-0.01141910646597
-0.01146177320776
-0.01150411601016
-0.01154613279275
-0.01158782148300
-0.01162918001639
-0.01167020633651
-0.01171089839510
-0.01175125415217
-0.01179127157610
-0.01183094864370
-0.01187028334032
-0.01190927365991
-0.01194791760515
-0.01198621318749
-0.01202415842727
-0.01206175135381
-0.01209899000545
-0.01213587242971
-0.01217239668330
-0.01220856083228
-0.01224436295208
-0.01227980112763
-0.01231487345342
-0.01234957803361
-0.01238391298210
-0.01241787642261
-0.01245146648877
-0.01248468132421
-0.01251751908265
-0.01254997792797
-0.01258205603429
-0.01261375158607
-0.01264506277820
-0.01267598781604
-0.01270652491557
-0.01273667230340
-0.01276642821692
-0.01279579090433
-0.01282475862476
-0.01285332964832
-0.01288150225620
-0.01290927474076
-0.01293664540559
-0.01296361256560
-0.01299017454709
-0.01301632968787
-0.01304207633729
-0.01306741285633
-0.01309233761773
-0.01311684900599
-0.01314094541751
-0.01316462526063
-0.01318788695574
-0.01321072893534
-0.01323314964411
-0.01325514753902
-0.01327672108937
-0.01329786877687
-0.01331858909576
-0.01333888055282
-0.01335874166751
-0.01337817097200
-0.01339716701125
-0.01341572834313
-0.01343385353842
-0.01345154118095
-0.01346878986763
-0.01348559820857
-0.01350196482709
-0.01351788835985
-0.01353336745688
-0.01354840078169
-0.01356298701132
-0.01357712483640
-0.01359081296125
-0.01360405010393
-0.01361683499630
-0.01362916638414
-0.01364104302715
-0.01365246369907
-0.01366342718773
-0.01367393229513
-0.01368397783747
-0.01369356264528
-0.01370268556343
-0.01371134545122
-0.01371954118245
-0.01372727164548
-0.01373453574331
-0.01374133239360
-0.01374766052879
-0.01375351909614
-0.01375890705777
-0.01376382339078
-0.01376826708725
-0.01377223715435
-0.01377573261438
-0.01377875250482
-0.01378129587842
-0.01378336180326
-0.01378494936276
-0.01378605765582
-0.01378668579679
-0.01378683291561
-0.01378649815782
-0.01378568068462
-0.01378437967296
-0.01378259431555
-0.01378032382096
-0.01377756741366
-0.01377432433404
-0.01377059383853
-0.01376637519961
-0.01376166770587
-0.01375647066209
-0.01375078338924
-0.01374460522459
-0.01373793552173
-0.01373077365062
-0.01372311899766
-0.01371497096573
-0.01370632897422
-0.01369719245912
-0.01368756087303
-0.01367743368526
-0.01366681038179
-0.01365569046543
-0.01364407345576
-0.01363195888925
-0.01361934631928
-0.01360623531617
-0.01359262546725
-0.01357851637691
-0.01356390766659
-0.01354879897490
-0.01353318995760
-0.01351708028768
-0.01350046965536
-0.01348335776819
-0.01346574435105
-0.01344762914617
-0.01342901191324
-0.01340989242938
-0.01339027048920
-0.01337014590486
-0.01334951850607
-0.01332838814016
-0.01330675467208
-0.01328461798446
-0.01326197797767
-0.01323883456978
-0.01321518769667
-0.01319103731201
-0.01316638338732
-0.01314122591200
-0.01311556489334
-0.01308940035658
-0.01306273234492
-0.01303556091954
-0.01300788615968
-0.01297970816259
-0.01295102704363
-0.01292184293624
-0.01289215599202
-0.01286196638070
-0.01283127429021
-0.01280007992668
-0.01276838351448
-0.01273618529622
-0.01270348553279
-0.01267028450338
-0.01263658250551
-0.01260237985503
-0.01256767688614
-0.01253247395143
-0.01249677142190
-0.01246056968695
-0.01242386915443
-0.01238667025061
-0.01234897342026
-0.01231077912661
-0.01227208785141
-0.01223290009490
-0.01219321637586
-0.01215303723160
-0.01211236321799
-0.01207119490945
-0.01202953289898
-0.01198737779817
-0.01194473023719
-0.01190159086482
-0.01185796034846
-0.01181383937411
-0.01176922864642
-0.01172412888864
-0.01167854084269
-0.01163246526912
-0.01158590294713
-0.01153885467455
-0.01149132126791
-0.01144330356236
-0.01139480241171
-0.01134581868846
-0.01129635328373
-0.01124640710733
-0.01119598108773
-0.01114507617202
-0.01109369332599
-0.01104183353407
-0.01098949779931
-0.01093668714345
-0.01088340260683
-0.01082964524845
-0.01077541614592
-0.01072071639548
-0.01066554711198
-0.01060990942887
-0.01055380449821
-0.01049723349061
-0.01044019759530
-0.01038269802005
-0.01032473599116
-0.01026631275352
-0.01020742957050
-0.01014808772400
-0.01008828851442
-0.01002803326064
-0.00996732330000
-0.00990615998829
-0.00984454469974
-0.00978247882698
-0.00971996378104
-0.00965700099134
-0.00959359190564
-0.00952973799002
-0.00946544072891
-0.00940070162500
-0.00933552219925
-0.00926990399087
-0.00920384855730
-0.00913735747416
-0.00907043233523
-0.00900307475245
-0.00893528635587
-0.00886706879363
-0.00879842373190
-0.00872935285492
-0.00865985786490
-0.00858994048204
-0.00851960244445
-0.00844884550817
-0.00837767144709
-0.00830608205296
-0.00823407913532
-0.00816166452148
-0.00808884005650
-0.00801560760310
-0.00794196904171
-0.00786792627035
-0.00779348120462
-0.00771863577769
-0.00764339194022
-0.00756775166034
-0.00749171692360
-0.00741528973294
-0.00733847210862
-0.00726126608821
-0.00718367372655
-0.00710569709566
-0.00702733828473
-0.00694859940006
-0.00686948256505
-0.00678998992008
-0.00671012362252
-0.00662988584669
-0.00654927878375
-0.00646830464170
-0.00638696564532
-0.00630526403609
-0.00622320207220
-0.00614078202842
-0.00605800619611
-0.00597487688312
-0.00589139641377
-0.00580756712876
-0.00572339138516
-0.00563887155630
-0.00555401003175
-0.00546880921726
-0.00538327153466
-0.00529739942186
-0.00521119533274
-0.00512466173713
-0.00503780112070
-0.00495061598494
-0.00486310884709
-0.00477528224005
-0.00468713871235
-0.00459868082804
-0.00450991116669
-0.00442083232325
-0.00433144690804
-0.00424175754666
-0.00415176687991
-0.00406147756374
-0.00397089226918
-0.00388001368225
-0.00378884450389
-0.00369738744994
-0.00360564525100
-0.00351362065237
-0.00342131641402
-0.00332873531047
-0.00323588013074
-0.00314275367824
-0.00304935877076
-0.00295569824032
-0.00286177493313
-0.00276759170952
-0.00267315144382
-0.00257845702434
-0.00248351135324
-0.00238831734646
-0.00229287793366
-0.00219719605811
-0.00210127467663
-0.00200511675950
-0.00190872529036
-0.00181210326615
-0.00171525369701
-0.00161817960619
-0.00152088402999
-0.00142337001763
-0.00132564063121
-0.00122769894558
-0.00112954804829
-0.00103119103947
-0.00093263103173
-0.00083387115012
-0.00073491453200
-0.00063576432696
-0.00053642369670
-0.00043689581499
-0.00033718386754
-0.00023729105192
-0.00013722057743
-0.00003697566506
0.00006344045262
0.00016402453161
0.00026477331650
0.00036568354062
0.00046675192611
0.00056797518404
0.00066935001450
0.00077087310670
0.00087254113905
0.00097435077931
0.00107629868463
0.00117838150172
0.00128059586689
0.00138293840619
0.00148540573549
0.00158799446062
0.00169070117744
0.00179352247196
0.00189645492043
0.00199949508948
0.00210263953620
0.00220588480824
0.00230922744395
0.00241266397246
0.00251619091380
0.00261980477901
0.00272350207024
0.00282727928089
0.00293113289567
0.00303505939076
0.00313905523389
0.00324311688448
0.00334724079373
0.00345142340473
0.00355566115259
0.00365995046457
0.00376428776014
0.00386866945114
0.00397309194191
0.00407755162933
0.00418204490304
0.00428656814546
0.00439111773198
0.00449569003103
0.00460028140422
0.00470488820648
0.00480950678612
0.00491413348501
0.00501876463866
0.00512339657636
0.00522802562130
0.00533264809068
0.00543726029585
0.00554185854241
0.00564643913035
0.00575099835416
0.00585553250296
0.00596003786064
0.00606451070594
0.00616894731263
0.00627334394958
0.00637769688094
0.00648200236622
0.00658625666043
0.00669045601422
0.00679459667400
0.00689867488204
0.00700268687666
0.00710662889228
0.00721049715961
0.00731428790575
0.00741799735432
0.00752162172560
0.00762515723664
0.00772860010141
0.00783194653093
0.00793519273338
0.00803833491426
0.00814136927647
0.00824429202052
0.00834709934459
0.00844978744468
0.00855235251479
0.00865479074696
0.00875709833151
0.00885927145709
0.00896130631084
0.00906319907853
0.00916494594471
0.00926654309280
0.00936798670525
0.00946927296368
0.00957039804902
0.00967135814161
0.00977214942136
0.00987276806791
0.00997321026071
0.01007347217919
0.01017355000291
0.01027343991166
0.01037313808563
0.01047264070551
0.01057194395266
0.01067104400924
0.01076993705834
0.01086861928413
0.01096708687196
0.01106533600855
0.01116336288210
0.01126116368244
0.01135873460114
0.01145607183169
0.01155317156961
0.01165003001260
0.01174664336068
0.01184300781631
0.01193911958456
0.01203497487324
0.01213056989301
0.01222590085757
0.01232096398376
0.01241575549171
0.01251027160499
0.01260450855075
0.01269846255984
0.01279212986698
0.01288550671086
0.01297858933432
0.01307137398449
0.01316385691289
0.01325603437562
0.01334790263345
0.01343945795201
0.01353069660191
0.01362161485887
0.01371220900387
0.01380247532330
0.01389241010908
0.01398200965884
0.01407127027600
0.01416018826998
0.01424875995628
0.01433698165666
0.01442484969926
0.01451236041878
0.01459951015655
0.01468629526074
0.01477271208646
0.01485875699592
0.01494442635857
0.01502971655123
0.01511462395823
0.01519914497156
0.01528327599103
0.01536701342437
0.01545035368738
0.01553329320410
0.01561582840693
0.01569795573675
0.01577967164312
0.01586097258434
0.01594185502766
0.01602231544938
0.01610235033502
0.01618195617940
0.01626112948688
0.01633986677139
0.01641816455666
0.01649601937628
0.01657342777393
0.01665038630341
0.01672689152890
0.01680294002498
0.01687852837686
0.01695365318047
0.01702831104262
0.01710249858113
0.01717621242494
0.01724944921433
0.01732220560094
0.01739447824803
0.01746626383051
0.01753755903515
0.01760836056070
0.01767866511799
0.01774846943011
0.01781777023254
0.01788656427326
0.01795484831291
0.01802261912492
0.01808987349563
0.01815660822446
0.01822282012401
0.01828850602019
0.01835366275241
0.01841828717363
0.01848237615059
0.01854592656383
0.01860893530794
0.01867139929162
0.01873331543781
0.01879468068386
0.01885549198165
0.01891574629770
0.01897544061333
0.01903457192477
0.01909313724330
0.01915113359537
0.01920855802276
0.01926540758267
0.01932167934787
0.01937737040682
0.01943247786382
0.01948699883911
0.01954093046901
0.01959426990605
0.01964701431911
0.01969916089350
0.01975070683113
0.01980164935064
0.01985198568749
0.01990171309410
0.01995082883999
0.01999933021188
0.02004721451385
0.02009447906741
0.02014112121166
0.02018713830341
0.02023252771731
0.02027728684592
0.02032141309991
0.02036490390810
0.02040775671766
0.02044996899417
0.02049153822174
0.02053246190318
0.02057273756008
0.02061236273291
0.02065133498118
0.02068965188354
0.02072731103789
0.02076431006149
0.02080064659109
0.02083631828306
0.02087132281345
0.02090565787816
0.02093932119303
0.02097231049393
0.02100462353694
0.02103625809838
0.02106721197497
0.02109748298392
0.02112706896307
0.02115596777096
0.02118417728696
0.02121169541138
0.02123852006556
0.02126464919200
0.02129008075446
0.02131481273805
0.02133884314935
0.02136217001652
0.02138479138938
0.02140670533953
0.02142790996048
0.02144840336769
0.02146818369872
0.02148724911331
0.02150559779350
0.02152322794369
0.02154013779080
0.02155632558430
0.02157178959636
0.02158652812193
0.02160053947882
0.02161382200782
0.02162637407278
0.02163819406072
0.02164928038191
0.02165963146994
0.02166924578188
0.02167812179830
0.02168625802340
0.02169365298509
0.02170030523509
0.02170621334900
0.02171137592638
0.02171579159090
0.02171945899033
0.02172237679671
0.02172454370639
0.02172595844012
0.02172661974317
0.02172652638535
0.02172567716113
0.02172407088974
0.02172170641520
0.02171858260643
0.02171469835736
0.02171005258692
0.02170464423923
0.02169847228356
0.02169153571452
0.02168383355205
0.02167536484152
0.02166612865383
0.02165612408544
0.02164535025849
0.02163380632081
0.02162149144606
0.02160840483373
0.02159454570928
0.02157991332414
0.02156450695582
0.02154832590798
0.02153136951045
0.02151363711936
0.02149512811714
0.02147584191262
0.02145577794110
0.02143493566438
0.02141331457083
0.02139091417548
0.02136773402002
0.02134377367293
0.02131903272947
0.02129351081179
0.02126720756893
0.02124012267693
0.02121225583885
0.02118360678483
0.02115417527215
0.02112396108528
0.02109296403589
0.02106118396297
0.02102862073283
0.02099527423915
0.02096114440304
0.02092623117309
0.02089053452539
0.02085405446360
0.02081679101898
0.02077874425041
0.02073991424450
0.02070030111554
0.02065990500560
0.02061872608457
0.02057676455015
0.02053402062792
0.02049049457139
0.02044618666199
0.02040109720914
0.02035522655028
0.02030857505086
0.02026114310443
0.02021293113265
0.02016393958527
0.02011416894025
0.02006361970370
0.02001229240994
0.01996018762156
0.01990730592936
0.01985364795247
0.01979921433830
0.01974400576258
0.01968802292940
0.01963126657122
0.01957373744886
0.01951543635156
0.01945636409696
0.01939652153114
0.01933590952863
0.01927452899240
0.01921238085392
0.01914946607310
0.01908578563837
0.01902134056666
0.01895613190340
0.01889016072253
0.01882342812652
0.01875593524637
0.01868768324160
0.01861867330028
0.01854890663899
0.01847838450288
0.01840710816560
0.01833507892936
0.01826229812490
0.01818876711150
0.01811448727694
0.01803946003754
0.01796368683813
0.01788716915207
0.01780990848118
0.01773190635580
0.01765316433475
0.01757368400531
0.01749346698321
0.01741251491266
0.01733082946625
0.01724841234502
0.01716526527840
0.01708139002419
0.01699678836858
0.01691146212606
0.01682541313948
0.01673864327997
0.01665115444695
0.01656294856808
0.01647402759927
0.01638439352462
0.01629404835641
0.01620299413506
0.01611123292913
0.01601876683526
0.01592559797815
0.01583172851053
0.01573716061312
0.01564189649461
0.01554593839160
0.01544928856859
0.01535194931794
0.01525392295980
0.01515521184213
0.01505581834059
0.01495574485855
0.01485499382702
0.01475356770463
0.01465146897757
0.01454870015954
0.01444526379171
0.01434116244268
0.01423639870842
0.01413097521222
0.01402489460464
0.01391815956348
0.01381077279369
0.01370273702735
0.01359405502358
0.01348472956851
0.01337476347523
0.01326415958370
0.01315292076072
0.01304104989986
0.01292854992138
0.01281542377222
0.01270167442586
0.01258730488232
0.01247231816809
0.01235671733600
0.01224050546523
0.01212368566122
0.01200626105555
0.01188823480595
0.01176961009616
0.01165039013591
0.01153057816078
0.01141017743222
0.01128919123739
0.01116762288911
0.01104547572579
0.01092275311137
0.01079945843520
0.01067559511196
0.01055116658163
0.01042617630935
0.01030062778536
0.01017452452491
0.01004787006819
0.00992066798022
0.00979292185078
0.00966463529430
0.00953581194980
0.00940645548077
0.00927656957509
0.00914615794494
0.00901522432671
0.00888377248089
0.00875180619198
0.00861932926840
0.00848634554238
0.00835285886988
0.00821887313047
0.00808439222724
0.00794942008669
0.00781396065863
0.00767801791609
0.00754159585519
0.00740469849506
0.00726732987770
0.00712949406793
0.00699119515319
0.00685243724354
0.00671322447145
0.00657356099175
0.00643345098151
0.00629289863988
0.00615190818805
0.00601048386907
0.00586862994777
0.00572635071063
0.00558365046565
0.00544053354226
0.00529700429118
0.00515306708430
0.00500872631455
0.00486398639580
0.00471885176273
0.00457332687067
0.00442741619553
0.00428112423363
0.00413445550160
0.00398741453623
0.00384000589435
0.00369223415270
0.00354410390780
0.00339561977583
0.00324678639245
0.00309760841274
0.00294809051099
0.00279823738062
0.00264805373400
0.00249754430237
0.00234671383563
0.00219556710227
0.00204410888916
0.00189234400147
0.00174027726252
0.00158791351358
0.00143525761380
0.00128231444003
0.00112908888666
0.00097558586552
0.00082181030569
0.00066776715337
0.00051346137173
0.00035889794076
0.00020408185712
0.00004901813400
-0.00010628819906
-0.00026183209629
-0.00041760849586
-0.00057361232005
-0.00072983847537
-0.00088628185272
-0.00104293732760
-0.00119979976019
-0.00135686399556
-0.00151412486381
-0.00167157718024
-0.00182921574550
-0.00198703534575
-0.00214503075283
-0.00230319672443
-0.00246152800422
-0.00262001932206
-0.00277866539412
-0.00293746092309
-0.00309640059831
-0.00325547909596
-0.00341469107919
-0.00357403119836
-0.00373349409113
-0.00389307438269
-0.00405276668589
-0.00421256560144
-0.00437246571805
-0.00453246161265
-0.00469254785051
-0.00485271898544
-0.00501296956000
-0.00517329410558
-0.00533368714269
-0.00549414318104
-0.00565465671979
-0.00581522224768
-0.00597583424322
-0.00613648717488
-0.00629717550127
-0.00645789367131
-0.00661863612441
-0.00677939729066
-0.00694017159100
-0.00710095343743
-0.00726173723315
-0.00742251737279
-0.00758328824256
-0.00774404422046
-0.00790477967643
-0.00806548897259
-0.00822616646336
-0.00838680649572
-0.00854740340934
-0.00870795153680
-0.00886844520375
-0.00902887872913
-0.00918924642536
-0.00934954259850
-0.00950976154845
-0.00966989756919
-0.00982994494888
-0.00998989797015
-0.01014975091022
-0.01030949804113
-0.01046913362993
-0.01062865193884
-0.01078804722552
-0.01094731374318
-0.01110644574084
-0.01126543746347
-0.01142428315225
-0.01158297704471
-0.01174151337496
-0.01189988637388
-0.01205809026932
-0.01221611928628
-0.01237396764715
-0.01253162957185
-0.01268909927808
-0.01284637098152
-0.01300343889599
-0.01316029723369
-0.01331694020536
-0.01347336202054
-0.01362955688772
-0.01378551901456
-0.01394124260811
-0.01409672187498
-0.01425195102156
-0.01440692425423
-0.01456163577956
-0.01471607980450
-0.01487025053659
-0.01502414218420
-0.01517774895667
-0.01533106506456
-0.01548408471986
-0.01563680213616
-0.01578921152888
-0.01594130711549
-0.01609308311567
-0.01624453375158
-0.01639565324800
-0.01654643583258
-0.01669687573605
-0.01684696719240
-0.01699670443909
-0.01714608171730
-0.01729509327208
-0.01744373335259
-0.01759199621232
-0.01773987610926
-0.01788736730614
-0.01803446407063
-0.01818116067554
-0.01832745139905
-0.01847333052490
-0.01861879234260
-0.01876383114764
-0.01890844124172
-0.01905261693292
-0.01919635253597
-0.01933964237238
-0.01948248077071
-0.01962486206676
-0.01976678060380
-0.01990823073272
-0.02004920681232
-0.02018970320946
-0.02032971429930
-0.02046923446549
-0.02060825810041
-0.02074677960533
-0.02088479339069
-0.02102229387623
-0.02115927549126
-0.02129573267486
-0.02143165987607
-0.02156705155410
-0.02170190217856
-0.02183620622966
-0.02196995819842
-0.02210315258687
-0.02223578390827
-0.02236784668732
-0.02249933546036
-0.02263024477560
-0.02276056919331
-0.02289030328601
-0.02301944163873
-0.02314797884919
-0.02327590952798
-0.02340322829884
-0.02352992979878
-0.02365600867838
-0.02378145960191
-0.02390627724761
-0.02403045630785
-0.02415399148937
-0.02427687751344
-0.02439910911613
-0.02452068104848
-0.02464158807669
-0.02476182498236
-0.02488138656270
-0.02500026763069
-0.02511846301534
-0.02523596756184
-0.02535277613182
-0.02546888360353
-0.02558428487202
-0.02569897484938
-0.02581294846495
-0.02592620066547
-0.02603872641534
-0.02615052069680
-0.02626157851012
-0.02637189487383
-0.02648146482489
-0.02659028341893
-0.02669834573041
-0.02680564685285
-0.02691218189902
-0.02701794600113
-0.02712293431105
-0.02722714200049
-0.02733056426122
-0.02743319630525
-0.02753503336503
-0.02763607069365
-0.02773630356504
-0.02783572727416
-0.02793433713722
-0.02803212849183
-0.02812909669724
-0.02822523713450
-0.02832054520668
-0.02841501633905
-0.02850864597929
-0.02860142959766
-0.02869336268718
-0.02878444076388
-0.02887465936694
-0.02896401405889
-0.02905250042580
-0.02914011407749
-0.02922685064769
-0.02931270579426
-0.02939767519935
-0.02948175456958
-0.02956493963626
-0.02964722615556
-0.02972860990870
-0.02980908670211
-0.02988865236765
-0.02996730276277
-0.03004503377071
-0.03012184130065
-0.03019772128794
-0.03027266969424
-0.03034668250772
-0.03041975574323
-0.03049188544249
-0.03056306767426
-0.03063329853451
-0.03070257414662
-0.03077089066154
-0.03083824425797
-0.03090463114252
-0.03097004754990
-0.03103448974310
-0.03109795401355
-0.03116043668129
-0.03122193409514
-0.03128244263288
-0.03134195870143
-0.03140047873698
-0.03145799920519
-0.03151451660135
-0.03157002745055
-0.03162452830783
-0.03167801575836
-0.03173048641760
-0.03178193693146
-0.03183236397646
-0.03188176425990
-0.03193013452002
-0.03197747152615
-0.03202377207887
-0.03206903301019
-0.03211325118366
-0.03215642349459
-0.03219854687014
-0.03223961826953
-0.03227963468414
-0.03231859313773
-0.03235649068651
-0.03239332441936
-0.03242909145796
-0.03246378895690
-0.03249741410390
-0.03252996411988
-0.03256143625917
-0.03259182780962
-0.03262113609274
-0.03264935846388
-0.03267649231232
-0.03270253506146
-0.03272748416892
-0.03275133712673
-0.03277409146139
-0.03279574473410
-0.03281629454081
-0.03283573851242
-0.03285407431487
-0.03287129964932
-0.03288741225222
-0.03290240989549
-0.03291629038664
-0.03292905156889
-0.03294069132128
-0.03295120755885
-0.03296059823271
-0.03296886133019
-0.03297599487499
-0.03298199692722
-0.03298686558362
-0.03299059897761
-0.03299319527945
-0.03299465269633
-0.03299496947250
-0.03299414388938
-0.03299217426569
-0.03298905895754
-0.03298479635856
-0.03297938490000
-0.03297282305086
-0.03296510931795
-0.03295624224607
-0.03294622041804
-0.03293504245487
-0.03292270701583
-0.03290921279856
-0.03289455853915
-0.03287874301229
-0.03286176503132
-0.03284362344836
-0.03282431715439
-0.03280384507934
-0.03278220619223
-0.03275939950118
-0.03273542405358
-0.03271027893614
-0.03268396327501
-0.03265647623580
-0.03262781702377
-0.03259798488381
-0.03256697910062
-0.03253479899871
-0.03250144394255
-0.03246691333658
-0.03243120662537
-0.03239432329364
-0.03235626286633
-0.03231702490875
-0.03227660902654
-0.03223501486586
-0.03219224211337
-0.03214829049636
-0.03210315978277
-0.03205684978131
-0.03200936034147
-0.03196069135364
-0.03191084274913
-0.03185981450025
-0.03180760662038
-0.03175421916400
-0.03169965222679
-0.03164390594564
-0.03158698049874
-0.03152887610563
-0.03146959302723
-0.03140913156590
-0.03134749206553
-0.03128467491152
-0.03122068053087
-0.03115550939224
-0.03108916200592
-0.03102163892398
-0.03095294074022
-0.03088306809026
-0.03081202165156
-0.03073980214345
-0.03066641032721
-0.03059184700603
-0.03051611302511
-0.03043920927165
-0.03036113667493
-0.03028189620626
-0.03020148887908
-0.03011991574894
-0.03003717791357
-0.02995327651284
-0.02986821272884
-0.02978198778588
-0.02969460295049
-0.02960605953145
-0.02951635887983
-0.02942550238897
-0.02933349149449
-0.02924032767434
-0.02914601244878
-0.02905054738039
-0.02895393407408
-0.02885617417711
-0.02875726937907
-0.02865722141189
-0.02855603204986
-0.02845370310961
-0.02835023645009
-0.02824563397263
-0.02813989762086
-0.02803302938075
-0.02792503128060
-0.02781590539099
-0.02770565382484
-0.02759427873733
-0.02748178232592
-0.02736816683033
-0.02725343453252
-0.02713758775668
-0.02702062886919
-0.02690256027863
-0.02678338443572
-0.02666310383333
-0.02654172100643
-0.02641923853207
-0.02629565902937
-0.02617098515944
-0.02604521962541
-0.02591836517237
-0.02579042458730
-0.02566140069909
-0.02553129637848
-0.02540011453801
-0.02526785813198
-0.02513453015644
-0.02500013364908
-0.02486467168928
-0.02472814739796
-0.02459056393759
-0.02445192451216
-0.02431223236707
-0.02417149078910
-0.02402970310638
-0.02388687268831
-0.02374300294549
-0.02359809732970
-0.02345215933380
-0.02330519249170
-0.02315720037826
-0.02300818660926
-0.02285815484132
-0.02270710877182
-0.02255505213885
-0.02240198872112
-0.02224792233790
-0.02209285684895
-0.02193679615442
-0.02177974419479
-0.02162170495082
-0.02146268244339
-0.02130268073350
-0.02114170392215
-0.02097975615024
-0.02081684159853
-0.02065296448751
-0.02048812907731
-0.02032233966764
-0.02015560059768
-0.01998791624599
-0.01981929103040
-0.01964972940792
-0.01947923587467
-0.01930781496572
-0.01913547125506
-0.01896220935543
-0.01878803391827
-0.01861294963358
-0.01843696122980
-0.01826007347377
-0.01808229117054
-0.01790361916328
-0.01772406233322
-0.01754362559944
-0.01736231391886
-0.01718013228601
-0.01699708573302
-0.01681317932941
-0.01662841818202
-0.01644280743488
-0.01625635226905
-0.01606905790254
-0.01588092959014
-0.01569197262334
-0.01550219233015
-0.01531159407497
-0.01512018325851
-0.01492796531759
-0.01473494572503
-0.01454112998953
-0.01434652365549
-0.01415113230289
-0.01395496154717
-0.01375801703904
-0.01356030446436
-0.01336182954400
-0.01316259803368
-0.01296261572380
-0.01276188843933
-0.01256042203965
-0.01235822241834
-0.01215529550311
-0.01195164725558
-0.01174728367114
-0.01154221077880
-0.01133643464100
-0.01112996135351
-0.01092279704517
-0.01071494787783
-0.01050642004609
-0.01029721977720
-0.01008735333085
-0.00987682699902
-0.00966564710579
-0.00945382000720
-0.00924135209103
-0.00902824977664
-0.00881451951483
-0.00860016778760
-0.00838520110801
-0.00816962601998
-0.00795344909812
-0.00773667694754
-0.00751931620366
-0.00730137353203
-0.00708285562813
-0.00686376921721
-0.00664412105404
-0.00642391792279
-0.00620316663680
-0.00598187403836
-0.00576004699857
-0.00553769241710
-0.00531481722200
-0.00509142836953
-0.00486753284390
-0.00464313765712
-0.00441824984879
-0.00419287648585
-0.00396702466244
-0.00374070149964
-0.00351391414529
-0.00328666977377
-0.00305897558578
-0.00283083880814
-0.00260226669359
-0.00237326652055
-0.00214384559291
-0.00191401123981
-0.00168377081544
-0.00145313169882
-0.00122210129353
-0.00099068702757
-0.00075889635306
-0.00052673674608
-0.00029421570638
-0.00006134075721
0.00017188055493
0.00040544066052
0.00063933196726
0.00087354686028
0.00110807770237
0.00134291683425
0.00157805657475
0.00181348922109
0.00204920704910
0.00228520231345
0.00252146724790
0.00275799406553
0.00299477495900
0.00323180210075
0.00346906764331
0.00370656371947
0.00394428244257
0.00418221590674
0.00442035618712
0.00465869534017
0.00489722540384
0.00513593839787
0.00537482632402
0.00561388116636
0.00585309489145
0.00609245944868
0.00633196677044
0.00657160877245
0.00681137735395
0.00705126439803
0.00729126177182
0.00753136132679
0.00777155489899
0.00801183430933
0.00825219136382
0.00849261785386
0.00873310555646
0.00897364623458
0.00921423163729
0.00945485350014
0.00969550354537
0.00993617348217
0.01017685500699
0.01041753980379
0.01065821954429
0.01089888588827
0.01113953048384
0.01138014496769
0.01162072096538
0.01186125009163
0.01210172395056
0.01234213413599
0.01258247223171
0.01282272981175
0.01306289844068
0.01330296967387
0.01354293505776
0.01378278613019
0.01402251442060
0.01426211145039
0.01450156873315
0.01474087777499
0.01498003007476
0.01521901712438
0.01545783040915
0.01569646140794
0.01593490159359
0.01617314243313
0.01641117538805
0.01664899191465
0.01688658346430
0.01712394148371
0.01736105741524
0.01759792269719
0.01783452876409
0.01807086704698
0.01830692897372
0.01854270596926
0.01877818945595
0.01901337085384
0.01924824158095
0.01948279305359
0.01971701668662
0.01995090389379
0.02018444608800
0.02041763468162
0.02065046108676
0.02088291671559
0.02111499298064
0.02134668129507
0.02157797307301
0.02180885972981
0.02203933268238
0.02226938334947
0.02249900315196
0.02272818351319
0.02295691585925
0.02318519161924
0.02341300222565
0.02364033911458
0.02386719372610
0.02409355750452
0.02431942189870
0.02454477836237
0.02476961835440
0.02499393333912
0.02521771478665
0.02544095417315
0.02566364298116
0.02588577269990
0.02610733482555
0.02632832086160
0.02654872231911
0.02676853071703
0.02698773758251
0.02720633445121
0.02742431286760
0.02764166438523
0.02785838056709
0.02807445298591
0.02828987322441
0.02850463287567
0.02871872354338
0.02893213684222
0.02914486439808
0.02935689784841
0.02956822884255
0.02977884904196
0.02998875012062
0.03019792376526
0.03040636167570
0.03061405556516
0.03082099716053
0.03102717820273
0.03123259044698
0.03143722566309
0.03164107563582
0.03184413216513
0.03204638706652
0.03224783217131
0.03244845932698
0.03264826039743
0.03284722726332
0.03304535182237
0.03324262598963
0.03343904169785
0.03363459089771
0.03382926555817
0.03402305766677
0.03421595922992
0.03440796227321
0.03459905884172
0.03478924100030
0.03497850083389
0.03516683044783
0.03535422196815
0.03554066754186
0.03572615933727
0.03591068954430
0.03609425037474
0.03627683406260
0.03645843286437
0.03663903905934
0.03681864494990
0.03699724286183
0.03717482514460
0.03735138417167
0.03752691234079
0.03770140207431
0.03787484581943
0.03804723604855
0.03821856525955
0.03838882597605
0.03855801074777
0.03872611215077
0.03889312278777
0.03905903528842
0.03922384230963
0.03938753653584
0.03955011067929
0.03971155748037
0.03987186970784
0.04003104015919
0.04018906166086
0.04034592706860
0.04050162926770
0.04065616117330
0.04080951573068
0.04096168591557
0.04111266473436
0.04126244522449
0.04141102045462
0.04155838352503
0.04170452756781
0.04184944574719
0.04199313125982
0.04213557733503
0.04227677723511
0.04241672425564
0.04255541172568
0.04269283300814
0.04282898150000
0.04296385063259
0.04309743387190
0.04322972471880
0.04336071670939
0.04349040341519
0.04361877844347
0.04374583543750
0.04387156807682
0.04399597007752
0.04411903519249
0.04424075721171
0.04436112996252
0.04448014730983
0.04459780315648
0.04471409144342
0.04482900615002
0.04494254129430
0.04505469093324
0.04516544916297
0.04527481011911
0.04538276797696
0.04548931695181
0.04559445129913
0.04569816531492
0.04580045333587
0.04590130973967
0.04600072894526
0.04609870541304
0.04619523364516
0.04629030818578
0.04638392362125
0.04647607458044
0.04656675573494
0.04665596179929
0.04674368753127
0.04682992773211
0.04691467724674
0.04699793096401
0.04707968381698
0.04715993078311
0.04723866688449
0.04731588718814
0.04739158680616
0.04746576089602
0.04753840466078
0.04760951334931
0.04767908225651
0.04774710672358
0.04781358213819
0.04787850393475
0.04794186759460
0.04800366864627
0.04806390266567
0.04812256527632
0.04817965214957
0.04823515900482
0.04828908160972
0.04834141578041
0.04839215738172
0.04844130232737
0.04848884658019
0.04853478615236
0.04857911710555
0.04862183555120
0.04866293765066
0.04870241961543
0.04874027770737
0.04877650823888
0.04881110757308
0.04884407212407
0.04887539835706
0.04890508278860
0.04893312198677
0.04895951257135
0.04898425121406
0.04900733463868
0.04902875962129
0.04904852299043
0.04906662162731
0.04908305246595
0.04909781249339
0.04911089874989
0.04912230832904
0.04913203837802
0.04914008609769
0.04914644874284
0.04915112362232
0.04915410809919
0.04915539959094
0.04915499556964
0.04915289356206
0.04914909114989
0.04914358596988
0.04913637571401
0.04912745812960
0.04911683101954
0.04910449224240
0.04909043971259
0.04907467140050
0.04905718533269
0.04903797959198
0.04901705231765
0.04899440170555
0.04897002600826
0.04894392353522
0.04891609265287
0.04888653178481
0.04885523941190
0.04882221407240
0.04878745436215
0.04875095893462
0.04871272650112
0.04867275583087
0.04863104575114
0.04858759514738
0.04854240296335
0.04849546820120
0.04844678992165
0.04839636724405
0.04834419934651
0.04829028546602
0.04823462489857
0.04817721699923
0.04811806118228
0.04805715692130
0.04799450374929
0.04793010125873
0.04786394910175
0.04779604699015
0.04772639469556
0.04765499204947
0.04758183894339
0.04750693532887
0.04743028121765
0.04735187668170
0.04727172185333
0.04718981692525
0.04710616215068
0.04702075784338
0.04693360437778
0.04684470218902
0.04675405177302
0.04666165368659
0.04656750854742
0.04647161703424
0.04637397988681
0.04627459790601
0.04617347195390
0.04607060295379
0.04596599189026
0.04585963980924
0.04575154781808
0.04564171708554
0.04553014884190
0.04541684437898
0.04530180505016
0.04518503227047
0.04506652751659
0.04494629232690
0.04482432830153
0.04470063710237
0.04457522045310
0.04444808013926
0.04431921800822
0.04418863596924
0.04405633599348
0.04392232011405
0.04378659042596
0.04364914908623
0.04350999831382
0.04336914038969
0.04322657765680
0.04308231252012
0.04293634744661
0.04278868496527
0.04263932766711
0.04248827820516
0.04233553929446
0.04218111371206
0.04202500429703
0.04186721395041
0.04170774563524
0.04154660237654
0.04138378726127
0.04121930343832
0.04105315411854
0.04088534257463
0.04071587214120
0.04054474621469
0.04037196825337
0.04019754177728
0.04002147036824
0.03984375766979
0.03966440738715
0.03948342328719
0.03930080919839
0.03911656901078
0.03893070667593
0.03874322620686
0.03855413167803
0.03836342722526
0.03817111704568
0.03797720539769
0.03778169660088
0.03758459503599
0.03738590514485
0.03718563143027
0.03698377845603
0.03678035084678
0.03657535328799
0.03636879052583
0.03616066736717
0.03595098867942
0.03573975939050
0.03552698448877
0.03531266902288
0.03509681810177
0.03487943689449
0.03466053063021
0.03444010459803
0.03421816414694
0.03399471468571
0.03376976168281
0.03354331066625
0.03331536722355
0.03308593700158
0.03285502570648
0.03262263910353
0.03238878301706
0.03215346333031
0.03191668598534
0.03167845698288
0.03143878238224
0.03119766830116
0.03095512091570
0.03071114646012
0.03046575122672
0.03021894156573
0.02997072388518
0.02972110465076
0.02947009038566
0.02921768767045
0.02896390314296
0.02870874349806
0.02845221548760
0.02819432592022
0.02793508166117
0.02767448963222
0.02741255681146
0.02714929023314
0.02688469698755
0.02661878422079
0.02635155913470
0.02608302898659
0.02581320108917
0.02554208281028
0.02526968157280
0.02499600485444
0.02472106018758
0.02444485515903
0.02416739740996
0.02388869463560
0.02360875458514
0.02332758506150
0.02304519392114
0.02276158907390
0.02247677848277
0.02219077016371
0.02190357218547
0.02161519266934
0.02132563978902
0.02103492177033
0.02074304689109
0.02045002348085
0.02015585992070
0.01986056464307
0.01956414613150
0.01926661292042
0.01896797359496
0.01866823679068
0.01836741119341
0.01806550553896
0.01776252861296
0.01745848925057
0.01715339633628
0.01684725880370
0.01654008563526
0.01623188586205
0.01592266856353
0.01561244286730
0.01530121794888
0.01498900303142
0.01467580738551
0.01436164032888
0.01404651122621
0.01373042948879
0.01341340457436
0.01309544598679
0.01277656327586
0.01245676603695
0.01213606391085
0.01181446658344
0.01149198378545
0.01116862529217
0.01084440092320
0.01051932054220
0.01019339405655
0.00986663141715
0.00953904261810
0.00921063769642
0.00888142673179
0.00855141984627
0.00822062720397
0.00788905901083
0.00755672551429
0.00722363700301
0.00688980380658
0.00655523629521
0.00621994487949
0.00588394001001
0.00554723217713
0.00520983191065
0.00487174977952
0.00453299639152
0.00419358239296
0.00385351846840
0.00351281534028
0.00317148376867
0.00282953455094
0.00248697852143
0.00214382655115
0.00180008954744
0.00145577845370
0.00111090424899
0.00076547794780
0.00041951059967
0.00007301328884
-0.00027400286600
-0.00062152671211
-0.00096954706298
-0.00131805269870
-0.00166703236629
-0.00201647477999
-0.00236636862167
-0.00271670254110
-0.00306746515635
-0.00341864505406
-0.00377023078987
-0.00412221088869
-0.00447457384509
-0.00482730812362
-0.00518040215919
-0.00553384435740
-0.00588762309488
-0.00624172671969
-0.00659614355161
-0.00695086188256
-0.00730586997692
-0.00766115607190
-0.00801670837790
-0.00837251507886
-0.00872856433266
-0.00908484427144
-0.00944134300201
-0.00979804860618
-0.01015494914115
-0.01051203263987
-0.01086928711143
-0.01122670054140
-0.01158426089226
-0.01194195610370
-0.01229977409307
-0.01265770275571
-0.01301572996536
-0.01337384357452
-0.01373203141483
-0.01409028129748
-0.01444858101358
-0.01480691833452
-0.01516528101240
-0.01552365678040
-0.01588203335316
-0.01624039842718
-0.01659873968123
-0.01695704477669
-0.01731530135801
-0.01767349705306
-0.01803161947353
-0.01838965621536
-0.01874759485909
-0.01910542297031
-0.01946312810001
-0.01982069778504
-0.02017811954844
-0.02053538089993
-0.02089246933622
-0.02124937234150
-0.02160607738781
-0.02196257193542
-0.02231884343330
-0.02267487931947
-0.02303066702147
-0.02338619395672
-0.02374144753293
-0.02409641514859
-0.02445108419327
-0.02480544204815
-0.02515947608632
-0.02551317367332
-0.02586652216745
-0.02621950892026
-0.02657212127692
-0.02692434657667
-0.02727617215326
-0.02762758533530
-0.02797857344676
-0.02832912380735
-0.02867922373296
-0.02902886053608
-0.02937802152621
-0.02972669401033
-0.03007486529325
-0.03042252267814
-0.03076965346686
-0.03111624496046
-0.03146228445957
-0.03180775926482
-0.03215265667733
-0.03249696399908
-0.03284066853336
-0.03318375758521
-0.03352621846186
-0.03386803847314
-0.03420920493194
-0.03454970515460
-0.03488952646140
-0.03522865617698
-0.03556708163073
-0.03590479015730
-0.03624176909697
-0.03657800579613
-0.03691348760771
-0.03724820189158
-0.03758213601507
-0.03791527735330
-0.03824761328973
-0.03857913121650
-0.03890981853495
-0.03923966265602
-0.03956865100066
-0.03989677100037
-0.04022401009751
-0.04055035574585
-0.04087579541096
-0.04120031657065
-0.04152390671544
-0.04184655334897
-0.04216824398844
-0.04248896616511
-0.04280870742467
-0.04312745532772
-0.04344519745019
-0.04376192138382
-0.04407761473658
-0.04439226513309
-0.04470586021512
-0.04501838764196
-0.04532983509093
-0.04564019025779
-0.04594944085717
-0.04625757462307
-0.04656457930921
-0.04687044268957
-0.04717515255877
-0.04747869673254
-0.04778106304815
-0.04808223936485
-0.04838221356433
-0.04868097355115
-0.04897850725318
-0.04927480262205
-0.04956984763359
-0.04986363028825
-0.05015613861159
-0.05044736065467
-0.05073728449452
-0.05102589823457
-0.05131319000511
-0.05159914796368
-0.05188376029558
-0.05216701521424
-0.05244890096173
-0.05272940580912
-0.05300851805699
-0.05328622603583
-0.05356251810647
-0.05383738266055
-0.05411080812094
-0.05438278294216
-0.05465329561084
-0.05492233464616
-0.05518988860025
-0.05545594605866
-0.05572049564078
-0.05598352600028
-0.05624502582552
-0.05650498384000
-0.05676338880283
-0.05702022950906
-0.05727549479024
-0.05752917351473
-0.05778125458820
-0.05803172695406
-0.05828057959385
-0.05852780152769
-0.05877338181470
-0.05901730955345
-0.05925957388233
-0.05950016398004
-0.05973906906598
-0.05997627840065
-0.06021178128614
-0.06044556706647
-0.06067762512807
-0.06090794490019
-0.06113651585529
-0.06136332750949
-0.06158836942296
-0.06181163120036
-0.06203310249126
-0.06225277299052
-0.06247063243873
-0.06268667062263
-0.06290087737548
-0.06311324257753
-0.06332375615639
-0.06353240808743
-0.06373918839423
-0.06394408714894
-0.06414709447273
-0.06434820053615
-0.06454739555957
-0.06474466981357
-0.06494001361932
-0.06513341734902
-0.06532487142626
-0.06551436632645
-0.06570189257720
-0.06588744075870
-0.06607100150416
-0.06625256550015
-0.06643212348704
-0.06660966625933
-0.06678518466611
-0.06695866961141
-0.06713011205458
-0.06729950301069
-0.06746683355091
-0.06763209480289
-0.06779527795115
-0.06795637423746
-0.06811537496118
-0.06827227147972
-0.06842705520884
-0.06857971762303
-0.06873025025594
-0.06887864470070
-0.06902489261029
-0.06916898569795
-0.06931091573751
-0.06945067456376
-0.06958825407282
-0.06972364622252
-0.06985684303271
-0.06998783658569
-0.07011661902652
-0.07024318256337
-0.07036751946791
-0.07048962207565
-0.07060948278625
-0.07072709406396
-0.07084244843788
-0.07095553850233
-0.07106635691725
-0.07117489640845
-0.07128114976804
-0.07138510985469
-0.07148676959405
-0.07158612197901
-0.07168316007008
-0.07177787699572
-0.07187026595264
-0.07196032020617
-0.07204803309055
-0.07213339800930
-0.07221640843547
-0.07229705791206
-0.07237534005226
-0.07245124853979
-0.07252477712923
-0.07259591964633
-0.07266466998830
-0.07273102212417
-0.07279497009503
-0.07285650801440
-0.07291563006847
-0.07297233051649
-0.07302660369097
-0.07307844399806
-0.07312784591780
-0.07317480400443
-0.07321931288667
-0.07326136726803
-0.07330096192710
-0.07333809171779
-0.07337275156968
-0.07340493648825
-0.07343464155519
-0.07346186192866
-0.07348659284358
-0.07350882961187
-0.07352856762278
-0.07354580234311
-0.07356052931747
-0.07357274416859
-0.07358244259756
-0.07358962038408
-0.07359427338671
-0.07359639754317
-0.07359598887053
-0.07359304346553
-0.07358755750476
-0.07357952724497
-0.07356894902326
-0.07355581925735
-0.07354013444581
-0.07352189116833
-0.07350108608589
-0.07347771594105
-0.07345177755814
-0.07342326784352
-0.07339218378578
-0.07335852245599
-0.07332228100789
-0.07328345667812
-0.07324204678645
-0.07319804873595
-0.07315146001327
-0.07310227818878
-0.07305050091682
-0.07299612593586
-0.07293915106876
-0.07287957422291
-0.07281739339048
-0.07275260664854
-0.07268521215934
-0.07261520817041
-0.07254259301482
-0.07246736511132
-0.07238952296452
-0.07230906516509
-0.07222599038992
-0.07214029740228
-0.07205198505202
-0.07196105227573
-0.07186749809688
-0.07177132162600
-0.07167252206084
-0.07157109868653
-0.07146705087572
-0.07136037808874
-0.07125107987375
-0.07113915586688
-0.07102460579238
-0.07090742946276
-0.07078762677891
-0.07066519773026
-0.07054014239491
-0.07041246093973
-0.07028215362053
-0.07014922078214
-0.07001366285857
-0.06987548037311
-0.06973467393843
-0.06959124425673
-0.06944519211981
-0.06929651840923
-0.06914522409635
-0.06899131024246
-0.06883477799892
-0.06867562860717
-0.06851386339891
-0.06834948379612
-0.06818249131121
-0.06801288754705
-0.06784067419708
-0.06766585304539
-0.06748842596678
-0.06730839492686
-0.06712576198207
-0.06694052927981
-0.06675269905847
-0.06656227364748
-0.06636925546741
-0.06617364702998
-0.06597545093812
-0.06577466988608
-0.06557130665938
-0.06536536413492
-0.06515684528101
-0.06494575315741
-0.06473209091533
-0.06451586179751
-0.06429706913821
-0.06407571636329
-0.06385180699015
-0.06362534462784
-0.06339633297700
-0.06316477582992
-0.06293067707055
-0.06269404067450
-0.06245487070902
-0.06221317133304
-0.06196894679715
-0.06172220144362
-0.06147293970634
-0.06122116611086
-0.06096688527436
-0.06071010190565
-0.06045082080510
-0.06018904686468
-0.05992478506790
-0.05965804048979
-0.05938881829688
-0.05911712374712
-0.05884296218992
-0.05856633906604
-0.05828725990758
-0.05800573033792
-0.05772175607169
-0.05743534291470
-0.05714649676387
-0.05685522360722
-0.05656152952376
-0.05626542068344
-0.05596690334710
-0.05566598386636
-0.05536266868360
-0.05505696433181
-0.05474887743460
-0.05443841470603
-0.05412558295059
-0.05381038906305
-0.05349284002842
-0.05317294292185
-0.05285070490847
-0.05252613324337
-0.05219923527143
-0.05187001842727
-0.05153849023508
-0.05120465830855
-0.05086853035072
-0.05053011415389
-0.05018941759946
-0.04984644865786
-0.04950121538835
-0.04915372593894
-0.04880398854623
-0.04845201153528
-0.04809780331944
-0.04774137240027
-0.04738272736732
-0.04702187689802
-0.04665882975750
-0.04629359479846
-0.04592618096100
-0.04555659727243
-0.04518485284713
-0.04481095688639
-0.04443491867819
-0.04405674759710
-0.04367645310401
-0.04329404474600
-0.04290953215618
-0.04252292505342
-0.04213423324224
-0.04174346661257
-0.04135063513956
-0.04095574888339
-0.04055881798904
-0.04015985268614
-0.03975886328868
-0.03935586019485
-0.03895085388683
-0.03854385493053
-0.03813487397539
-0.03772392175417
-0.03731100908270
-0.03689614685965
-0.03647934606630
-0.03606061776631
-0.03563997310545
-0.03521742331141
-0.03479297969349
-0.03436665364241
-0.03393845663001
-0.03350840020901
-0.03307649601277
-0.03264275575501
-0.03220719122953
-0.03176981430998
-0.03133063694956
-0.03088967118076
-0.03044692911507
-0.03000242294273
-0.02955616493240
-0.02910816743093
-0.02865844286301
-0.02820700373093
-0.02775386261428
-0.02729903216960
-0.02684252513017
-0.02638435430561
-0.02592453258165
-0.02546307291977
-0.02499998835692
-0.02453529200519
-0.02406899705150
-0.02360111675727
-0.02313166445810
-0.02266065356345
-0.02218809755631
-0.02171400999285
-0.02123840450210
-0.02076129478563
-0.02028269461717
-0.01980261784229
-0.01932107837804
-0.01883809021264
-0.01835366740507
-0.01786782408475
-0.01738057445118
-0.01689193277357
-0.01640191339050
-0.01591053070950
-0.01541779920676
-0.01492373342668
-0.01442834798154
-0.01393165755112
-0.01343367688233
-0.01293442078877
-0.01243390415042
-0.01193214191322
-0.01142914908865
-0.01092494075338
-0.01041953204888
-0.00991293818096
-0.00940517441943
-0.00889625609767
-0.00838619861224
-0.00787501742243
-0.00736272804990
-0.00684934607825
-0.00633488715255
-0.00581936697902
-0.00530280132450
-0.00478520601613
-0.00426659694083
-0.00374699004493
-0.00322640133370
-0.00270484687095
-0.00218234277857
-0.00165890523608
-0.00113455048023
-0.00060929480449
-0.00008315455868
0.00044385385156
0.00097171396515
0.00150040926609
0.00202992318387
0.00256023909394
0.00309134031819
0.00362321012540
0.00415583173172
0.00468918830110
0.00522326294582
0.00575803872694
0.00629349865474
0.00682962568925
0.00736640274073
0.00790381267012
0.00844183828952
0.00898046236273
0.00951966760571
0.01005943668705
0.01059975222850
0.01114059680546
0.01168195294747
0.01222380313872
0.01276612981852
0.01330891538188
0.01385214217994
0.01439579252053
0.01493984866864
0.01548429284700
0.01602910723652
0.01657427397687
0.01711977516695
0.01766559286547
0.01821170909141
0.01875810582460
0.01930476500622
0.01985166853936
0.02039879828950
0.02094613608510
0.02149366371812
0.02204136294452
0.02258921548487
0.02313720302485
0.02368530721578
0.02423350967521
0.02478179198744
0.02533013570406
0.02587852234456
0.02642693339679
0.02697535031760
0.02752375453337
0.02807212744055
0.02862045040623
0.02916870476874
0.02971687183815
0.03026493289689
0.03081286920029
0.03136066197716
0.03190829243035
0.03245574173736
0.03300299105086
0.03355002149930
0.03409681418749
0.03464335019716
0.03518961058757
0.03573557639604
0.03628122863862
0.03682654831058
0.03737151638706
0.03791611382365
0.03846032155696
0.03900412050524
0.03954749156892
0.04009041563129
0.04063287355901
0.04117484620276
0.04171631439784
0.04225725896471
0.04279766070969
0.04333750042548
0.04387675889178
0.04441541687594
0.04495345513352
0.04549085440890
0.04602759543594
0.04656365893853
0.04709902563121
0.04763367621983
0.04816759140211
0.04870075186829
0.04923313830174
0.04976473137955
0.05029551177318
0.05082546014909
0.05135455716932
0.05188278349213
0.05241011977264
0.05293654666343
0.05346204481518
0.05398659487728
0.05451017749849
0.05503277332753
0.05555436301371
0.05607492720761
0.05659444656163
0.05711290173069
0.05763027337285
0.05814654214990
0.05866168872804
0.05917569377850
0.05968853797817
0.06020020201024
0.06071066656483
0.06121991233966
0.06172792004062
0.06223467038250
0.06274014408954
0.06324432189613
0.06374718454743
0.06424871280001
0.06474888742251
0.06524768919624
0.06574509891588
0.06624109739007
0.06673566544210
0.06722878391051
0.06772043364978
0.06821059553094
0.06869925044223
0.06918637928976
0.06967196299812
0.07015598251106
0.07063841879213
0.07111925282532
0.07159846561571
0.07207603819013
0.07255195159779
0.07302618691093
0.07349872522550
0.07396954766176
0.07443863536498
0.07490596950604
0.07537153128211
0.07583530191732
0.07629726266335
0.07675739480012
0.07721567963646
0.07767209851070
0.07812663279137
0.07857926387784
0.07902997320095
0.07947874222367
0.07992555244178
0.08037038538447
0.08081322261503
0.08125404573145
0.08169283636714
0.08212957619153
0.08256424691072
0.08299683026816
0.08342730804525
0.08385566206204
0.08428187417785
0.08470592629191
0.08512780034405
0.08554747831528
0.08596494222849
0.08638017414910
0.08679315618567
0.08720387049055
0.08761229926055
0.08801842473759
0.08842222920930
0.08882369500971
0.08922280451985
0.08961954016845
0.09001388443253
0.09040581983806
0.09079532896061
0.09118239442597
0.09156699891082
0.09194912514334
0.09232875590386
0.09270587402550
0.09308046239480
0.09345250395238
0.09382198169353
0.09418887866888
0.09455317798504
0.09491486280519
0.09527391634977
0.09563032189706
0.09598406278384
0.09633512240602
0.09668348421925
0.09702913173956
0.09737204854399
0.09771221827119
0.09804962462211
0.09838425136052
0.09871608231375
0.09904510137321
0.09937129249508
0.09969463970088
0.10001512707814
0.10033273878095
0.10064745903066
0.10095927211642
0.10126816239581
0.10157411429551
0.10187711231181
0.10217714101132
0.10247418503151
0.10276822908135
0.10305925794190
0.10334725646692
0.10363220958348
0.10391410229255
0.10419291966961
0.10446864686524
0.10474126910572
0.10501077169363
0.10527714000843
0.10554035950708
0.10580041572461
0.10605729427470
0.10631098085031
0.10656146122421
0.10680872124961
0.10705274686073
0.10729352407335
0.10753103898546
0.10776527777777
0.10799622671431
0.10822387214301
0.10844820049628
0.10866919829156
0.10888685213190
0.10910114870654
0.10931207479143
0.10951961724987
0.10972376303300
0.10992449918039
0.11012181282061
0.11031569117175
0.11050612154201
0.11069309133024
0.11087658802648
0.11105659921252
0.11123311256245
0.11140611584318
0.11157559691501
0.11174154373215
0.11190394434326
0.11206278689202
0.11221805961759
0.11236975085522
0.11251784903673
0.11266234269105
0.11280322044474
0.11294047102255
0.11307408324786
0.11320404604327
0.11333034843110
0.11345297953388
0.11357192857486
0.11368718487856
0.11379873787125
0.11390657708142
0.11401069214033
0.11411107278252
0.11420770884623
0.11430059027397
0.11438970711298
0.11447504951571
0.11455660774035
0.11463437215124
0.11470833321941
0.11477848152306
0.11484480774800
0.11490730268812
0.11496595724593
0.11502076243293
0.11507170937016
0.11511878928861
0.11516199352970
0.11520131354574
0.11523674090037
0.11526826726902
0.11529588443938
0.11531958431179
0.11533935889976
0.11535520033033
0.11536710084457
0.11537505279799
0.11537904866097
0.11537908101920
0.11537514257408
0.11536722614318
0.11535532466064
0.11533943117758
0.11531953886253
0.11529564100184
0.11526773100008
0.11523580238044
0.11519984878514
0.11515986397586
0.11511584183406
0.11506777636145
0.11501566168035
0.11495949203406
0.11489926178727
0.11483496542642
0.11476659756009
0.11469415291939
0.11461762635827
0.11453701285398
0.11445230750735
0.11436350554319
0.11427060231065
0.11417359328358
0.11407247406083
0.11396724036669
0.11385788805114
0.11374441309026
0.11362681158652
0.11350507976915
0.11337921399446
0.11324921074615
0.11311506663568
0.11297677840253
0.11283434291457
0.11268775716835
0.11253701828940
0.11238212353256
0.11222307028229
0.11205985605294
0.11189247848907
0.11172093536572
0.11154522458874
0.11136534419504
0.11118129235288
0.11099306736216
0.11080066765469
0.11060409179446
0.11040333847790
0.11019840653418
0.10998929492541
0.10977600274696
0.10955852922767
0.10933687373013
0.10911103575089
0.10888101492076
0.10864681100497
0.10840842390348
0.10816585365117
0.10791910041809
0.10766816450965
0.10741304636688
0.10715374656661
0.10689026582173
0.10662260498134
0.10635076503100
0.10607474709292
0.10579455242614
0.10551018242673
0.10522163862802
0.10492892270072
0.10463203645315
0.10433098183138
0.10402576091945
0.10371637593952
0.10340282925199
0.10308512335576
0.10276326088829
0.10243724462582
0.10210707748348
0.10177276251548
0.10143430291520
0.10109170201536
0.10074496328816
0.10039409034540
0.10003908693859
0.09967995695912
0.09931670443831
0.09894933354758
0.09857784859856
0.09820225404315
0.09782255447366
0.09743875462290
0.09705085936429
0.09665887371191
0.09626280282062
0.09586265198613
0.09545842664507
0.09505013237510
0.09463777489493
0.09422136006440
0.09380089388458
0.09337638249777
0.09294783218759
0.09251524937901
0.09207864063841
0.09163801267362
0.09119337233394
0.09074472661018
0.09029208263470
0.08983544768142
0.08937482916583
0.08891023464504
0.08844167181777
0.08796914852433
0.08749267274668
0.08701225260838
0.08652789637462
0.08603961245218
0.08554740938942
0.08505129587630
0.08455128074430
0.08404737296643
0.08353958165720
0.08302791607256
0.08251238560989
0.08199299980792
0.08146976834673
0.08094270104766
0.08041180787324
0.07987709892719
0.07933858445430
0.07879627484039
0.07825018061220
0.07770031243736
0.07714668112427
0.07658929762205
0.07602817302039
0.07546331854953
0.07489474558009
0.07432246562302
0.07374649032945
0.07316683149063
0.07258350103773
0.07199651104183
0.07140587371367
0.07081160140365
0.07021370660157
0.06961220193659
0.06900710017704
0.06839841423027
0.06778615714254
0.06717034209880
0.06655098242259
0.06592809157585
0.06530168315874
0.06467177090948
0.06403836870419
0.06340149055669
0.06276115061829
0.06211736317764
0.06147014266054
0.06081950362970
0.06016546078456
0.05950802896109
0.05884722313157
0.05818305840436
0.05751555002371
0.05684471336953
0.05617056395711
0.05549311743698
0.05481238959457
0.05412839635005
0.05344115375804
0.05275067800737
0.05205698542085
0.05136009245495
0.05066001569960
0.04995677187789
0.04925037784581
0.04854085059197
0.04782820723731
0.04711246503483
0.04639364136931
0.04567175375697
0.04494681984523
0.04421885741239
0.04348788436729
0.04275391874905
0.04201697872673
0.04127708259901
0.04053424879388
0.03978849586829
0.03903984250784
0.03828830752645
0.03753390986600
0.03677666859599
0.03601660291320
0.03525373214133
0.03448807573067
0.03371965325769
0.03294848442472
0.03217458905954
0.03139798711507
0.03061869866892
0.02983674392305
0.02905214320338
0.02826491695940
0.02747508576375
0.02668267031189
0.02588769142160
0.02509017003266
0.02429012720640
0.02348758412528
0.02268256209250
0.02187508253155
0.02106516698579
0.02025283711804
0.01943811471011
0.01862102166239
0.01780157999339
0.01697981183932
0.01615573945360
0.01532938520642
0.01450077158431
0.01366992118963
0.01283685674013
0.01200160106848
0.01116417712180
0.01032460796116
0.00948291676110
0.00863912680917
0.00779326150542
0.00694534436190
0.00609539900218
0.00524344916081
0.00438951868288
0.00353363152344
0.00267581174704
0.00181608352718
0.00095447114578
0.00009099899270
-0.00077430843483
-0.00164142653272
-0.00251033059058
-0.00338099579224
-0.00425339721629
-0.00512750983666
-0.00600330852314
-0.00688076804194
-0.00775986305626
-0.00864056812686
-0.00952285771260
-0.01040670617104
-0.01129208775899
-0.01217897663308
-0.01306734685040
-0.01395717236902
-0.01484842704858
-0.01574108465095
-0.01663511884076
-0.01753050318599
-0.01842721115866
-0.01932521613532
-0.02022449139777
-0.02112501013359
-0.02202674543679
-0.02292967030845
-0.02383375765730
-0.02473898030039
-0.02564531096369
-0.02655272228274
-0.02746118680329
-0.02837067698193
-0.02928116518673
-0.03019262369792
-0.03110502470851
-0.03201834032493
-0.03293254256775
-0.03384760337228
-0.03476349458926
-0.03568018798553
-0.03659765524469
-0.03751586796779
-0.03843479767399
-0.03935441580125
-0.04027469370702
-0.04119560266891
-0.04211711388539
-0.04303919847650
-0.04396182748451
-0.04488497187467
-0.04580860253584
-0.04673269028127
-0.04765720584928
-0.04858211990395
-0.04950740303588
-0.05043302576285
-0.05135895853060
-0.05228517171354
-0.05321163561542
-0.05413832047015
-0.05506519644246
-0.05599223362868
-0.05691940205745
-0.05784667169049
-0.05877401242331
-0.05970139408598
-0.06062878644389
-0.06155615919847
-0.06248348198798
-0.06341072438822
-0.06433785591336
-0.06526484601666
-0.06619166409121
-0.06711827947078
-0.06804466143050
-0.06897077918772
-0.06989660190270
-0.07082209867948
-0.07174723856658
-0.07267199055784
-0.07359632359318
-0.07452020655942
-0.07544360829103
-0.07636649757094
-0.07728884313136
-0.07821061365455
-0.07913177777365
-0.08005230407346
-0.08097216109124
-0.08189131731757
-0.08280974119708
-0.08372740112936
-0.08464426546968
-0.08556030252989
-0.08647548057919
-0.08738976784497
-0.08830313251362
-0.08921554273139
-0.09012696660519
-0.09103737220343
-0.09194672755685
-0.09285500065938
-0.09376215946892
-0.09466817190826
-0.09557300586584
-0.09647662919667
-0.09737900972311
-0.09828011523576
-0.09917991349429
-0.10007837222830
-0.10097545913818
-0.10187114189594
-0.10276538814609
-0.10365816550650
-0.10454944156924
-0.10543918390147
-0.10632736004628
-0.10721393752357
-0.10809888383092
-0.10898216644443
-0.10986375281965
-0.11074361039240
-0.11162170657964
-0.11249800878040
-0.11337248437662
-0.11424510073402
-0.11511582520299
-0.11598462511951
-0.11685146780596
-0.11771632057206
-0.11857915071576
-0.11943992552408
-0.12029861227405
-0.12115517823355
-0.12200959066228
-0.12286181681254
-0.12371182393024
-0.12455957925573
-0.12540505002468
-0.12624820346906
-0.12708900681794
-0.12792742729846
-0.12876343213672
-0.12959698855864
-0.13042806379093
-0.13125662506194
-0.13208263960259
-0.13290607464727
-0.13372689743476
-0.13454507520911
-0.13536057522059
-0.13617336472657
-0.13698341099245
-0.13779068129253
-0.13859514291100
-0.13939676314278
-0.14019550929447
-0.14099134868527
-0.14178424864787
-0.14257417652939
-0.14336109969230
-0.14414498551530
-0.14492580139431
-0.14570351474329
-0.14647809299527
-0.14724950360318
-0.14801771404083
-0.14878269180378
-0.14954440441032
-0.15030281940234
-0.15105790434630
-0.15180962683411
-0.15255795448407
-0.15330285494180
-0.15404429588118
-0.15478224500522
-0.15551667004704
-0.15624753877076
-0.15697481897246
-0.15769847848108
-0.15841848515932
-0.15913480690463
-0.15984741165008
-0.16055626736532
-0.16126134205749
-0.16196260377214
-0.16266002059417
-0.16335356064874
-0.16404319210221
-0.16472888316308
-0.16541060208287
-0.16608831715708
-0.16676199672611
-0.16743160917618
-0.16809712294024
-0.16875850649895
-0.16941572838153
-0.17006875716673
-0.17071756148374
-0.17136211001312
-0.17200237148772
-0.17263831469360
-0.17326990847094
-0.17389712171500
-0.17451992337699
-0.17513828246503
-0.17575216804506
-0.17636154924174
-0.17696639523940
-0.17756667528294
-0.17816235867873
-0.17875341479559
-0.17933981306562
-0.17992152298518
-0.18049851411578
-0.18107075608500
-0.18163821858739
-0.18220087138542
-0.18275868431032
-0.18331162726309
-0.18385967021530
-0.18440278321009
-0.18494093636302
-0.18547409986303
-0.18600224397326
-0.18652533903206
-0.18704335545382
-0.18755626372988
-0.18806403442947
-0.18856663820057
-0.18906404577083
-0.18955622794847
-0.19004315562316
-0.19052479976691
-0.19100113143502
-0.19147212176688
-0.19193774198695
-0.19239796340559
-0.19285275741999
-0.19330209551503
-0.19374594926416
-0.19418429033032
-0.19461709046679
-0.19504432151808
-0.19546595542082
-0.19588196420462
-0.19629231999295
-0.19669699500405
-0.19709596155175
-0.19748919204637
-0.19787665899559
-0.19825833500530
-0.19863419278051
-0.19900420512615
-0.19936834494799
-0.19972658525347
-0.20007889915256
-0.20042525985864
-0.20076564068933
-0.20110001506735
-0.20142835652138
-0.20175063868690
-0.20206683530704
-0.20237692023341
-0.20268086742700
-0.20297865095894
-0.20327024501139
-0.20355562387837
-0.20383476196658
-0.20410763379626
-0.20437421400198
-0.20463447733351
-0.20488839865661
-0.20513595295388
-0.20537711532556
-0.20561186099037
-0.20584016528630
-0.20606200367145
-0.20627735172483
-0.20648618514716
-0.20668847976169
-0.20688421151501
-0.20707335647783
-0.20725589084578
-0.20743179094023
-0.20760103320907
-0.20776359422750
-0.20791945069880
-0.20806857945517
-0.20821095745845
-0.20834656180094
-0.20847536970615
-0.20859735852962
-0.20871250575964
-0.20882078901803
-0.20892218606096
-0.20901667477964
-0.20910423320110
-0.20918483948900
-0.20925847194432
-0.20932510900613
-0.20938472925235
-0.20943731140050
-0.20948283430843
-0.20952127697505
-0.20955261854110
-0.20957683828985
-0.20959391564783
-0.20960383018560
-0.20960656161843
-0.20960208980702
-0.20959039475826
-0.20957145662589
-0.20954525571127
-0.20951177246402
-0.20947098748279
-0.20942288151590
-0.20936743546211
-0.20930463037123
-0.20923444744488
-0.20915686803716
-0.20907187365529
-0.20897944596037
-0.20887956676797
-0.20877221804888
-0.20865738192974
-0.20853504069371
-0.20840517678113
-0.20826777279019
-0.20812281147760
-0.20797027575919
-0.20781014871063
-0.20764241356800
-0.20746705372849
-0.20728405275102
-0.20709339435685
-0.20689506243024
-0.20668904101906
-0.20647531433543
-0.20625386675631
-0.20602468282413
-0.20578774724741
-0.20554304490136
-0.20529056082845
-0.20503028023907
-0.20476218851210
-0.20448627119545
-0.20420251400674
-0.20391090283381
-0.20361142373533
-0.20330406294136
-0.20298880685393
-0.20266564204763
-0.20233455527012
-0.20199553344273
-0.20164856366100
-0.20129363319522
-0.20093072949100
-0.20055984016981
-0.20018095302948
-0.19979405604478
-0.19939913736793
-0.19899618532910
-0.19858518843699
-0.19816613537928
-0.19773901502320
-0.19730381641598
-0.19686052878542
-0.19640914154032
-0.19594964427102
-0.19548202674987
-0.19500627893174
-0.19452239095447
-0.19403035313936
-0.19353015599164
-0.19302179020094
-0.19250524664177
-0.19198051637394
-0.19144759064304
-0.19090646088089
-0.19035711870598
-0.18979955592391
-0.18923376452783
-0.18865973669885
-0.18807746480650
-0.18748694140913
-0.18688815925434
-0.18628111127936
-0.18566579061152
-0.18504219056859
-0.18441030465921
-0.18377012658326
-0.18312165023231
-0.18246486968991
-0.18179977923204
-0.18112637332748
-0.18044464663814
-0.17975459401946
-0.17905621052074
-0.17834949138553
-0.17763443205196
-0.17691102815308
-0.17617927551722
-0.17543917016831
-0.17469070832620
-0.17393388640701
-0.17316870102344
-0.17239514898510
-0.17161322729877
-0.17082293316879
-0.17002426399726
-0.16921721738443
-0.16840179112893
-0.16757798322809
-0.16674579187817
-0.16590521547471
-0.16505625261274
-0.16419890208707
-0.16333316289255
-0.16245903422431
-0.16157651547803
-0.16068560625019
-0.15978630633826
-0.15887861574100
-0.15796253465866
-0.15703806349319
-0.15610520284847
-0.15516395353054
-0.15421431654780
-0.15325629311119
-0.15228988463442
-0.15131509273414
-0.15033191923015
-0.14934036614558
-0.14834043570702
-0.14733213034477
-0.14631545269294
-0.14529040558966
-0.14425699207719
-0.14321521540212
-0.14216507901546
-0.14110658657285
-0.14003974193461
-0.13896454916597
-0.13788101253708
-0.13678913652324
-0.13568892580493
-0.13458038526796
-0.13346352000357
-0.13233833530852
-0.13120483668516
-0.13006302984158
-0.12891292069161
-0.12775451535497
-0.12658782015729
-0.12541284163019
-0.12422958651136
-0.12303806174457
-0.12183827447978
-0.12063023207311
-0.11941394208696
-0.11818941228996
-0.11695665065707
-0.11571566536955
-0.11446646481498
-0.11320905758734
-0.11194345248689
-0.11066965852031
-0.10938768490057
-0.10809754104701
-0.10679923658526
-0.10549278134729
-0.10417818537129
-0.10285545890171
-0.10152461238921
-0.10018565649056
-0.09883860206869
-0.09748346019253
-0.09612024213703
-0.09474895938305
-0.09336962361731
-0.09198224673230
-0.09058684082620
-0.08918341820279
-0.08777199137137
-0.08635257304665
-0.08492517614866
-0.08348981380260
-0.08204649933878
-0.08059524629245
-0.07913606840371
-0.07766897961736
-0.07619399408276
-0.07471112615370
-0.07322039038824
-0.07172180154857
-0.07021537460082
-0.06870112471495
-0.06717906726451
-0.06564921782651
-0.06411159218125
-0.06256620631209
-0.06101307640527
-0.05945221884975
-0.05788365023695
-0.05630738736059
-0.05472344721644
-0.05313184700211
-0.05153260411685
-0.04992573616127
-0.04831126093715
-0.04668919644718
-0.04505956089470
-0.04342237268347
-0.04177765041738
-0.04012541290025
-0.03846567913547
-0.03679846832580
-0.03512379987306
-0.03344169337784
-0.03175216863923
-0.03005524565450
-0.02835094461880
-0.02663928592489
-0.02492029016275
-0.02319397811936
-0.02146037077831
-0.01971948931946
-0.01797135511867
-0.01621598974741
-0.01445341497242
-0.01268365275538
-0.01090672525253
-0.00912265481432
-0.00733146398507
-0.00553317550253
-0.00372781229758
-0.00191539749379
-0.00009595440705
0.00173049345480
0.00356392239240
0.00540430851526
0.00725162774218
0.00910585580165
0.01096696823228
0.01283494038322
0.01470974741458
0.01659136429792
0.01847976581659
0.02037492656629
0.02227682095543
0.02418542320564
0.02610070735222
0.02802264724458
0.02995121654677
0.03188638873789
0.03382813711263
0.03577643478172
0.03773125467244
0.03969256952912
0.04166035191363
0.04363457420589
0.04561520860442
0.04760222712679
0.04959560161022
0.05159530371205
0.05360130491029
0.05561357650419
0.05763208961473
0.05965681518522
0.06168772398183
0.06372478659413
0.06576797343570
0.06781725474467
0.06987260058429
0.07193398084353
0.07400136523763
0.07607472330873
0.07815402442645
0.08023923778847
0.08233033242115
0.08442727718013
0.08653004075096
0.08863859164972
0.09075289822359
0.09287292865156
0.09499865094501
0.09713003294835
0.09926704233967
0.10140964663140
0.10355781317095
0.10571150914136
0.10787070156198
0.11003535728911
0.11220544301669
0.11438092527699
0.11656177044124
0.11874794472036
0.12093941416564
0.12313614466943
0.12533810196584
0.12754525163141
0.12975755908590
0.13197498959290
0.13419750826064
0.13642508004264
0.13865766973848
0.14089524199451
0.14313776130459
0.14538519201083
0.14763749830433
0.14989464422594
0.15215659366698
0.15442331037006
0.15669475792976
0.15897089979345
0.16125169926206
0.16353711949083
0.16582712349010
0.16812167412608
0.17042073412166
0.17272426605719
0.17503223237127
0.17734459536156
0.17966131718557
0.18198235986148
0.18430768526894
0.18663725514990
0.18897103110942
0.19130897461651
0.19365104700492
0.19599720947402
0.19834742308960
0.20070164878473
0.20305984736061
0.20542197948738
0.20778800570502
0.21015788642418
0.21253158192703
0.21490905236815
0.21729025777540
0.21967515805073
0.22206371297115
0.22445588218954
0.22685162523555
0.22925090151649
0.23165367031822
0.23405989080605
0.23646952202562
0.23888252290382
0.24129885224967
0.24371846875526
0.24614133099663
0.24856739743472
0.25099662641626
0.25342897617469
0.25586440483112
0.25830287039522
0.26074433076617
0.26318874373360
0.26563606697852
0.26808625807429
0.27053927448750
0.27299507357901
0.27545361260482
0.27791484871708
0.28037873896503
0.28284524029595
0.28531430955616
0.28778590349195
0.29025997875057
0.29273649188121
0.29521539933598
0.29769665747088
0.30018022254677
0.30266605073040
0.30515409809535
0.30764432062308
0.31013667420386
0.31263111463783
0.31512759763596
0.31762607882108
0.32012651372887
0.32262885780887
0.32513306642553
0.32763909485916
0.33014689830702
0.33265643188427
0.33516765062507
0.33768050948354
0.34019496333481
0.34271096697610
0.34522847512767
0.34774744243392
0.35026782346440
0.35278957271487
0.35531264460833
0.35783699349608
0.36036257365876
0.36288933930738
0.36541724458444
0.36794624356491
0.37047629025733
0.37300733860488
0.37553934248640
0.37807225571751
0.38060603205161
0.38314062518104
0.38567598873806
0.38821207629598
0.39074884137023
0.39328623741940
0.39582421784638
0.39836273599939
0.40090174517310
0.40344119860969
0.40598104949996
0.40852125098438
0.41106175615425
0.41360251805272
0.41614348967594
0.41868462397412
0.42122587385266
0.42376719217323
0.42630853175485
0.42884984537506
0.43139108577095
0.43393220564034
0.43647315764282
0.43901389440090
0.44155436850112
0.44409453249514
0.44663433890087
0.44917374020361
0.45171268885712
0.45425113728476
0.45678903788061
0.45932634301062
0.46186300501366
0.46439897620272
0.46693420886600
0.46946865526802
0.47200226765079
0.47453499823489
0.47706679922064
0.47959762278921
0.48212742110375
0.48465614631054
0.48718375054010
0.48971018590834
0.49223540451769
0.49475935845823
0.49728199980884
0.49980328063833
0.50232315300660
0.50484156896571
0.50735848056112
0.50987383983276
0.51238759881618
0.51489970954371
0.51741012404561
0.51991879435119
0.52242567248995
0.52493071049276
0.52743386039295
0.52993507422752
0.53243430403824
0.53493150187279
0.53742661978596
0.53991960984072
0.54241042410944
0.54489901467499
0.54738533363191
0.54986933308755
0.55235096516319
0.55483018199527
0.55730693573642
0.55978117855673
0.56225286264480
0.56472194020894
0.56718836347832
0.56965208470408
0.57211305616051
0.57457123014620
0.57702655898518
0.57947899502804
0.58192849065312
0.58437499826766
0.58681847030888
0.58925885924521
0.59169611757740
0.59413019783964
0.59656105260074
0.59898863446529
0.60141289607476
0.60383379010865
0.60625126928569
0.60866528636491
0.61107579414682
0.61348274547455
0.61588609323499
0.61828579035994
0.62068178982720
0.62307404466180
0.62546250793704
0.62784713277570
0.63022787235115
0.63260467988847
0.63497750866563
0.63734631201458
0.63971104332238
0.64207165603240
0.64442810364536
0.64678033972053
0.64912831787682
0.65147199179393
0.65381131521345
0.65614624194004
0.65847672584248
0.66080272085486
0.66312418097766
0.66544106027890
0.66775331289523
0.67006089303306
0.67236375496971
0.67466185305447
0.67695514170975
0.67924357543218
0.68152710879372
0.68380569644279
0.68607929310534
0.68834785358601
0.69061133276917
0.69286968562007
0.69512286718594
0.69737083259706
0.69961353706790
0.70185093589816
0.70408298447393
0.70630963826873
0.70853085284464
0.71074658385334
0.71295678703727
0.71516141823064
0.71736043336056
0.71955378844810
0.72174143960939
0.72392334305668
0.72609945509940
0.72826973214529
0.73043413070140
0.73259260737520
0.73474511887566
0.73689162201426
0.73903207370611
0.74116643097097
0.74329465093433
0.74541669082844
0.74753250799342
0.74964205987823
0.75174530404176
0.75384219815391
0.75593269999654
0.75801676746463
0.76009435856719
0.76216543142841
0.76422994428862
0.76628785550535
0.76833912355432
0.77038370703055
0.77242156464927
0.77445265524703
0.77647693778267
0.77849437133835
0.78050491512055
0.78250852846108
0.78450517081810
0.78649480177710
0.78847738105193
0.79045286848576
0.79242122405209
0.79438240785574
0.79633638013384
0.79828310125682
0.80022253172936
0.80215463219142
0.80407936341915
0.80599668632594
0.80790656196330
0.80980895152189
0.81170381633247
0.81359111786683
0.81547081773879
0.81734287770510
0.81920725966644
0.82106392566833
0.82291283790207
0.82475395870571
0.82658725056495
0.82841267611411
0.83023019813701
0.83203977956793
0.83384138349251
0.83563497314870
0.83742051192761
0.83919796337450
0.84096729118963
0.84272845922916
0.84448143150609
0.84622617219112
0.84796264561357
0.84969081626222
0.85141064878625
0.85312210799608
0.85482515886425
0.85651976652633
0.85820589628173
0.85988351359461
0.86155258409471
0.86321307357823
0.86486494800866
0.86650817351766
0.86814271640585
0.86976854314371
0.87138562037237
0.87299391490449
0.87459339372502
0.87618402399208
0.87776577303777
0.87933860836895
0.88090249766809
0.88245740879407
0.88400330978296
0.88554016884884
0.88706795438458
0.88858663496264
0.89009617933583
0.89159655643815
0.89308773538548
0.89456968547643
0.89604237619305
0.89750577720163
0.89895985835345
0.90040458968551
0.90183994142131
0.90326588397158
0.90468238793501
0.90608942409900
0.90748696344040
0.90887497712621
0.91025343651430
0.91162231315418
0.91298157878763
0.91433120534947
0.91567116496824
0.91700142996690
0.91832197286351
0.91963276637194
0.92093378340254
0.92222499706282
0.92350638065813
0.92477790769231
0.92603955186839
0.92729128708919
0.92853308745806
0.92976492727942
0.93098678105950
0.93219862350694
0.93340042953341
0.93459217425425
0.93577383298912
0.93694538126258
0.93810679480473
0.93925804955178
0.94039912164672
0.94152998743987
0.94265062348946
0.94376100656227
0.94486111363417
0.94595092189071
0.94703040872771
0.94809955175179
0.94915832878098
0.95020671784522
0.95124469718697
0.95227224526170
0.95328934073849
0.95429596250052
0.95529208964559
0.95627770148672
0.95725277755258
0.95821729758805
0.95917124155474
0.96011458963146
0.96104732221473
0.96196941991928
0.96288086357855
0.96378163424512
0.96467171319125
0.96555108190931
0.96641972211225
0.96727761573408
0.96812474493030
0.96896109207836
0.96978663977810
0.97060137085221
0.97140526834659
0.97219831553089
0.97298049589882
0.97375179316864
0.97451219128352
0.97526167441199
0.97600022694830
0.97672783351283
0.97744447895247
0.97815014834101
0.97884482697951
0.97952850039668
0.98020115434920
0.98086277482216
0.98151334802933
0.98215286041355
0.98278129864707
0.98339864963189
0.98400490050004
0.98460003861399
0.98518405156688
0.98575692718289
0.98631865351754
0.98686921885797
0.98740861172323
0.98793682086461
0.98845383526587
0.98895964414358
0.98945423694731
0.98993760335998
0.99040973329807
0.99087061691187
0.99132024458576
0.99175860693844
0.99218569482314
0.99260149932789
0.99300601177572
0.99339922372488
0.99378112696906
0.99415171353762
0.99451097569571
0.99485890594458
0.99519549702166
0.99552074190082
0.99583463379252
0.99613716614396
0.99642833263927
0.99670812719968
0.99697654398363
0.99723357738699
0.99747922204309
0.99771347282298
0.99793632483547
0.99814777342729
0.99834781418319
0.99853644292607
0.99871365571709
0.99887944885574
0.99903381887994
0.99917676256615
0.99930827692945
0.99942835922358
0.99953700694104
0.99963421781315
0.99971998981009
0.99979432114098
0.99985721025389
0.99990865583592
0.99994865681319
0.99997721235090
0.99999432185333
0.99999998496388
0.99999420156504
0.99997697177843
0.99994829596478
0.99990817472393
0.99985660889479
0.99979359955535
0.99971914802265
0.99963325585272
0.99953592484056
0.99942715702010
0.99930695466414
0.99917532028427
0.99903225663088
0.99887776669299
0.99871185369825
0.99853452111284
0.99834577264136
0.99814561222678
0.99793404405027
0.99771107253119
0.99747670232688
0.99723093833264
0.99697378568151
0.99670524974421
0.99642533612898
0.99613405068145
0.99583139948446
0.99551738885796
0.99519202535879
0.99485531578056
0.99450726715347
0.99414788674412
0.99377718205535
0.99339516082600
0.99300183103078
0.99259720088003
0.99218127881954
0.99175407353028
0.99131559392826
0.99086584916425
0.99040484862356
0.98993260192582
0.98944911892473
0.98895440970780
0.98844848459611
0.98793135414404
0.98740302913902
0.98686352060123
0.98631283978337
0.98575099817032
0.98517800747888
0.98459387965749
0.98399862688589
0.98339226157486
0.98277479636586
0.98214624413075
0.98150661797144
0.98085593121958
0.98019419743621
0.97952143041143
0.97883764416404
0.97814285294120
0.97743707121805
0.97672031369739
0.97599259530927
0.97525393121060
0.97450433678484
0.97374382764153
0.97297241961595
0.97219012876872
0.97139697138535
0.97059296397590
0.96977812327450
0.96895246623898
0.96811601005039
0.96726877211263
0.96641077005196
0.96554202171660
0.96466254517623
0.96377235872159
0.96287148086398
0.96195993033482
0.96103772608517
0.96010488728524
0.95916143332394
0.95820738380836
0.95724275856329
0.95626757763074
0.95528186126941
0.95428562995418
0.95327890437563
0.95226170543947
0.95123405426608
0.95019597218991
0.94914748075898
0.94808860173435
0.94701935708954
0.94593976901002
0.94484985989262
0.94374965234496
0.94263916918494
0.94151843344010
0.94038746834707
0.93924629735100
0.93809494410496
0.93693343246933
0.93576178651125
0.93458003050394
0.93338818892618
0.93218628646162
0.93097434799821
0.92975239862755
0.92852046364428
0.92727856854542
0.92602673902976
0.92476500099720
0.92349338054810
0.92221190398265
0.92092059780015
0.91961948869844
0.91830860357313
0.91698796951701
0.91565761381932
0.91431756396509
0.91296784763444
0.91160849270190
0.91023952723570
0.90886097949707
0.90747287793955
0.90607525120823
0.90466812813912
0.90325153775832
0.90182550928139
0.90039007211255
0.89894525584400
0.89749109025513
0.89602760531182
0.89455483116566
0.89307279815321
0.89158153679522
0.89008107779592
0.88857145204219
0.88705269060283
0.88552482472778
0.88398788584731
0.88244190557127
0.88088691568829
0.87932294816497
0.87775003514511
0.87616820894889
0.87457750207206
0.87297794718513
0.87136957713259
0.86975242493203
0.86812652377337
0.86649190701801
0.86484860819797
0.86319666101514
0.86153609934032
0.85986695721249
0.85818926883789
0.85650306858918
0.85480839100461
0.85310527078714
0.85139374280357
0.84967384208369
0.84794560381940
0.84620906336382
0.84446425623045
0.84271121809222
0.84094998478067
0.83918059228504
0.83740307675133
0.83561747448147
0.83382382193238
0.83202215571505
0.83021251259366
0.82839492948467
0.82656944345587
0.82473609172548
0.82289491166122
0.82104594077941
0.81918921674398
0.81732477736559
0.81545266060067
0.81357290455047
0.81168554746014
0.80979062771775
0.80788818385335
0.80597825453804
0.80406087858298
0.80213609493843
0.80020394269280
0.79826446107168
0.79631768943684
0.79436366728531
0.79240243424835
0.79043403009048
0.78845849470854
0.78647586813064
0.78448619051520
0.78248950214995
0.78048584345096
0.77847525496161
0.77645777735157
0.77443345141586
0.77240231807378
0.77036441836793
0.76831979346319
0.76626848464570
0.76421053332184
0.76214598101722
0.76007486937564
0.75799724015807
0.75591313524161
0.75382259661849
0.75172566639499
0.74962238679044
0.74751280013614
0.74539694887437
0.74327487555728
0.74114662284591
0.73901223350908
0.73687175042238
0.73472521656710
0.73257267502915
0.73041416899805
0.72824974176582
0.72607943672594
0.72390329737228
0.72172136729803
0.71953369019462
0.71734030985067
0.71514127015090
0.71293661507504
0.71072638869678
0.70851063518265
0.70628939879099
0.70406272387080
0.70183065486073
0.69959323628791
0.69735051276691
0.69510252899863
0.69284932976922
0.69059095994897
0.68832746449121
0.68605888843121
0.68378527688509
0.68150667504871
0.67922312819656
0.67693468168068
0.67464138092948
0.67234327144674
0.67004039881040
0.66773280867150
0.66542054675305
0.66310365884891
0.66078219082270
0.65845618860664
0.65612569820046
0.65379076567027
0.65145143714744
0.64910775882748
0.64675977696889
0.64440753789209
0.64205108797822
0.63969047366808
0.63732574146093
0.63495693791345
0.63258410963853
0.63020730330415
0.62782656563230
0.62544194339779
0.62305348342712
0.62066123259738
0.61826523783507
0.61586554611500
0.61346220445912
0.61105525993540
0.60864475965670
0.60623075077958
0.60381328050322
0.60139239606824
0.59896814475557
0.59654057388531
0.59410973081557
0.59167566294134
0.58923841769335
0.58679804253692
0.58435458497079
0.58190809252601
0.57945861276480
0.57700619327934
0.57455088169070
0.57209272564765
0.56963177282551
0.56716807092502
0.56470166767121
0.56223261081218
0.55976094811805
0.55728672737973
0.55480999640782
0.55233080303144
0.54984919509708
0.54736522046748
0.54487892702044
0.54239036264771
0.53989957525382
0.53740661275495
0.53491152307775
0.53241435415823
0.52991515394059
0.52741397037608
0.52491085142188
0.52240584503989
0.51989899919564
0.51739036185714
0.51487998099371
0.51236790457485
0.50985418056911
0.50733885694291
0.50482198165943
0.50230360267747
0.49978376795028
0.49726252542445
0.49473992303874
0.49221600872298
0.48969083039689
0.48716443596896
0.48463687333533
0.48210819037864
0.47957843496686
0.47704765495222
0.47451589817004
0.47198321243760
0.46944964555301
0.46691524529408
0.46438005941719
0.46184413565618
0.45930752172118
0.45677026529754
0.45423241404466
0.45169401559488
0.44915511755236
0.44661576749197
0.44407601295815
0.44153590146381
0.43899548048918
0.43645479748076
0.43391389985012
0.43137283497286
0.42883165018745
0.42629039279416
0.42374911005390
0.42120784918719
0.41866665737297
0.41612558174754
0.41358466940348
0.41104396738849
0.40850352270435
0.40596338230579
0.40342359309939
0.40088420194251
0.39834525564220
0.39580680095408
0.39326888458128
0.39073155317333
0.38819485332511
0.38565883157574
0.38312353440752
0.38058900824481
0.37805529945302
0.37552245433748
0.37299051914241
0.37045954004980
0.36792956317839
0.36540063458258
0.36287280025140
0.36034610610739
0.35782059800558
0.35529632173245
0.35277332300483
0.35025164746889
0.34773134069906
0.34521244819702
0.34269501539059
0.34017908763278
0.33766471020068
0.33515192829443
0.33264078703622
0.33013133146924
0.32762360655663
0.32511765718050
0.32261352814085
0.32011126415460
0.31761090985454
0.31511250978832
0.31261610841745
0.31012175011627
0.30762947917096
0.30513933977853
0.30265137604580
0.30016563198845
0.29768215152995
0.29520097850064
0.29272215663669
0.29024572957915
0.28777174087293
0.28530023396585
0.28283125220762
0.28036483884894
0.27790103704044
0.27543988983177
0.27298144017062
0.27052573090175
0.26807280476604
0.26562270439953
0.26317547233245
0.26073115098832
0.25828978268295
0.25585140962352
0.25341607390766
0.25098381752247
0.24855468234363
0.24612871013444
0.24370594254492
0.24128642111085
0.23887018725292
0.23645728227572
0.23404774736693
0.23164162359632
0.22923895191491
0.22683977315404
0.22444412802448
0.22205205711553
0.21966360089415
0.21727879970404
0.21489769376480
0.21252032317100
0.21014672789136
0.20777694776784
0.20541102251478
0.20304899171805
0.20069089483419
0.19833677118952
0.19598665997933
0.19364060026703
0.19129863098327
0.18896079092514
0.18662711875528
0.18429765300114
0.18197243205405
0.17965149416846
0.17733487746111
0.17502261991018
0.17271475935454
0.17041133349287
0.16811237988293
0.16581793594069
0.16352803893958
0.16124272600971
0.15896203413703
0.15668600016260
0.15441466078177
0.15214805254345
0.14988621184930
0.14762917495299
0.14537697795943
0.14312965682401
0.14088724735186
0.13864978519707
0.13641730586200
0.13418984469650
0.13196743689717
0.12975011750669
0.12753792141300
0.12533088334866
0.12312903789010
0.12093241945689
0.11874106231109
0.11655500055648
0.11437426813790
0.11219889884056
0.11002892628932
0.10786438394802
0.10570530511884
0.10355172294156
0.10140367039291
0.09926118028593
0.09712428526930
0.09499301782665
0.09286741027595
0.09074749476883
0.08863330328998
0.08652486765645
0.08442221951708
0.08232539035185
0.08023441147122
0.07814931401559
0.07607012895459
0.07399688708657
0.07192961903791
0.06986835526249
0.06781312604106
0.06576396148063
0.06372089151396
0.06168394589889
0.05965315421785
0.05762854587722
0.05561015010681
0.05359799595931
0.05159211230967
0.04959252785463
0.04759927111214
0.04561237042080
0.04363185393938
0.04165774964623
0.03969008533881
0.03772888863314
0.03577418696329
0.03382600758088
0.03188437755457
0.02994932376958
0.02802087292716
0.02609905154413
0.02418388595240
0.02227540229848
0.02037362654302
0.01847858446032
0.01659030163788
0.01470880347598
0.01283411518714
0.01096626179579
0.00910526813772
0.00725115885972
0.00540395841911
0.00356369108333
0.00173038092952
-0.00009594815591
-0.00191527247765
-0.00372756853195
-0.00553281300697
-0.00733098278320
-0.00912205493383
-0.01090600672516
-0.01268281561695
-0.01445245926280
-0.01621491551052
-0.01797016240249
-0.01971817817603
-0.02145894126370
-0.02319243029371
-0.02491862409023
-0.02663750167372
-0.02834904226125
-0.03005322526686
-0.03175003030184
-0.03343943717506
-0.03512142589327
-0.03679597666143
-0.03846306988295
-0.04012268616004
-0.04177480629396
-0.04341941128529
-0.04505648233427
-0.04668600084098
-0.04830794840565
-0.04992230682895
-0.05152905811217
-0.05312818445752
-0.05471966826836
-0.05630349214941
-0.05787963890704
-0.05944809154942
-0.06100883328681
-0.06256184753173
-0.06410711789917
-0.06564462820683
-0.06717436247526
-0.06869630492813
-0.07021043999232
-0.07171675229819
-0.07321522667972
-0.07470584817464
-0.07618860202468
-0.07766347367567
-0.07913044877769
-0.08058951318525
-0.08204065295742
-0.08348385435796
-0.08491910385547
-0.08634638812348
-0.08776569404062
-0.08917700869069
-0.09058031936280
-0.09197561355147
-0.09336287895671
-0.09474210348413
-0.09611327524502
-0.09747638255646
-0.09883141394132
-0.10017835812845
-0.10151720405263
-0.10284794085470
-0.10417055788159
-0.10548504468638
-0.10679139102833
-0.10808958687292
-0.10937962239192
-0.11066148796334
-0.11193517417154
-0.11320067180717
-0.11445797186724
-0.11570706555510
-0.11694794428041
-0.11818059965921
-0.11940502351384
-0.12062120787293
-0.12182914497143
-0.12302882725054
-0.12422024735766
-0.12540339814642
-0.12657827267655
-0.12774486421392
-0.12890316623039
-0.13005317240385
-0.13119487661807
-0.13232827296268
-0.13345335573308
-0.13457011943035
-0.13567855876117
-0.13677866863775
-0.13787044417767
-0.13895388070385
-0.14002897374440
-0.14109571903251
-0.14215411250635
-0.14320415030890
-0.14424582878790
-0.14527914449562
-0.14630409418881
-0.14732067482847
-0.14832888357978
-0.14932871781186
-0.15032017509769
-0.15130325321389
-0.15227795014057
-0.15324426406112
-0.15420219336210
-0.15515173663296
-0.15609289266592
-0.15702566045573
-0.15795003919949
-0.15886602829643
-0.15977362734769
-0.16067283615612
-0.16156365472603
-0.16244608326298
-0.16332012217356
-0.16418577206509
-0.16504303374546
-0.16589190822279
-0.16673239670527
-0.16756450060080
-0.16838822151681
-0.16920356125994
-0.17001052183577
-0.17080910544857
-0.17159931450098
-0.17238115159372
-0.17315461952532
-0.17391972129181
-0.17467646008639
-0.17542483929915
-0.17616486251674
-0.17689653352206
-0.17761985629392
-0.17833483500671
-0.17904147403008
-0.17973977792859
-0.18042975146135
-0.18111139958171
-0.18178472743684
-0.18244974036746
-0.18310644390739
-0.18375484378321
-0.18439494591392
-0.18502675641051
-0.18565028157560
-0.18626552790306
-0.18687250207758
-0.18747121097432
-0.18806166165848
-0.18864386138489
-0.18921781759760
-0.18978353792947
-0.19034103020175
-0.19089030242364
-0.19143136279187
-0.19196421969026
-0.19248888168928
-0.19300535754560
-0.19351365620166
-0.19401378678519
-0.19450575860876
-0.19498958116934
-0.19546526414778
-0.19593281740840
-0.19639225099847
-0.19684357514774
-0.19728680026795
-0.19772193695238
-0.19814899597527
-0.19856798829142
-0.19897892503561
-0.19938181752214
-0.19977667724429
-0.20016351587381
-0.20054234526041
-0.20091317743124
-0.20127602459032
-0.20163089911807
-0.20197781357071
-0.20231678067977
-0.20264781335149
-0.20297092466634
-0.20328612787838
-0.20359343641479
-0.20389286387524
-0.20418442403135
-0.20446813082612
-0.20474399837335
-0.20501204095707
-0.20527227303095
-0.20552470921769
-0.20576936430848
-0.20600625326236
-0.20623539120565
-0.20645679343133
-0.20667047539842
-0.20687645273143
-0.20707474121965
-0.20726535681663
-0.20744831563949
-0.20762363396832
-0.20779132824555
-0.20795141507530
-0.20810391122277
-0.20824883361358
-0.20838619933313
-0.20851602562595
-0.20863832989505
-0.20875312970127
-0.20886044276260
-0.20896028695353
-0.20905268030441
-0.20913764100073
-0.20921518738248
-0.20928533794346
-0.20934811133060
-0.20940352634329
-0.20945160193268
-0.20949235720097
-0.20952581140075
-0.20955198393431
-0.20957089435288
-0.20958256235598
-0.20958700779069
-0.20958425065096
-0.20957431107685
-0.20955720935387
-0.20953296591221
-0.20950160132606
-0.20946313631283
-0.20941759173247
-0.20936498858671
-0.20930534801834
-0.20923869131044
-0.20916503988567
-0.20908441530551
-0.20899683926952
-0.20890233361456
-0.20880092031407
-0.20869262147730
-0.20857745934855
-0.20845545630639
-0.20832663486293
-0.20819101766300
-0.20804862748345
-0.20789948723228
-0.20774361994795
-0.20758104879856
-0.20741179708106
-0.20723588822048
-0.20705334576915
-0.20686419340588
-0.20666845493519
-0.20646615428649
-0.20625731551333
-0.20604196279253
-0.20582012042344
-0.20559181282708
-0.20535706454539
-0.20511590024035
-0.20486834469323
-0.20461442280371
-0.20435415958913
-0.20408758018363
-0.20381470983731
-0.20353557391546
-0.20325019789766
-0.20295860737702
-0.20266082805930
-0.20235688576211
-0.20204680641402
-0.20173061605379
-0.20140834082949
-0.20108000699764
-0.20074564092240
-0.20040526907473
-0.20005891803148
-0.19970661447461
-0.19934838519030
-0.19898425706809
-0.19861425710004
-0.19823841237987
-0.19785675010209
-0.19746929756114
-0.19707608215052
-0.19667713136194
-0.19627247278445
-0.19586213410354
-0.19544614310031
-0.19502452765058
-0.19459731572398
-0.19416453538316
-0.19372621478281
-0.19328238216886
-0.19283306587756
-0.19237829433460
-0.19191809605422
-0.19145249963837
-0.19098153377575
-0.19050522724098
-0.19002360889369
-0.18953670767763
-0.18904455261976
-0.18854717282938
-0.18804459749724
-0.18753685589460
-0.18702397737240
-0.18650599136028
-0.18598292736577
-0.18545481497330
-0.18492168384336
-0.18438356371158
-0.18384048438782
-0.18329247575524
-0.18273956776944
-0.18218179045755
-0.18161917391726
-0.18105174831599
-0.18047954388991
-0.17990259094310
-0.17932091984656
-0.17873456103736
-0.17814354501770
-0.17754790235398
-0.17694766367592
-0.17634285967562
-0.17573352110664
-0.17511967878311
-0.17450136357878
-0.17387860642612
-0.17325143831538
-0.17261989029371
-0.17198399346419
-0.17134377898495
-0.17069927806822
-0.17005052197944
-0.16939754203630
-0.16874036960783
-0.16807903611350
-0.16741357302227
-0.16674401185167
-0.16607038416688
-0.16539272157981
-0.16471105574818
-0.16402541837457
-0.16333584120552
-0.16264235603059
-0.16194499468144
-0.16124378903092
-0.16053877099212
-0.15982997251744
-0.15911742559770
-0.15840116226118
-0.15768121457271
-0.15695761463274
-0.15623039457642
-0.15549958657265
-0.15476522282322
-0.15402733556178
-0.15328595705303
-0.15254111959170
-0.15179285550168
-0.15104119713509
-0.15028617687133
-0.14952782711618
-0.14876618030088
-0.14800126888117
-0.14723312533643
-0.14646178216869
-0.14568727190176
-0.14490962708028
-0.14412888026880
-0.14334506405089
-0.14255821102818
-0.14176835381946
-0.14097552505977
-0.14017975739946
-0.13938108350329
-0.13857953604950
-0.13777514772893
-0.13696795124403
-0.13615797930804
-0.13534526464399
-0.13452983998386
-0.13371173806760
-0.13289099164227
-0.13206763346111
-0.13124169628264
-0.13041321286972
-0.12958221598869
-0.12874873840844
-0.12791281289947
-0.12707447223306
-0.12623374918031
-0.12539067651124
-0.12454528699392
-0.12369761339355
-0.12284768847156
-0.12199554498470
-0.12114121568417
-0.12028473331473
-0.11942613061375
-0.11856544031039
-0.11770269512464
-0.11683792776650
-0.11597117093503
-0.11510245731749
-0.11423181958845
-0.11335929040891
-0.11248490242541
-0.11160868826914
-0.11073068055509
-0.10985091188114
-0.10896941482718
-0.10808622195427
-0.10720136580373
-0.10631487889628
-0.10542679373118
-0.10453714278534
-0.10364595851247
-0.10275327334221
-0.10185911967924
-0.10096352990246
-0.10006653636412
-0.09916817138893
-0.09826846727322
-0.09736745628411
-0.09646517065862
-0.09556164260284
-0.09465690429107
-0.09375098786498
-0.09284392543275
-0.09193574906826
-0.09102649081020
-0.09011618266127
-0.08920485658732
-0.08829254451655
-0.08737927833860
-0.08646508990381
-0.08555001102233
-0.08463407346332
-0.08371730895411
-0.08279974917938
-0.08188142578036
-0.08096237035398
-0.08004261445208
-0.07912218958057
-0.07820112719866
-0.07727945871801
-0.07635721550194
-0.07543442886461
-0.07451113007027
-0.07358735033239
-0.07266312081290
-0.07173847262142
-0.07081343681440
-0.06988804439439
-0.06896232630924
-0.06803631345129
-0.06711003665662
-0.06618352670425
-0.06525681431537
-0.06432993015258
-0.06340290481907
-0.06247576885792
-0.06154855275128
-0.06062128691963
-0.05969400172102
-0.05876672745028
-0.05783949433834
-0.05691233255137
-0.05598527219014
-0.05505834328918
-0.05413157581611
-0.05320499967084
-0.05227864468487
-0.05135254062054
-0.05042671717029
-0.04950120395597
-0.04857603052803
-0.04765122636490
-0.04672682087219
-0.04580284338200
-0.04487932315221
-0.04395628936576
-0.04303377112995
-0.04211179747573
-0.04119039735697
-0.04026959964982
-0.03934943315196
-0.03842992658194
-0.03751110857844
-0.03659300769968
-0.03567565242261
-0.03475907114233
-0.03384329217138
-0.03292834373905
-0.03201425399073
-0.03110105098721
-0.03018876270407
-0.02927741703098
-0.02836704177104
-0.02745766464015
-0.02654931326633
-0.02564201518909
-0.02473579785881
-0.02383068863602
-0.02292671479087
-0.02202390350240
-0.02112228185796
-0.02022187685258
-0.01932271538834
-0.01842482427372
-0.01752823022304
-0.01663295985582
-0.01573903969613
-0.01484649617207
-0.01395535561509
-0.01306564425942
-0.01217738824147
-0.01129061359927
-0.01040534627181
-0.00952161209854
-0.00863943681872
-0.00775884607087
-0.00687986539222
-0.00600252021809
-0.00512683588136
-0.00425283761189
-0.00338055053598
-0.00250999967579
-0.00164120994880
-0.00077420616727
0.00009098696232
0.00095434483980
0.00181584297184
0.00267545697251
0.00353316256378
0.00438893557605
0.00524275194869
0.00609458773054
0.00694441908043
0.00779222226768
0.00863797367262
0.00948164978710
0.01032322721496
0.01116268267253
0.01199999298916
0.01283513510764
0.01366808608474
0.01449882309167
0.01532732341454
0.01615356445484
0.01697752372993
0.01779917887346
0.01861850763585
0.01943548788476
0.02025009760552
0.02106231490158
0.02187211799495
0.02267948522666
0.02348439505717
0.02428682606679
0.02508675695616
0.02588416654661
0.02667903378063
0.02747133772223
0.02826105755740
0.02904817259451
0.02983266226467
0.03061450612217
0.03139368384487
0.03217017523455
0.03294396021736
0.03371501884414
0.03448333129084
0.03524887785888
0.03601163897549
0.03677159519412
0.03752872719478
0.03828301578440
0.03903444189717
0.03978298659489
0.04052863106734
0.04127135663260
0.04201114473736
0.04274797695730
0.04348183499739
0.04421270069221
0.04494055600629
0.04566538303439
0.04638716400183
0.04710588126481
0.04782151731069
0.04853405475828
0.04924347635817
0.04994976499298
0.05065290367766
0.05135287555978
0.05204966391977
0.05274325217126
0.05343362386126
0.05412076267050
0.05480465241364
0.05548527703955
0.05616262063155
0.05683666740766
0.05750740172082
0.05817480805916
0.05883887104624
0.05949957544123
0.06015690613917
0.06081084817118
0.06146138670469
0.06210850704363
0.06275219462865
0.06339243503733
0.06402921398436
0.06466251732174
0.06529233103897
0.06591864126326
0.06654143425968
0.06716069643133
0.06777641431956
0.06838857460408
0.06899716410318
0.06960216977384
0.07020357871192
0.07080137815230
0.07139555546901
0.07198609817542
0.07257299392432
0.07315623050809
0.07373579585881
0.07431167804841
0.07488386528878
0.07545234593187
0.07601710846982
0.07657814153505
0.07713543390042
0.07768897447923
0.07823875232542
0.07878475663358
0.07932697673909
0.07986540211818
0.08040002238799
0.08093082730670
0.08145780677351
0.08198095082882
0.08250024965417
0.08301569357241
0.08352727304764
0.08403497868538
0.08453880123249
0.08503873157730
0.08553476074962
0.08602687992074
0.08651508040351
0.08699935365231
0.08747969126310
0.08795608497345
0.08842852666248
0.08889700835097
0.08936152220124
0.08982206051726
0.09027861574458
0.09073118047032
0.09117974742317
0.09162430947338
0.09206485963272
0.09250139105443
0.09293389703325
0.09336237100532
0.09378680654817
0.09420719738068
0.09462353736302
0.09503582049658
0.09544404092396
0.09584819292886
0.09624827093604
0.09664426951124
0.09703618336113
0.09742400733319
0.09780773641566
0.09818736573745
0.09856289056804
0.09893430631740
0.09930160853586
0.09966479291405
0.10002385528277
0.10037879161289
0.10072959801521
0.10107627074037
0.10141880617873
0.10175720086020
0.10209145145418
0.10242155476935
0.10274750775359
0.10306930749381
0.10338695121580
0.10370043628409
0.10400976020180
0.10431492061048
0.10461591528991
0.10491274215801
0.10520539927059
0.10549388482123
0.10577819714108
0.10605833469869
0.10633429609979
0.10660608008716
0.10687368554038
0.10713711147565
0.10739635704563
0.10765142153916
0.10790230438112
0.10814900513215
0.10839152348852
0.10862985928182
0.10886401247881
0.10909398318113
0.10931977162512
0.10954137818155
0.10975880335540
0.10997204778562
0.11018111224485
0.11038599763922
0.11058670500806
0.11078323552366
0.11097559049099
0.11116377134746
0.11134777966264
0.11152761713797
0.11170328560654
0.11187478703273
0.11204212351201
0.11220529727058
0.11236431066513
0.11251916618254
0.11266986643957
0.11281641418254
0.11295881228708
0.11309706375779
0.11323117172792
0.11336113945906
0.11348697034086
0.11360866789065
0.11372623575316
0.11383967770016
0.11394899763017
0.11405419956807
0.11415528766482
0.11425226619708
0.11434513956686
0.11443391230120
0.11451858905182
0.11459917459473
0.11467567382990
0.11474809178090
0.11481643359451
0.11488070454039
0.11494091001068
0.11499705551963
0.11504914670322
0.11509718931882
0.11514118924475
0.11518115247990
0.11521708514340
0.11524899347414
0.11527688383044
0.11530076268964
0.11532063664765
0.11533651241862
0.11534839683447
0.11535629684450
0.11536021951500
0.11536017202877
0.11535616168479
0.11534819589770
0.11533628219745
0.11532042822882
0.11530064175104
0.11527693063729
0.11524930287431
0.11521776656196
0.11518232991276
0.11514300125141
0.11509978901444
0.11505270174964
0.11500174811569
0.11494693688168
0.11488827692663
0.11482577723905
0.11475944691645
0.11468929516493
0.11461533129861
0.11453756473927
0.11445600501579
0.11437066176370
0.11428154472470
0.11418866374620
0.11409202878077
0.11399164988573
0.11388753722258
0.11377970105659
0.11366815175621
0.11355289979267
0.11343395573940
0.11331133027156
0.11318503416554
0.11305507829842
0.11292147364752
0.11278423128981
0.11264336240145
0.11249887825725
0.11235079023018
0.11219910979078
0.11204384850670
0.11188501804217
0.11172263015743
0.11155669670823
0.11138722964527
0.11121424101372
0.11103774295262
0.11085774769436
0.11067426756417
0.11048731497952
0.11029690244964
0.11010304257490
0.10990574804632
0.10970503164498
0.10950090624149
0.10929338479542
0.10908248035475
0.10886820605530
0.10865057512018
0.10842960085922
0.10820529666840
0.10797767602930
0.10774675250850
0.10751253975706
0.10727505150988
0.10703430158518
0.10679030388390
0.10654307238914
0.10629262116554
0.10603896435874
0.10578211619479
0.10552209097955
0.10525890309811
0.10499256701420
0.10472309726961
0.10445050848360
0.10417481535228
0.10389603264806
0.10361417521901
0.10332925798829
0.10304129595355
0.10275030418632
0.10245629783141
0.10215929210632
0.10185930230061
0.10155634377533
0.10125043196238
0.10094158236390
0.10062981055172
0.10031513216666
0.09999756291799
0.09967711858277
0.09935381500526
0.09902766809631
0.09869869383272
0.09836690825664
0.09803232747493
0.09769496765857
0.09735484504202
0.09701197592259
0.09666637665983
0.09631806367491
0.09596705344997
0.09561336252753
0.09525700750982
0.09489800505819
0.09453637189244
0.09417212479025
0.09380528058647
0.09343585617256
0.09306386849592
0.09268933455925
0.09231227141994
0.09193269618942
0.09155062603252
0.09116607816685
0.09077906986214
0.09038961843962
0.08999774127139
0.08960345577973
0.08920677943651
0.08880772976255
0.08840632432694
0.08800258074642
0.08759651668476
0.08718814985206
0.08677749800416
0.08636457894198
0.08594941051086
0.08553201059992
0.08511239714144
0.08469058811017
0.08426660152273
0.08384045543693
0.08341216795112
0.08298175720359
0.08254924137185
0.08211463867206
0.08167796735830
0.08123924572199
0.08079849209121
0.08035572483006
0.07991096233800
0.07946422304919
0.07901552543190
0.07856488798777
0.07811232925125
0.07765786778887
0.07720152219866
0.07674331110946
0.07628325318026
0.07582136709959
0.07535767158484
0.07489218538163
0.07442492726312
0.07395591602943
0.07348517050691
0.07301270954755
0.07253855202832
0.07206271685048
0.07158522293901
0.07110608924186
0.07062533472938
0.07014297839367
0.06965903924786
0.06917353632554
0.06868648868009
0.06819791538400
0.06770783552827
0.06721626822174
0.06672323259042
0.06622874777690
0.06573283293968
0.06523550725248
0.06473678990368
0.06423670009561
0.06373525704393
0.06323247997698
0.06272838813515
0.06222300077024
0.06171633714478
0.06120841653147
0.06069925821242
0.06018888147865
0.05967730562933
0.05916454997122
0.05865063381798
0.05813557648960
0.05761939731167
0.05710211561484
0.05658375073413
0.05606432200830
0.05554384877923
0.05502235039129
0.05449984619070
0.05397635552491
0.05345189774194
0.05292649218981
0.05240015821585
0.05187291516610
0.05134478238471
0.05081577921326
0.05028592499019
0.04975523905013
0.04922374072333
0.04869144933498
0.04815838420465
0.04762456464562
0.04709000996431
0.04655473945960
0.04601877242230
0.04548212813446
0.04494482586879
0.04440688488806
0.04386832444446
0.04332916377901
0.04278942212094
0.04224911868712
0.04170827268139
0.04116690329400
0.04062502970103
0.04008267106370
0.03953984652789
0.03899657522342
0.03845287626356
0.03790876874434
0.03736427174404
0.03681940432254
0.03627418552073
0.03572863435996
0.03518276984142
0.03463661094555
0.03409017663147
0.03354348583638
0.03299655747501
0.03244941043899
0.03190206359631
0.03135453579073
0.03080684584118
0.03025901254124
0.02971105465851
0.02916299093407
0.02861484008190
0.02806662078833
0.02751835171145
0.02697005148055
0.02642173869555
0.02587343192649
0.02532514971290
0.02477691056327
0.02422873295453
0.02368063533143
0.02313263610605
0.02258475365721
0.02203700632992
0.02148941243489
0.02094199024789
0.02039475800932
0.01984773392355
0.01930093615849
0.01875438284497
0.01820809207628
0.01766208190755
0.01711637035530
0.01657097539688
0.01602591496991
0.01548120697182
0.01493686925927
0.01439291964767
0.01384937591064
0.01330625577950
0.01276357694274
0.01222135704553
0.01167961368922
0.01113836443079
0.01059762678237
0.01005741821075
0.00951775613685
0.00897865793525
0.00844014093365
0.00790222241243
0.00736491960411
0.00682824969290
0.00629222981418
0.00575687705402
0.00522220844871
0.00468824098428
0.00415499159600
0.00362247716792
0.00309071453241
0.00255972046964
0.00202951170716
0.00150010491943
0.00097151672730
0.00044376369763
-0.00008313765725
-0.00060917087992
-0.00113431956840
-0.00165856737654
-0.00218189801450
-0.00270429524922
-0.00322574290480
-0.00374622486302
-0.00426572506371
-0.00478422750523
-0.00530171624490
-0.00581817539942
-0.00633358914531
-0.00684794171934
-0.00736121741893
-0.00787340060261
-0.00838447569040
-0.00889442716428
-0.00940323956853
-0.00991089751023
-0.01041738565958
-0.01092268875038
-0.01142679158039
-0.01192967901174
-0.01243133597135
-0.01293174745129
-0.01343089850922
-0.01392877426871
-0.01442535991972
-0.01492064071890
-0.01541460199002
-0.01590722912435
-0.01639850758100
-0.01688842288734
-0.01737696063935
-0.01786410650198
-0.01834984620952
-0.01883416556599
-0.01931705044547
-0.01979848679245
-0.02027846062222
-0.02075695802121
-0.02123396514730
-0.02170946823024
-0.02218345357191
-0.02265590754674
-0.02312681660200
-0.02359616725812
-0.02406394610909
-0.02453013982272
-0.02499473514099
-0.02545771888039
-0.02591907793223
-0.02637879926294
-0.02683686991442
-0.02729327700431
-0.02774800772633
-0.02820104935059
-0.02865238922386
-0.02910201476990
-0.02954991348974
-0.02999607296200
-0.03044048084314
-0.03088312486779
-0.03132399284901
-0.03176307267857
-0.03220035232726
-0.03263581984513
-0.03306946336178
-0.03350127108664
-0.03393123130922
-0.03435933239938
-0.03478556280759
-0.03520991106522
-0.03563236578474
-0.03605291566000
-0.03647154946650
-0.03688825606159
-0.03730302438477
-0.03771584345789
-0.03812670238538
-0.03853559035453
-0.03894249663568
-0.03934741058246
-0.03975032163203
-0.04015121930528
-0.04055009320706
-0.04094693302641
-0.04134172853673
-0.04173446959605
-0.04212514614719
-0.04251374821797
-0.04290026592145
-0.04328468945607
-0.04366700910589
-0.04404721524076
-0.04442529831651
-0.04480124887513
-0.04517505754500
-0.04554671504097
-0.04591621216466
-0.04628353980453
-0.04664868893609
-0.04701165062210
-0.04737241601266
-0.04773097634543
-0.04808732294579
-0.04844144722693
-0.04879334069009
-0.04914299492463
-0.04949040160824
-0.04983555250701
-0.05017843947566
-0.05051905445759
-0.05085738948507
-0.05119343667934
-0.05152718825074
-0.05185863649886
-0.05218777381262
-0.05251459267043
-0.05283908564025
-0.05316124537977
-0.05348106463646
-0.05379853624770
-0.05411365314088
-0.05442640833349
-0.05473679493325
-0.05504480613814
-0.05535043523655
-0.05565367560733
-0.05595452071990
-0.05625296413429
-0.05654899950128
-0.05684262056241
-0.05713382115008
-0.05742259518762
-0.05770893668936
-0.05799283976067
-0.05827429859804
-0.05855330748913
-0.05882986081280
-0.05910395303921
-0.05937557872982
-0.05964473253744
-0.05991140920629
-0.06017560357204
-0.06043731056181
-0.06069652519422
-0.06095324257946
-0.06120745791922
-0.06145916650681
-0.06170836372711
-0.06195504505664
-0.06219920606352
-0.06244084240752
-0.06267994984004
-0.06291652420414
-0.06315056143453
-0.06338205755755
-0.06361100869118
-0.06383741104505
-0.06406126092038
-0.06428255471003
-0.06450128889844
-0.06471746006159
-0.06493106486704
-0.06514210007386
-0.06535056253260
-0.06555644918529
-0.06575975706535
-0.06596048329761
-0.06615862509825
-0.06635417977473
-0.06654714472577
-0.06673751744130
-0.06692529550240
-0.06711047658123
-0.06729305844102
-0.06747303893594
-0.06765041601109
-0.06782518770241
-0.06799735213660
-0.06816690753109
-0.06833385219391
-0.06849818452365
-0.06865990300934
-0.06881900623042
-0.06897549285660
-0.06912936164780
-0.06928061145404
-0.06942924121537
-0.06957524996174
-0.06971863681292
-0.06985940097836
-0.06999754175715
-0.07013305853785
-0.07026595079839
-0.07039621810598
-0.07052386011696
-0.07064887657669
-0.07077126731943
-0.07089103226822
-0.07100817143473
-0.07112268491916
-0.07123457291004
-0.07134383568419
-0.07145047360649
-0.07155448712978
-0.07165587679472
-0.07175464322961
-0.07185078715028
-0.07194430935990
-0.07203521074882
-0.07212349229447
-0.07220915506111
-0.07229220019975
-0.07237262894791
-0.07245044262952
-0.07252564265468
-0.07259823051953
-0.07266820780607
-0.07273557618196
-0.07280033740034
-0.07286249329965
-0.07292204580347
-0.07297899692026
-0.07303334874325
-0.07308510345019
-0.07313426330315
-0.07318083064836
-0.07322480791598
-0.07326619761987
-0.07330500235745
-0.07334122480941
-0.07337486773957
-0.07340593399461
-0.07343442650387
-0.07346034827915
-0.07348370241446
-0.07350449208580
-0.07352272055094
-0.07353839114918
-0.07355150730116
-0.07356207250854
-0.07357009035385
-0.07357556450019
-0.07357849869104
-0.07357889674997
-0.07357676258040
-0.07357210016539
-0.07356491356736
-0.07355520692781
-0.07354298446713
-0.07352825048430
-0.07351100935661
-0.07349126553945
-0.07346902356601
-0.07344428804704
-0.07341706367054
-0.07338735520153
-0.07335516748176
-0.07332050542943
-0.07328337403891
-0.07324377838050
-0.07320172360007
-0.07315721491887
-0.07311025763316
-0.07306085711399
-0.07300901880685
-0.07295474823143
-0.07289805098129
-0.07283893272359
-0.07277739919874
-0.07271345622020
-0.07264710967406
-0.07257836551882
-0.07250722978506
-0.07243370857510
-0.07235780806273
-0.07227953449290
-0.07219889418138
-0.07211589351444
-0.07203053894857
-0.07194283701013
-0.07185279429503
-0.07176041746841
-0.07166571326433
-0.07156868848542
-0.07146935000257
-0.07136770475457
-0.07126375974783
-0.07115752205599
-0.07104899881960
-0.07093819724582
-0.07082512460802
-0.07070978824550
-0.07059219556307
-0.07047235403079
-0.07035027118358
-0.07022595462086
-0.07009941200622
-0.06997065106708
-0.06983967959431
-0.06970650544189
-0.06957113652655
-0.06943358082742
-0.06929384638566
-0.06915194130410
-0.06900787374689
-0.06886165193911
-0.06871328416644
-0.06856277877476
-0.06841014416981
-0.06825538881679
-0.06809852124002
-0.06793955002254
-0.06777848380575
-0.06761533128903
-0.06745010122937
-0.06728280244097
-0.06711344379489
-0.06694203421865
-0.06676858269585
-0.06659309826579
-0.06641559002308
-0.06623606711726
-0.06605453875240
-0.06587101418672
-0.06568550273221
-0.06549801375420
-0.06530855667102
-0.06511714095356
-0.06492377612491
-0.06472847175994
-0.06453123748491
-0.06433208297707
-0.06413101796426
-0.06392805222451
-0.06372319558563
-0.06351645792484
-0.06330784916831
-0.06309737929080
-0.06288505831523
-0.06267089631229
-0.06245490340002
-0.06223708974338
-0.06201746555390
-0.06179604108919
-0.06157282665260
-0.06134783259275
-0.06112106930315
-0.06089254722178
-0.06066227683066
-0.06043026865543
-0.06019653326496
-0.05996108127091
-0.05972392332731
-0.05948507013014
-0.05924453241691
-0.05900232096627
-0.05875844659751
-0.05851292017022
-0.05826575258381
-0.05801695477710
-0.05776653772793
-0.05751451245266
-0.05726089000580
-0.05700568147957
-0.05674889800348
-0.05649055074385
-0.05623065090344
-0.05596920972102
-0.05570623847087
-0.05544174846242
-0.05517575103980
-0.05490825758139
-0.05463927949938
-0.05436882823938
-0.05409691527994
-0.05382355213213
-0.05354875033912
-0.05327252147572
-0.05299487714797
-0.05271582899266
-0.05243538867695
-0.05215356789788
-0.05187037838198
-0.05158583188479
-0.05129994019043
-0.05101271511119
-0.05072416848706
-0.05043431218530
-0.05014315810000
-0.04985071815164
-0.04955700428664
-0.04926202847695
-0.04896580271957
-0.04866833903613
-0.04836964947244
-0.04806974609806
-0.04776864100585
-0.04746634631152
-0.04716287415322
-0.04685823669104
-0.04655244610664
-0.04624551460273
-0.04593745440270
-0.04562827775012
-0.04531799690834
-0.04500662416002
-0.04469417180669
-0.04438065216832
-0.04406607758288
-0.04375046040587
-0.04343381300990
-0.04311614778424
-0.04279747713439
-0.04247781348161
-0.04215716926251
-0.04183555692857
-0.04151298894574
-0.04118947779397
-0.04086503596677
-0.04053967597079
-0.04021341032533
-0.03988625156196
-0.03955821222403
-0.03922930486626
-0.03889954205428
-0.03856893636419
-0.03823750038214
-0.03790524670386
-0.03757218793425
-0.03723833668692
-0.03690370558375
-0.03656830725447
-0.03623215433621
-0.03589525947305
-0.03555763531561
-0.03521929452058
-0.03488024975032
-0.03454051367237
-0.03420009895909
-0.03385901828715
-0.03351728433714
-0.03317490979312
-0.03283190734218
-0.03248828967403
-0.03214406948054
-0.03179925945532
-0.03145387229328
-0.03110792069021
-0.03076141734235
-0.03041437494595
-0.03006680619683
-0.02971872378998
-0.02937014041912
-0.02902106877624
-0.02867152155123
-0.02832151143141
-0.02797105110112
-0.02762015324129
-0.02726883052903
-0.02691709563719
-0.02656496123393
-0.02621243998232
-0.02585954453991
-0.02550628755829
-0.02515268168271
-0.02479873955162
-0.02444447379628
-0.02408989704034
-0.02373502189938
-0.02337986098057
-0.02302442688219
-0.02266873219326
-0.02231278949308
-0.02195661135086
-0.02160021032530
-0.02124359896417
-0.02088678980389
-0.02052979536914
-0.02017262817246
-0.01981530071382
-0.01945782548022
-0.01910021494531
-0.01874248156893
-0.01838463779679
-0.01802669605999
-0.01766866877466
-0.01731056834156
-0.01695240714566
-0.01659419755576
-0.01623595192411
-0.01587768258597
-0.01551940185925
-0.01516112204412
-0.01480285542259
-0.01444461425815
-0.01408641079536
-0.01372825725946
-0.01337016585602
-0.01301214877049
-0.01265421816788
-0.01229638619234
-0.01193866496678
-0.01158106659250
-0.01122360314881
-0.01086628669263
-0.01050912925816
-0.01015214285645
-0.00979533947506
-0.00943873107767
-0.00908232960373
-0.00872614696805
-0.00837019506049
-0.00801448574553
-0.00765903086193
-0.00730384222239
-0.00694893161315
-0.00659431079364
-0.00623999149611
-0.00588598542530
-0.00553230425805
-0.00517895964296
-0.00482596320003
-0.00447332652031
-0.00412106116554
-0.00376917866780
-0.00341769052918
-0.00306660822142
-0.00271594318553
-0.00236570683150
-0.00201591053795
-0.00166656565174
-0.00131768348768
-0.00096927532816
-0.00062135242285
-0.00027392598832
0.00007299279226
0.00041939276948
0.00076526282798
0.00111059188683
0.00145536889981
0.00179958285578
0.00214322277896
0.00248627772928
0.00282873680270
0.00317058913151
0.00351182388468
0.00385243026814
0.00419239752511
0.00453171493643
0.00487037182084
0.00520835753531
0.00554566147531
0.00588227307520
0.00621818180842
0.00655337718789
0.00688784876627
0.00722158613623
0.00755457893079
0.00788681682362
0.00821828952930
0.00854898680361
0.00887889844385
0.00920801428911
0.00953632422057
0.00986381816175
0.01019048607884
0.01051631798092
0.01084130392030
0.01116543399278
0.01148869833788
0.01181108713918
0.01213259062455
0.01245319906641
0.01277290278203
0.01309169213381
0.01340955752945
0.01372648942234
0.01404247831172
0.01435751474299
0.01467158930793
0.01498469264500
0.01529681543954
0.01560794842407
0.01591808237850
0.01622720813039
0.01653531655521
0.01684239857653
0.01714844516635
0.01745344734524
0.01775739618264
0.01806028279708
0.01836209835640
0.01866283407799
0.01896248122903
0.01926103112669
0.01955847513836
0.01985480468191
0.02015001122584
0.02044408628958
0.02073702144364
0.02102880830985
0.02131943856158
0.02160890392395
0.02189719617400
0.02218430714095
0.02247022870639
0.02275495280443
0.02303847142198
0.02332077659890
0.02360186042820
0.02388171505623
0.02416033268290
0.02443770556184
0.02471382600059
0.02498868636081
0.02526227905842
0.02553459656384
0.02580563140210
0.02607537615307
0.02634382345162
0.02661096598779
0.02687679650696
0.02714130781000
0.02740449275348
0.02766634424980
0.02792685526736
0.02818601883072
0.02844382802076
0.02870027597483
0.02895535588693
0.02920906100781
0.02946138464516
0.02971232016376
0.02996186098559
0.03021000059001
0.03045673251387
0.03070205035166
0.03094594775568
0.03118841843610
0.03142945616118
0.03166905475731
0.03190720810922
0.03214391016004
0.03237915491148
0.03261293642390
0.03284524881647
0.03307608626724
0.03330544301332
0.03353331335094
0.03375969163556
0.03398457228203
0.03420794976463
0.03442981861722
0.03465017343333
0.03486900886624
0.03508631962910
0.03530210049503
0.03551634629720
0.03572905192889
0.03594021234366
0.03614982255536
0.03635787763823
0.03656437272703
0.03676930301705
0.03697266376424
0.03717445028526
0.03737465795756
0.03757328221947
0.03777031857022
0.03796576257006
0.03815960984029
0.03835185606336
0.03854249698287
0.03873152840369
0.03891894619198
0.03910474627526
0.03928892464244
0.03947147734390
0.03965240049153
0.03983169025875
0.04000934288057
0.04018535465365
0.04035972193630
0.04053244114855
0.04070350877218
0.04087292135071
0.04104067548950
0.04120676785573
0.04137119517844
0.04153395424853
0.04169504191883
0.04185445510408
0.04201219078097
0.04216824598813
0.04232261782616
0.04247530345766
0.04262630010718
0.04277560506131
0.04292321566859
0.04306912933959
0.04321334354688
0.04335585582503
0.04349666377058
0.04363576504210
0.04377315736010
0.04390883850709
0.04404280632753
0.04417505872781
0.04430559367626
0.04443440920313
0.04456150340053
0.04468687442245
0.04481052048472
0.04493243986497
0.04505263090264
0.04517109199889
0.04528782161663
0.04540281828042
0.04551608057649
0.04562760715267
0.04573739671836
0.04584544804448
0.04595175996341
0.04605633136898
0.04615916121640
0.04626024852218
0.04635959236413
0.04645719188128
0.04655304627379
0.04664715480296
0.04673951679109
0.04683013162149
0.04691899873834
0.04700611764671
0.04709148791240
0.04717510916192
0.04725698108243
0.04733710342160
0.04741547598761
0.04749209864902
0.04756697133469
0.04764009403372
0.04771146679535
0.04778108972888
0.04784896300357
0.04791508684856
0.04797946155278
0.04804208746481
0.04810296499287
0.04816209460464
0.04821947682719
0.04827511224689
0.04832900150929
0.04838114531901
0.04843154443964
0.04848019969363
0.04852711196218
0.04857228218512
0.04861571136078
0.04865740054591
0.04869735085553
0.04873556346282
0.04877203959900
0.04880678055318
0.04883978767228
0.04887106236085
0.04890060608099
0.04892842035216
0.04895450675111
0.04897886691170
0.04900150252476
0.04902241533800
0.04904160715579
0.04905907983912
0.04907483530534
0.04908887552811
0.04910120253719
0.04911181841835
0.04912072531313
0.04912792541879
0.04913342098807
0.04913721432910
0.04913930780517
0.04913970383466
0.04913840489079
0.04913541350151
0.04913073224933
0.04912436377114
0.04911631075803
0.04910657595517
0.04909516216159
0.04908207223001
0.04906730906670
0.04905087563128
0.04903277493654
0.04901301004826
0.04899158408505
0.04896850021815
0.04894376167123
0.04891737172026
0.04888933369325
0.04885965097013
0.04882832698250
0.04879536521349
0.04876076919752
0.04872454252015
0.04868668881786
0.04864721177786
0.04860611513785
0.04856340268591
0.04851907826022
0.04847314574886
0.04842560908967
0.04837647226996
0.04832573932637
0.04827341434463
0.04821950145933
0.04816400485376
0.04810692875966
0.04804827745701
0.04798805527382
0.04792626658590
0.04786291581668
0.04779800743694
0.04773154596462
0.04766353596458
0.04759398204840
0.04752288887413
0.04745026114607
0.04737610361455
0.04730042107570
0.04722321837122
0.04714450038814
0.04706427205858
0.04698253835956
0.04689930431271
0.04681457498405
0.04672835548379
0.04664065096604
0.04655146662859
0.04646080771268
0.04636867950275
0.04627508732617
0.04618003655306
0.04608353259597
0.04598558090968
0.04588618699095
0.04578535637826
0.04568309465153
0.04557940743194
0.04547430038163
0.04536777920342
0.04525984964064
0.04515051747679
0.04503978853534
0.04492766867942
0.04481416381164
0.04469927987374
0.04458302284640
0.04446539874894
0.04434641363906
0.04422607361262
0.04410438480331
0.04398135338242
0.04385698555859
0.04373128757751
0.04360426572167
0.04347592631007
0.04334627569800
0.04321532027672
0.04308306647319
0.04294952074985
0.04281468960427
0.04267857956895
0.04254119721099
0.04240254913184
0.04226264196704
0.04212148238589
0.04197907709123
0.04183543281912
0.04169055633859
0.04154445445134
0.04139713399146
0.04124860182516
0.04109886485049
0.04094792999703
0.04079580422564
0.04064249452816
0.04048800792710
0.04033235147542
0.04017553225618
0.04001755738227
0.03985843399613
0.03969816926949
0.03953677040301
0.03937424462606
0.03921059919638
0.03904584139983
0.03887997855007
0.03871301798828
0.03854496708287
0.03837583322916
0.03820562384915
0.03803434639114
0.03786200832952
0.03768861716442
0.03751418042142
0.03733870565128
0.03716220042963
0.03698467235666
0.03680612905684
0.03662657817863
0.03644602739414
0.03626448439890
0.03608195691149
0.03589845267328
0.03571397944813
0.03552854502209
0.03534215720308
0.03515482382061
0.03496655272547
0.03477735178943
0.03458722890494
0.03439619198482
0.03420424896199
0.03401140778911
0.03381767643833
0.03362306290097
0.03342757518720
0.03323122132577
0.03303400936367
0.03283594736585
0.03263704341492
0.03243730561082
0.03223674207053
0.03203536092779
0.03183317033275
0.03163017845169
0.03142639346673
0.03122182357548
0.03101647699079
0.03081036194039
0.03060348666665
0.03039585942619
0.03018748848965
0.02997838214136
0.02976854867901
0.02955799641337
0.02934673366799
0.02913476877888
0.02892211009418
0.02870876597393
0.02849474478968
0.02828005492423
0.02806470477132
0.02784870273531
0.02763205723089
0.02741477668277
0.02719686952537
0.02697834420252
0.02675920916714
0.02653947288098
0.02631914381425
0.02609823044536
0.02587674126061
0.02565468475387
0.02543206942629
0.02520890378599
0.02498519634775
0.02476095563273
0.02453619016812
0.02431090848691
0.02408511912749
0.02385883063345
0.02363205155320
0.02340479043970
0.02317705585015
0.02294885634569
0.02272020049112
0.02249109685455
0.02226155400716
0.02203158052282
0.02180118497789
0.02157037595083
0.02133916202194
0.02110755177308
0.02087555378733
0.02064317664872
0.02041042894191
0.02017731925191
0.01994385616379
0.01971004826235
0.01947590413186
0.01924143235573
0.01900664151625
0.01877154019426
0.01853613696890
0.01830044041725
0.01806445911411
0.01782820163164
0.01759167653912
0.01735489240262
0.01711785778474
0.01688058124428
0.01664307133601
0.01640533661030
0.01616738561290
0.01592922688461
0.01569086896100
0.01545232037216
0.01521358964234
0.01497468528972
0.01473561582610
0.01449638975665
0.01425701557955
0.01401750178580
0.01377785685886
0.01353808927439
0.01329820750001
0.01305821999494
0.01281813520980
0.01257796158626
0.01233770755682
0.01209738154448
0.01185699196250
0.01161654721411
0.01137605569222
0.01113552577916
0.01089496584640
0.01065438425430
0.01041378935177
0.01017318947607
0.00993259295251
0.00969200809416
0.00945144320160
0.00921090656268
0.00897040645216
0.00872995113156
0.00848954884879
0.00824920783794
0.00800893631903
0.00776874249767
0.00752863456488
0.00728862069678
0.00704870905434
0.00680890778311
0.00656922501298
0.00632966885790
0.00609024741564
0.00585096876753
0.00561184097817
0.00537287209522
0.00513407014913
0.00489544315288
0.00465699910174
0.00441874597298
0.00418069172567
0.00394284430042
0.00370521161911
0.00346780158464
0.00323062208070
0.00299368097154
0.00275698610169
0.00252054529574
0.00228436635807
0.00204845707265
0.00181282520277
0.00157747849080
0.00134242465798
0.00110767140413
0.00087322640749
0.00063909732440
0.00040529178912
0.00017181741360
-0.00006131821279
-0.00029410752346
-0.00052654297484
-0.00075861704660
-0.00099032224189
-0.00122165108757
-0.00145259613441
-0.00168314995733
-0.00191330515564
-0.00214305435323
-0.00237239019881
-0.00260130536611
-0.00282979255414
-0.00305784448736
-0.00328545391591
-0.00351261361585
-0.00373931638934
-0.00396555506486
-0.00419132249743
-0.00441661156883
-0.00464141518778
-0.00486572629016
-0.00508953783923
-0.00531284282581
-0.00553563426851
-0.00575790521390
-0.00597964873674
-0.00620085794018
-0.00642152595593
-0.00664164594449
-0.00686121109531
-0.00708021462704
-0.00729864978765
-0.00751650985469
-0.00773378813545
-0.00795047796713
-0.00816657271708
-0.00838206578294
-0.00859695059283
-0.00881122060559
-0.00902486931086
-0.00923789022938
-0.00945027691307
-0.00966202294528
-0.00987312194091
-0.01008356754664
-0.01029335344106
-0.01050247333487
-0.01071092097106
-0.01091869012505
-0.01112577460487
-0.01133216825135
-0.01153786493826
-0.01174285857249
-0.01194714309421
-0.01215071247702
-0.01235356072815
-0.01255568188856
-0.01275707003317
-0.01295771927093
-0.01315762374507
-0.01335677763319
-0.01355517514742
-0.01375281053459
-0.01394967807639
-0.01414577208947
-0.01434108692564
-0.01453561697199
-0.01472935665102
-0.01492230042082
-0.01511444277519
-0.01530577824377
-0.01549630139221
-0.01568600682225
-0.01587488917194
-0.01606294311568
-0.01625016336444
-0.01643654466582
-0.01662208180423
-0.01680676960098
-0.01699060291443
-0.01717357664013
-0.01735568571091
-0.01753692509699
-0.01771728980618
-0.01789677488390
-0.01807537541338
-0.01825308651571
-0.01842990335001
-0.01860582111350
-0.01878083504166
-0.01895494040827
-0.01912813252561
-0.01930040674447
-0.01947175845434
-0.01964218308347
-0.01981167609898
-0.01998023300695
-0.02014784935256
-0.02031452072014
-0.02048024273330
-0.02064501105501
-0.02080882138771
-0.02097166947337
-0.02113355109363
-0.02129446206983
-0.02145439826316
-0.02161335557470
-0.02177132994552
-0.02192831735676
-0.02208431382974
-0.02223931542599
-0.02239331824738
-0.02254631843614
-0.02269831217501
-0.02284929568724
-0.02299926523671
-0.02314821712799
-0.02329614770640
-0.02344305335809
-0.02358893051011
-0.02373377563044
-0.02387758522812
-0.02402035585323
-0.02416208409704
-0.02430276659199
-0.02444240001180
-0.02458098107148
-0.02471850652745
-0.02485497317752
-0.02499037786099
-0.02512471745869
-0.02525798889303
-0.02539018912802
-0.02552131516936
-0.02565136406444
-0.02578033290242
-0.02590821881425
-0.02603501897271
-0.02616073059245
-0.02628535093004
-0.02640887728398
-0.02653130699476
-0.02665263744486
-0.02677286605881
-0.02689199030320
-0.02701000768673
-0.02712691576020
-0.02724271211658
-0.02735739439097
-0.02747096026070
-0.02758340744528
-0.02769473370646
-0.02780493684822
-0.02791401471682
-0.02802196520078
-0.02812878623090
-0.02823447578029
-0.02833903186435
-0.02844245254080
-0.02854473590968
-0.02864588011336
-0.02874588333651
-0.02884474380617
-0.02894245979169
-0.02903902960473
-0.02913445159931
-0.02922872417174
-0.02932184576068
-0.02941381484707
-0.02950462995417
-0.02959428964752
-0.02968279253495
-0.02977013726654
-0.02985632253464
-0.02994134707382
-0.03002520966090
-0.03010790911487
-0.03018944429691
-0.03026981411036
-0.03034901750071
-0.03042705345554
-0.03050392100453
-0.03057961921941
-0.03065414721396
-0.03072750414393
-0.03079968920706
-0.03087070164302
-0.03094054073338
-0.03100920580158
-0.03107669621288
-0.03114301137433
-0.03120815073474
-0.03127211378461
-0.03133490005613
-0.03139650912309
-0.03145694060086
-0.03151619414634
-0.03157426945790
-0.03163116627537
-0.03168688437992
-0.03174142359408
-0.03179478378162
-0.03184696484755
-0.03189796673803
-0.03194778944033
-0.03199643298277
-0.03204389743462
-0.03209018290610
-0.03213528954829
-0.03217921755303
-0.03222196715293
-0.03226353862121
-0.03230393227172
-0.03234314845882
-0.03238118757730
-0.03241805006235
-0.03245373638945
-0.03248824707430
-0.03252158267277
-0.03255374378078
-0.03258473103426
-0.03261454510905
-0.03264318672080
-0.03267065662493
-0.03269695561653
-0.03272208453025
-0.03274604424023
-0.03276883566002
-0.03279045974249
-0.03281091747973
-0.03283020990295
-0.03284833808241
-0.03286530312731
-0.03288110618570
-0.03289574844437
-0.03290923112879
-0.03292155550297
-0.03293272286936
-0.03294273456878
-0.03295159198030
-0.03295929652112
-0.03296584964651
-0.03297125284965
-0.03297550766155
-0.03297861565095
-0.03298057842418
-0.03298139762508
-0.03298107493488
-0.03297961207207
-0.03297701079230
-0.03297327288827
-0.03296840018960
-0.03296239456271
-0.03295525791072
-0.03294699217331
-0.03293759932661
-0.03292708138308
-0.03291544039137
-0.03290267843622
-0.03288879763831
-0.03287380015415
-0.03285768817595
-0.03284046393149
-0.03282212968396
-0.03280268773191
-0.03278214040901
-0.03276049008402
-0.03273773916057
-0.03271389007709
-0.03268894530663
-0.03266290735675
-0.03263577876938
-0.03260756212065
-0.03257826002079
-0.03254787511397
-0.03251641007815
-0.03248386762496
-0.03245025049954
-0.03241556148038
-0.03237980337921
-0.03234297904084
-0.03230509134299
-0.03226614319616
-0.03222613754348
-0.03218507736056
-0.03214296565535
-0.03209980546794
-0.03205559987046
-0.03201035196692
-0.03196406489300
-0.03191674181598
-0.03186838593450
-0.03181900047845
-0.03176858870882
-0.03171715391750
-0.03166469942714
-0.03161122859099
-0.03155674479276
-0.03150125144640
-0.03144475199598
-0.03138724991554
-0.03132874870886
-0.03126925190937
-0.03120876307992
-0.03114728581266
-0.03108482372883
-0.03102138047862
-0.03095695974100
-0.03089156522353
-0.03082520066219
-0.03075786982122
-0.03068957649296
-0.03062032449764
-0.03055011768323
-0.03047895992524
-0.03040685512660
-0.03033380721741
-0.03025982015482
-0.03018489792282
-0.03010904453207
-0.03003226401972
-0.02995456044923
-0.02987593791021
-0.02979640051819
-0.02971595241448
-0.02963459776598
-0.02955234076497
-0.02946918562897
-0.02938513660051
-0.02930019794699
-0.02921437396043
-0.02912766895738
-0.02904008727862
-0.02895163328906
-0.02886231137751
-0.02877212595652
-0.02868108146214
-0.02858918235378
-0.02849643311401
-0.02840283824834
-0.02830840228507
-0.02821312977506
-0.02811702529157
-0.02802009343002
-0.02792233880786
-0.02782376606434
-0.02772437986030
-0.02762418487801
-0.02752318582095
-0.02742138741362
-0.02731879440136
-0.02721541155012
-0.02711124364630
-0.02700629549651
-0.02690057192741
-0.02679407778550
-0.02668681793692
-0.02657879726723
-0.02647002068125
-0.02636049310281
-0.02625021947462
-0.02613920475798
-0.02602745393265
-0.02591497199664
-0.02580176396595
-0.02568783487444
-0.02557318977359
-0.02545783373230
-0.02534177183668
-0.02522500918989
-0.02510755091186
-0.02498940213916
-0.02487056802475
-0.02475105373779
-0.02463086446342
-0.02451000540261
-0.02438848177186
-0.02426629880309
-0.02414346174336
-0.02401997585472
-0.02389584641395
-0.02377107871241
-0.02364567805578
-0.02351964976389
-0.02339299917050
-0.02326573162308
-0.02313785248263
-0.02300936712344
-0.02288028093291
-0.02275059931132
-0.02262032767164
-0.02248947143932
-0.02235803605205
-0.02222602695959
-0.02209344962354
-0.02196030951716
-0.02182661212510
-0.02169236294326
-0.02155756747854
-0.02142223124862
-0.02128635978180
-0.02114995861676
-0.02101303330232
-0.02087558939729
-0.02073763247022
-0.02059916809921
-0.02046020187169
-0.02032073938420
-0.02018078624221
-0.02004034805988
-0.01989943045987
-0.01975803907312
-0.01961617953864
-0.01947385750331
-0.01933107862167
-0.01918784855568
-0.01904417297455
-0.01890005755452
-0.01875550797863
-0.01861052993654
-0.01846512912429
-0.01831931124412
-0.01817308200425
-0.01802644711865
-0.01787941230686
-0.01773198329378
-0.01758416580943
-0.01743596558877
-0.01728738837150
-0.01713843990181
-0.01698912592822
-0.01683945220333
-0.01668942448364
-0.01653904852933
-0.01638833010406
-0.01623727497475
-0.01608588891140
-0.01593417768683
-0.01578214707654
-0.01562980285845
-0.01547715081272
-0.01532419672153
-0.01517094636889
-0.01501740554043
-0.01486358002318
-0.01470947560536
-0.01455509807623
-0.01440045322581
-0.01424554684472
-0.01409038472397
-0.01393497265476
-0.01377931642824
-0.01362342183536
-0.01346729466663
-0.01331094071195
-0.01315436576037
-0.01299757559989
-0.01284057601730
-0.01268337279795
-0.01252597172553
-0.01236837858192
-0.01221059914692
-0.01205263919813
-0.01189450451068
-0.01173620085709
-0.01157773400701
-0.01141910972708
-0.01126033378070
-0.01110141192781
-0.01094234992477
-0.01078315352407
-0.01062382847421
-0.01046438051945
-0.01030481539964
-0.01014513885003
-0.00998535660106
-0.00982547437818
-0.00966549790163
-0.00950543288628
-0.00934528504143
-0.00918506007059
-0.00902476367132
-0.00886440153502
-0.00870397934677
-0.00854350278509
-0.00838297752177
-0.00822240922173
-0.00806180354273
-0.00790116613529
-0.00774050264242
-0.00757981869949
-0.00741911993400
-0.00725841196541
-0.00709770040498
-0.00693699085554
-0.00677628891133
-0.00661560015783
-0.00645493017155
-0.00629428451985
-0.00613366876078
-0.00597308844288
-0.00581254910501
-0.00565205627614
-0.00549161547522
-0.00533123221097
-0.00517091198169
-0.00501066027513
-0.00485048256825
-0.00469038432709
-0.00453037100659
-0.00437044805038
-0.00421062089065
-0.00405089494796
-0.00389127563103
-0.00373176833664
-0.00357237844940
-0.00341311134160
-0.00325397237303
-0.00309496689083
-0.00293610022931
-0.00277737770976
-0.00261880464032
-0.00246038631580
-0.00230212801748
-0.00214403501302
-0.00198611255620
-0.00182836588685
-0.00167080023060
-0.00151342079879
-0.00135623278827
-0.00119924138124
-0.00104245174509
-0.00088586903227
-0.00072949838009
-0.00057334491058
-0.00041741373034
-0.00026170993037
-0.00010623858593
0.00004899524364
0.00020398651504
0.00035873020120
0.00051322129140
0.00066745479144
0.00082142572379
0.00097512912774
0.00112856005952
0.00128171359252
0.00143458481735
0.00158716884205
0.00173946079220
0.00189145581111
0.00204314905989
0.00219453571768
0.00234561098172
0.00249637006754
0.00264680820906
0.00279692065877
0.00294670268786
0.00309614958634
0.00324525666316
0.00339401924642
0.00354243268344
0.00369049234090
0.00383819360500
0.00398553188158
0.00413250259626
0.00427910119456
0.00442532314202
0.00457116392436
0.00471661904759
0.00486168403814
0.00500635444297
0.00515062582973
0.00529449378687
0.00543795392374
0.00558100187075
0.00572363327948
0.00586584382279
0.00600762919493
0.00614898511170
0.00628990731054
0.00643039155065
0.00657043361309
0.00671002930095
0.00684917443939
0.00698786487582
0.00712609647998
0.00726386514404
0.00740116678273
0.00753799733347
0.00767435275643
0.00781022903467
0.00794562217424
0.00808052820428
0.00821494317715
0.00834886316849
0.00848228427736
0.00861520262632
0.00874761436155
0.00887951565294
0.00901090269419
0.00914177170288
0.00927211892063
0.00940194061314
0.00953123307031
0.00965999260633
0.00978821555976
0.00991589829366
0.01004303719562
0.01016962867790
0.01029566917752
0.01042115515630
0.01054608310100
0.01067044952338
0.01079425096029
0.01091748397374
0.01104014515101
0.01116223110471
0.01128373847288
0.01140466391905
0.01152500413231
0.01164475582743
0.01176391574491
0.01188248065104
0.01200044733801
0.01211781262395
0.01223457335302
0.01235072639549
0.01246626864780
0.01258119703261
0.01269550849892
0.01280920002207
0.01292226860386
0.01303471127261
0.01314652508319
0.01325770711711
0.01336825448259
0.01347816431458
0.01358743377489
0.01369606005217
0.01380404036202
0.01391137194703
0.01401805207685
0.01412407804823
0.01422944718506
0.01433415683845
0.01443820438679
0.01454158723576
0.01464430281840
0.01474634859520
0.01484772205405
0.01494842071040
0.01504844210721
0.01514778381507
0.01524644343218
0.01534441858444
0.01544170692547
0.01553830613664
0.01563421392714
0.01572942803399
0.01582394622209
0.01591776628425
0.01601088604125
0.01610330334182
0.01619501606273
0.01628602210878
0.01637631941287
0.01646590593600
0.01655477966730
0.01664293862406
0.01673038085179
0.01681710442420
0.01690310744323
0.01698838803910
0.01707294437032
0.01715677462371
0.01723987701442
0.01732224978594
0.01740389121014
0.01748479958726
0.01756497324597
0.01764441054334
0.01772310986486
0.01780106962448
0.01787828826461
0.01795476425613
0.01803049609838
0.01810548231920
0.01817972147492
0.01825321215040
0.01832595295896
0.01839794254248
0.01846917957132
0.01853966274440
0.01860939078913
0.01867836246146
0.01874657654585
0.01881403185531
0.01888072723134
0.01894666154397
0.01901183369176
0.01907624260174
0.01913988722949
0.01920276655904
0.01926487960294
0.01932622540220
0.01938680302630
0.01944661157318
0.01950565016923
0.01956391796926
0.01962141415651
0.01967813794261
0.01973408856758
0.01978926529981
0.01984366743606
0.01989729430138
0.01995014524917
0.02000221966110
0.02005351694712
0.02010403654543
0.02015377792244
0.02020274057276
0.02025092401917
0.02029832781262
0.02034495153214
0.02039079478487
0.02043585720601
0.02048013845878
0.02052363823439
0.02056635625204
0.02060829225883
0.02064944602979
0.02068981736777
0.02072940610348
0.02076821209541
0.02080623522978
0.02084347542055
0.02087993260932
0.02091560676534
0.02095049788544
0.02098460599401
0.02101793114291
0.02105047341149
0.02108223290648
0.02111320976201
0.02114340413950
0.02117281622764
0.02120144624236
0.02122929442674
0.02125636105099
0.02128264641238
0.02130815083521
0.02133287467073
0.02135681829709
0.02137998211930
0.02140236656917
0.02142397210525
0.02144479921275
0.02146484840353
0.02148412021599
0.02150261521505
0.02152033399205
0.02153727716472
0.02155344537711
0.02156883929951
0.02158345962841
0.02159730708641
0.02161038242217
0.02162268641033
0.02163421985147
0.02164498357200
0.02165497842412
0.02166420528573
0.02167266506040
0.02168035867723
0.02168728709083
0.02169345128124
0.02169885225385
0.02170349103929
0.02170736869341
0.02171048629719
0.02171284495662
0.02171444580268
0.02171528999121
0.02171537870288
0.02171471314305
0.02171329454176
0.02171112415358
0.02170820325757
0.02170453315718
0.02170011518016
0.02169495067850
0.02168904102832
0.02168238762979
0.02167499190704
0.02166685530809
0.02165797930472
0.02164836539244
0.02163801509034
0.02162692994105
0.02161511151061
0.02160256138839
0.02158928118701
0.02157527254223
0.02156053711287
0.02154507658070
0.02152889265035
0.02151198704921
0.02149436152735
0.02147601785741
0.02145695783449
0.02143718327608
0.02141669602192
0.02139549793395
0.02137359089616
0.02135097681452
0.02132765761687
0.02130363525282
0.02127891169363
0.02125348893213
0.02122736898260
0.02120055388066
0.02117304568320
0.02114484646821
0.02111595833474
0.02108638340274
0.02105612381299
0.02102518172697
0.02099355932676
0.02096125881491
0.02092828241437
0.02089463236833
0.02086031094016
0.02082532041324
0.02078966309091
0.02075334129630
0.02071635737225
0.02067871368121
0.02064041260507
0.02060145654508
0.02056184792176
0.02052158917473
0.02048068276263
0.02043913116299
0.02039693687211
0.02035410240495
0.02031063029500
0.02026652309418
0.02022178337270
0.02017641371895
0.02013041673937
0.02008379505834
0.02003655131807
0.01998868817844
0.01994020831692
0.01989111442842
0.01984140922515
0.01979109543657
0.01974017580918
0.01968865310644
0.01963653010864
0.01958380961277
0.01953049443240
0.01947658739755
0.01942209135455
0.01936700916594
0.01931134371033
0.01925509788227
0.01919827459211
0.01914087676590
0.01908290734524
0.01902436928717
0.01896526556400
0.01890559916323
0.01884537308740
0.01878459035393
0.01872325399506
0.01866136705763
0.01859893260303
0.01853595370701
0.01847243345957
0.01840837496484
0.01834378134092
0.01827865571978
0.01821300124710
0.01814682108214
0.01808011839761
0.01801289637955
0.01794515822717
0.01787690715274
0.01780814638143
0.01773887915119
0.01766910871263
0.01759883832884
0.01752807127531
0.01745681083974
0.01738506032194
0.01731282303369
0.01724010229859
0.01716690145191
0.01709322384051
0.01701907282262
0.01694445176779
0.01686936405669
0.01679381308097
0.01671780224317
0.01664133495655
0.01656441464496
0.01648704474269
0.01640922869433
0.01633096995466
0.01625227198848
0.01617313827049
0.01609357228513
0.01601357752646
0.01593315749802
0.01585231571267
0.01577105569248
0.01568938096856
0.01560729508095
0.01552480157845
0.01544190401850
0.01535860596702
0.01527491099832
0.01519082269489
0.01510634464730
0.01502148045405
0.01493623372144
0.01485060806341
0.01476460710143
0.01467823446431
0.01459149378811
0.01450438871596
0.01441692289796
0.01432909999099
0.01424092365861
0.01415239757090
0.01406352540432
0.01397431084157
0.01388475757147
0.01379486928876
0.01370464969404
0.01361410249356
0.01352323139912
0.01343204012791
0.01334053240238
0.01324871195009
0.01315658250357
0.01306414780019
0.01297141158201
0.01287837759563
0.01278504959207
0.01269143132664
0.01259752655873
0.01250333905177
0.01240887257300
0.01231413089340
0.01221911778749
0.01212383703325
0.01202829241191
0.01193248770787
0.01183642670855
0.01174011320423
0.01164355098790
0.01154674385516
0.01144969560406
0.01135241003497
0.01125489095041
0.01115714215495
0.01105916745505
0.01096097065893
0.01086255557643
0.01076392601887
0.01066508579891
0.01056603873040
0.01046678862829
0.01036733930844
0.01026769458749
0.01016785828275
0.01006783421205
0.00996762619359
0.00986723804583
0.00976667358733
0.00966593663660
0.00956503101203
0.00946396053168
0.00936272901317
0.00926134027358
0.00915979812926
0.00905810639573
0.00895626888752
0.00885428941808
0.00875217179960
0.00864991984288
0.00854753735724
0.00844502815033
0.00834239602805
0.00823964479436
0.00813677825122
0.00803380019837
0.00793071443327
0.00782752475096
0.00772423494388
0.00762084880179
0.00751737011161
0.00741380265731
0.00731015021978
0.00720641657666
0.00710260550226
0.00699872076743
0.00689476613938
0.00679074538160
0.00668666225374
0.00658252051142
0.00647832390617
0.00637407618526
0.00626978109160
0.00616544236361
0.00606106373506
0.00595664893500
0.00585220168758
0.00574772571198
0.00564322472224
0.00553870242714
0.00543416253012
0.00532960872911
0.00522504471642
0.00512047417863
0.00501590079645
0.00491132824462
0.00480676019176
0.00470220030027
0.00459765222622
0.00449311961920
0.00438860612222
0.00428411537158
0.00417965099677
0.00407521662033
0.00397081585775
0.00386645231733
0.00376212960009
0.00365785129965
0.00355362100207
0.00344944228581
0.00334531872156
0.00324125387212
0.00313725129234
0.00303331452894
0.00292944712045
0.00282565259707
0.00272193448056
0.00261829628414
0.00251474151236
0.00241127366102
0.00230789621701
0.00220461265826
0.00210142645358
0.00199834106258
0.00189535993555
0.00179248651336
0.00168972422735
0.00158707649921
0.00148454674091
0.00138213835454
0.00127985473226
0.00117769925616
0.00107567529816
0.00097378621991
0.00087203537272
0.00077042609739
0.00066896172416
0.00056764557259
0.00046648095148
0.00036547115873
0.00026461948128
0.00016392919496
0.00006340356448
-0.00003695415677
-0.00013714072675
-0.00023715291490
-0.00033698750221
-0.00043664128133
-0.00053611105668
-0.00063539364452
-0.00073448587306
-0.00083338458253
-0.00093208662530
-0.00103058886598
-0.00112888818148
-0.00122698146110
-0.00132486560666
-0.00142253753255
-0.00151999416585
-0.00161723244640
-0.00171424932687
-0.00181104177291
-0.00190760676316
-0.00200394128939
-0.00210004235656
-0.00219590698294
-0.00229153220012
-0.00238691505320
-0.00248205260076
-0.00257694191503
-0.00267158008194
-0.00276596420119
-0.00286009138635
-0.00295395876492
-0.00304756347843
-0.00314090268252
-0.00323397354699
-0.00332677325591
-0.00341929900767
-0.00351154801508
-0.00360351750544
-0.00369520472059
-0.00378660691703
-0.00387772136594
-0.00396854535330
-0.00405907617994
-0.00414931116161
-0.00423924762906
-0.00432888292811
-0.00441821441971
-0.00450723948002
-0.00459595550047
-0.00468435988783
-0.00477245006429
-0.00486022346751
-0.00494767755067
-0.00503480978260
-0.00512161764776
-0.00520809864636
-0.00529425029441
-0.00538007012378
-0.00546555568226
-0.00555070453362
-0.00563551425767
-0.00571998245034
-0.00580410672370
-0.00588788470605
-0.00597131404198
-0.00605439239240
-0.00613711743461
-0.00621948686236
-0.00630149838591
-0.00638314973207
-0.00646443864427
-0.00654536288258
-0.00662592022380
-0.00670610846150
-0.00678592540607
-0.00686536888474
-0.00694443674170
-0.00702312683806
-0.00710143705199
-0.00717936527869
-0.00725690943047
-0.00733406743681
-0.00741083724437
-0.00748721681707
-0.00756320413611
-0.00763879720002
-0.00771399402472
-0.00778879264351
-0.00786319110718
-0.00793718748401
-0.00801077985980
-0.00808396633794
-0.00815674503943
-0.00822911410294
-0.00830107168479
-0.00837261595906
-0.00844374511757
-0.00851445736994
-0.00858475094364
-0.00865462408396
-0.00872407505413
-0.00879310213527
-0.00886170362649
-0.00892987784488
-0.00899762312553
-0.00906493782161
-0.00913182030434
-0.00919826896307
-0.00926428220526
-0.00932985845655
-0.00939499616074
-0.00945969377986
-0.00952394979416
-0.00958776270217
-0.00965113102067
-0.00971405328476
-0.00977652804787
-0.00983855388177
-0.00990012937658
-0.00996125314082
-0.01002192380142
-0.01008214000372
-0.01014190041151
-0.01020120370701
-0.01026004859094
-0.01031843378250
-0.01037635801939
-0.01043382005781
-0.01049081867253
-0.01054735265681
-0.01060342082250
-0.01065902200000
-0.01071415503829
-0.01076881880493
-0.01082301218607
-0.01087673408648
-0.01092998342951
-0.01098275915717
-0.01103506023005
-0.01108688562739
-0.01113823434706
-0.01118910540557
-0.01123949783808
-0.01128941069837
-0.01133884305889
-0.01138779401073
-0.01143626266364
-0.01148424814599
-0.01153174960484
-0.01157876620587
-0.01162529713341
-0.01167134159045
-0.01171689879860
-0.01176196799812
-0.01180654844789
-0.01185063942544
-0.01189424022691
-0.01193735016704
-0.01197996857920
-0.01202209481534
-0.01206372824604
-0.01210486826041
-0.01214551426618
-0.01218566568960
-0.01222532197552
-0.01226448258729
-0.01230314700680
-0.01234131473447
-0.01237898528919
-0.01241615820836
-0.01245283304785
-0.01248900938198
-0.01252468680352
-0.01255986492364
-0.01259454337193
-0.01262872179638
-0.01266239986333
-0.01269557725748
-0.01272825368185
-0.01276042885777
-0.01279210252487
-0.01282327444103
-0.01285394438238
-0.01288411214326
-0.01291377753623
-0.01294294039199
-0.01297160055942
-0.01299975790549
-0.01302741231527
-0.01305456369192
-0.01308121195662
-0.01310735704857
-0.01313299892494
-0.01315813756088
-0.01318277294944
-0.01320690510157
-0.01323053404610
-0.01325365982967
-0.01327628251673
-0.01329840218948
-0.01332001894788
-0.01334113290957
-0.01336174420985
-0.01338185300167
-0.01340145945555
-0.01342056375958
-0.01343916611936
-0.01345726675799
-0.01347486591600
-0.01349196385134
-0.01350856083929
-0.01352465717251
-0.01354025316090
-0.01355534913163
-0.01356994542908
-0.01358404241477
-0.01359764046736
-0.01361073998258
-0.01362334137318
-0.01363544506893
-0.01364705151650
-0.01365816117951
-0.01366877453839
-0.01367889209040
-0.01368851434957
-0.01369764184661
-0.01370627512892
-0.01371441476051
-0.01372206132196
-0.01372921541036
-0.01373587763929
-0.01374204863872
-0.01374772905500
-0.01375291955080
-0.01375762080505
-0.01376183351289
-0.01376555838562
-0.01376879615064
-0.01377154755141
-0.01377381334737
-0.01377559431392
-0.01377689124233
-0.01377770493972
-0.01377803622896
-0.01377788594866
-0.01377725495306
-0.01377614411204
-0.01377455431100
-0.01377248645082
-0.01376994144781
-0.01376692023366
-0.01376342375536
-0.01375945297513
-0.01375500887039
-0.01375009243367
-0.01374470467259
-0.01373884660972
-0.01373251928262
-0.01372572374369
-0.01371846106014
-0.01371073231393
-0.01370253860172
-0.01369388103474
-0.01368476073882
-0.01367517885425
-0.01366513653573
-0.01365463495234
-0.01364367528742
-0.01363225873854
-0.01362038651741
-0.01360805984984
-0.01359527997563
-0.01358204814854
-0.01356836563621
-0.01355423372007
-0.01353965369529
-0.01352462687071
-0.01350915456876
-0.01349323812539
-0.01347687889002
-0.01346007822542
-0.01344283750768
-0.01342515812613
-0.01340704148327
-0.01338848899465
-0.01336950208887
-0.01335008220746
-0.01333023080482
-0.01330994934813
-0.01328923931729
-0.01326810220485
-0.01324653951591
-0.01322455276807
-0.01320214349134
-0.01317931322805
-0.01315606353283
-0.01313239597244
-0.01310831212577
-0.01308381358375
-0.01305890194923
-0.01303357883694
-0.01300784587341
-0.01298170469686
-0.01295515695716
-0.01292820431572
-0.01290084844543
-0.01287309103057
-0.01284493376674
-0.01281637836075
-0.01278742653056
-0.01275808000523
-0.01272834052478
-0.01269820984013
-0.01266768971303
-0.01263678191599
-0.01260548823214
-0.01257381045522
-0.01254175038944
-0.01250930984942
-0.01247649066012
-0.01244329465672
-0.01240972368457
-0.01237577959910
-0.01234146426570
-0.01230677955970
-0.01227172736623
-0.01223630958014
-0.01220052810595
-0.01216438485775
-0.01212788175907
-0.01209102074287
-0.01205380375141
-0.01201623273613
-0.01197830965766
-0.01194003648564
-0.01190141519867
-0.01186244778424
-0.01182313623860
-0.01178348256673
-0.01174348878219
-0.01170315690708
-0.01166248897193
-0.01162148701562
-0.01158015308528
-0.01153848923622
-0.01149649753182
-0.01145418004348
-0.01141153885048
-0.01136857603992
-0.01132529370663
-0.01128169395308
-0.01123777888929
-0.01119355063274
-0.01114901130828
-0.01110416304803
-0.01105900799132
-0.01101354828457
-0.01096778608121
-0.01092172354160
-0.01087536283293
-0.01082870612913
-0.01078175561077
-0.01073451346501
-0.01068698188544
-0.01063916307207
-0.01059105923119
-0.01054267257526
-0.01049400532290
-0.01044505969869
-0.01039583793319
-0.01034634226276
-0.01029657492953
-0.01024653818127
-0.01019623427132
-0.01014566545848
-0.01009483400696
-0.01004374218622
-0.00999239227096
-0.00994078654097
-0.00988892728105
-0.00983681678094
-0.00978445733520
-0.00973185124316
-0.00967900080877
-0.00962590834056
-0.00957257615152
-0.00951900655904
-0.00946520188477
-0.00941116445457
-0.00935689659840
-0.00930240065025
-0.00924767894801
-0.00919273383341
-0.00913756765192
-0.00908218275266
-0.00902658148832
-0.00897076621503
-0.00891473929232
-0.00885850308300
-0.00880205995305
-0.00874541227159
-0.00868856241074
-0.00863151274551
-0.00857426565380
-0.00851682351619
-0.00845918871595
-0.00840136363888
-0.00834335067328
-0.00828515220981
-0.00822677064140
-0.00816820836321
-0.00810946777248
-0.00805055126849
-0.00799146125243
-0.00793220012733
-0.00787277029797
-0.00781317417079
-0.00775341415379
-0.00769349265644
-0.00763341208963
-0.00757317486552
-0.00751278339748
-0.00745224010002
-0.00739154738867
-0.00733070767990
-0.00726972339105
-0.00720859694020
-0.00714733074612
-0.00708592722819
-0.00702438880625
-0.00696271790059
-0.00690091693179
-0.00683898832070
-0.00677693448829
-0.00671475785561
-0.00665246084369
-0.00659004587342
-0.00652751536551
-0.00646487174038
-0.00640211741808
-0.00633925481820
-0.00627628635977
-0.00621321446119
-0.00615004154017
-0.00608677001358
-0.00602340229741
-0.00595994080668
-0.00589638795536
-0.00583274615624
-0.00576901782093
-0.00570520535966
-0.00564131118133
-0.00557733769329
-0.00551328730138
-0.00544916240975
-0.00538496542082
-0.00532069873520
-0.00525636475159
-0.00519196586672
-0.00512750447523
-0.00506298296963
-0.00499840374017
-0.00493376917481
-0.00486908165910
-0.00480434357612
-0.00473955730638
-0.00467472522776
-0.00460984971541
-0.00454493314167
-0.00447997787602
-0.00441498628495
-0.00434996073192
-0.00428490357726
-0.00421981717812
-0.00415470388834
-0.00408956605841
-0.00402440603539
-0.00395922616281
-0.00389402878060
-0.00382881622503
-0.00376359082862
-0.00369835492005
-0.00363311082411
-0.00356786086159
-0.00350260734923
-0.00343735259964
-0.00337209892122
-0.00330684861807
-0.00324160398995
-0.00317636733217
-0.00311114093553
-0.00304592708625
-0.00298072806589
-0.00291554615126
-0.00285038361440
-0.00278524272245
-0.00272012573758
-0.00265503491696
-0.00258997251266
-0.00252494077157
-0.00245994193536
-0.00239497824035
-0.00233005191752
-0.00226516519238
-0.00220032028491
-0.00213551940949
-0.00207076477487
-0.00200605858403
-0.00194140303417
-0.00187680031661
-0.00181225261674
-0.00174776211394
-0.00168333098152
-0.00161896138664
-0.00155465549026
-0.00149041544707
-0.00142624340540
-0.00136214150720
-0.00129811188792
-0.00123415667650
-0.00117027799525
-0.00110647795985
-0.00104275867922
-0.00097912225548
-0.00091557078394
-0.00085210635292
-0.00078873104383
-0.00072544693097
-0.00066225608159
-0.00059916055572
-0.00053616240619
-0.00047326367855
-0.00041046641096
-0.00034777263421
-0.00028518437160
-0.00022270363890
-0.00016033244430
-0.00009807278833
-0.00003592666384
0.00002610394412
0.00008801705829
0.00014981070929
0.00021148293568
0.00027303178401
0.00033445530887
0.00039575157296
0.00045691864711
0.00051795461039
0.00057885755013
0.00063962556195
0.00070025674986
0.00076074922631
0.00082110111220
0.00088131053696
0.00094137563862
0.00100129456383
0.00106106546791
0.00112068651493
0.00118015587773
0.00123947173800
0.00129863228630
0.00135763572212
0.00141648025392
0.00147516409920
0.00153368548454
0.00159204264563
0.00165023382732
0.00170825728369
0.00176611127809
0.00182379408314
0.00188130398084
0.00193863926259
0.00199579822919
0.00205277919098
0.00210958046778
0.00216620038899
0.00222263729365
0.00227888953042
0.00233495545768
0.00239083344352
0.00244652186583
0.00250201911231
0.00255732358052
0.00261243367792
0.00266734782189
0.00272206443982
0.00277658196907
0.00283089885708
0.00288501356137
0.00293892454958
0.00299263029952
0.00304612929918
0.00309942004681
0.00315250105090
0.00320537083027
0.00325802791404
0.00331047084174
0.00336269816328
0.00341470843900
0.00346650023974
0.00351807214681
0.00356942275206
0.00362055065791
0.00367145447737
0.00372213283409
0.00377258436234
0.00382280770709
0.00387280152404
0.00392256447961
0.00397209525100
0.00402139252618
0.00407045500399
0.00411928139407
0.00416787041697
0.00421622080413
0.00426433129792
0.00431220065166
0.00435982762964
0.00440721100716
0.00445434957055
0.00450124211716
0.00454788745543
0.00459428440490
0.00464043179620
0.00468632847111
0.00473197328257
0.00477736509467
0.00482250278273
0.00486738523326
0.00491201134402
0.00495638002400
0.00500049019349
0.00504434078405
0.00508793073855
0.00513125901119
0.00517432456751
0.00521712638438
0.00525966345006
0.00530193476421
0.00534393933786
0.00538567619348
0.00542714436495
0.00546834289760
0.00550927084821
0.00554992728502
0.00559031128778
0.00563042194768
0.00567025836745
0.00570981966132
0.00574910495503
0.00578811338588
0.00582684410267
0.00586529626578
0.00590346904714
0.00594136163025
0.00597897321016
0.00601630299354
0.00605335019861
0.00609011405520
0.00612659380473
0.00616278870025
0.00619869800639
0.00623432099940
0.00626965696716
0.00630470520915
0.00633946503650
0.00637393577195
0.00640811674987
0.00644200731627
0.00647560682878
0.00650891465668
0.00654193018087
0.00657465279389
0.00660708189992
0.00663921691477
0.00667105726587
0.00670260239229
0.00673385174474
0.00676480478554
0.00679546098865
0.00682581983963
0.00685588083567
0.00688564348558
0.00691510730976
0.00694427184022
0.00697313662058
0.00700170120604
0.00702996516338
0.00705792807098
0.00708558951878
0.00711294910829
0.00714000645256
0.00716676117622
0.00719321291542
0.00721936131785
0.00724520604271
0.00727074676073
0.00729598315413
0.00732091491663
0.00734554175342
0.00736986338117
0.00739387952801
0.00741758993349
0.00744099434864
0.00746409253585
0.00748688426897
0.00750936933322
0.00753154752518
0.00755341865283
0.00757498253547
0.00759623900375
0.00761718789963
0.00763782907637
0.00765816239853
0.00767818774192
0.00769790499360
0.00771731405189
0.00773641482630
0.00775520723753
0.00777369121749
0.00779186670922
0.00780973366692
0.00782729205590
0.00784454185256
0.00786148304439
0.00787811562995
0.00789443961881
0.00791045503157
0.00792616189982
0.00794156026613
0.00795665018399
0.00797143171786
0.00798590494305
0.00800006994578
0.00801392682311
0.00802747568293
0.00804071664395
0.00805364983562
0.00806627539818
0.00807859348259
0.00809060425048
0.00810230787419
0.00811370453669
0.00812479443157
0.00813557776302
0.00814605474577
0.00815622560513
0.00816609057687
0.00817564990726
0.00818490385302
0.00819385268128
0.00820249666957
0.00821083610577
0.00821887128808
0.00822660252502
0.00823403013536
0.00824115444811
0.00824797580248
0.00825449454784
0.00826071104373
0.00826662565975
0.00827223877561
0.00827755078104
0.00828256207579
0.00828727306955
0.00829168418198
0.00829579584263
0.00829960849091
0.00830312257608
0.00830633855716
0.00830925690298
0.00831187809206
0.00831420261262
0.00831623096253
0.00831796364927
0.00831940118990
0.00832054411103
0.00832139294877
0.00832194824867
0.00832221056575
0.00832218046437
0.00832185851827
0.00832124531050
0.00832034143336
0.00831914748839
0.00831766408633
0.00831589184706
0.00831383139958
0.00831148338194
0.00830884844125
0.00830592723357
0.00830272042394
0.00829922868627
0.00829545270338
0.00829139316686
0.00828705077711
0.00828242624326
0.00827752028312
0.00827233362317
0.00826686699847
0.00826112115266
0.00825509683791
0.00824879481484
0.00824221585250
0.00823536072836
0.00822823022819
0.00822082514609
0.00821314628439
0.00820519445364
0.00819697047253
0.00818847516790
0.00817970937461
0.00817067393560
0.00816136970174
0.00815179753185
0.00814195829263
0.00813185285862
0.00812148211215
0.00811084694328
0.00809994824977
0.00808878693704
0.00807736391808
0.00806568011347
0.00805373645125
0.00804153386695
0.00802907330348
0.00801635571112
0.00800338204745
0.00799015327731
0.00797667037275
0.00796293431299
0.00794894608434
0.00793470668019
0.00792021710092
0.00790547835389
0.00789049145336
0.00787525742045
0.00785977728308
0.00784405207594
0.00782808284043
0.00781187062460
0.00779541648311
0.00777872147715
0.00776178667446
0.00774461314918
0.00772720198188
0.00770955425946
0.00769167107514
0.00767355352836
0.00765520272476
0.00763661977611
0.00761780580028
0.00759876192117
0.00757948926864
0.00755998897852
0.00754026219247
0.00752031005801
0.00750013372840
0.00747973436263
0.00745911312535
0.00743827118683
0.00741720972287
0.00739592991479
0.00737443294936
0.00735272001874
0.00733079232042
0.00730865105719
0.00728629743708
0.00726373267326
0.00724095798407
0.00721797459290
0.00719478372814
0.00717138662316
0.00714778451624
0.00712397865049
0.00709997027384
0.00707576063895
0.00705135100316
0.00702674262846
0.00700193678140
0.00697693473306
0.00695173775900
0.00692634713917
0.00690076415788
0.00687499010377
0.00684902626968
0.00682287395269
0.00679653445398
0.00677000907882
0.00674329913652
0.00671640594033
0.00668933080746
0.00666207505892
0.00663464001958
0.00660702701802
0.00657923738653
0.00655127246102
0.00652313358099
0.00649482208948
0.00646633933298
0.00643768666140
0.00640886542801
0.00637987698937
0.00635072270530
0.00632140393882
0.00629192205605
0.00626227842624
0.00623247442161
0.00620251141739
0.00617239079170
0.00614211392552
0.00611168220264
0.00608109700959
0.00605035973558
0.00601947177247
0.00598843451469
0.00595724935919
0.00592591770539
0.00589444095513
0.00586282051258
0.00583105778424
0.00579915417884
0.00576711110731
0.00573492998269
0.00570261222012
0.00567015923676
0.00563757245173
0.00560485328607
0.00557200316268
0.00553902350625
0.00550591574322
0.00547268130174
0.00543932161157
0.00540583810406
0.00537223221210
0.00533850537005
0.00530465901366
0.00527069458008
0.00523661350773
0.00520241723632
0.00516810720674
0.00513368486102
0.00509915164228
0.00506450899468
0.00502975836337
0.00499490119441
0.00495993893474
0.00492487303212
0.00488970493507
0.00485443609283
0.00481906795527
0.00478360197291
0.00474803959677
0.00471238227840
0.00467663146977
0.00464078862326
0.00460485519156
0.00456883262768
0.00453272238482
0.00449652591638
0.00446024467587
0.00442388011689
0.00438743369304
0.00435090685790
0.00431430106495
0.00427761776753
0.00424085841881
0.00420402447170
0.00416711737882
0.00413013859243
0.00409308956441
0.00405597174617
0.00401878658865
0.00398153554221
0.00394422005661
0.00390684158095
0.00386940156364
0.00383190145232
0.00379434269383
0.00375672673413
0.00371905501831
0.00368132899046
0.00364355009368
0.00360571977002
0.00356783946041
0.00352991060461
0.00349193464119
0.00345391300744
0.00341584713938
0.00337773847163
0.00333958843743
0.00330139846856
0.00326316999530
0.00322490444638
0.00318660324892
0.00314826782839
0.00310989960858
0.00307150001153
0.00303307045748
0.00299461236485
0.00295612715014
0.00291761622795
0.00287908101088
0.00284052290951
0.00280194333234
0.00276334368576
0.00272472537398
0.00268608979901
0.00264743836058
0.00260877245613
0.00257009348076
0.00253140282714
0.00249270188554
0.00245399204371
0.00241527468688
0.00237655119771
0.00233782295622
0.00229909133980
0.00226035772310
0.00222162347803
0.00218288997369
0.00214415857636
0.00210543064942
0.00206670755333
0.00202799064558
0.00198928128065
0.00195058080995
0.00191189058181
0.00187321194142
0.00183454623077
0.00179589478865
0.00175725895056
0.00171864004872
0.00168003941199
0.00164145836584
0.00160289823231
0.00156436032998
0.00152584597390
0.00148735647560
0.00144889314299
0.00141045728038
0.00137205018838
0.00133367316392
0.00129532750017
0.00125701448651
0.00121873540851
0.00118049154786
0.00114228418237
0.00110411458588
0.00106598402830
0.00102789377548
0.00098984508925
0.00095183922735
0.00091387744337
0.00087596098676
0.00083809110278
0.00080026903244
0.00076249601249
0.00072477327538
0.00068710204920
0.00064948355768
0.00061191902015
0.00057440965147
0.00053695666204
0.00049956125775
0.00046222463993
0.00042494800532
0.00038773254608
0.00035057944970
0.00031348989898
0.00027646507203
0.00023950614220
0.00020261427807
0.00016579064340
0.00012903639712
0.00009235269328
0.00005574068103
0.00001920150458
-0.00001726369682
-0.00005365378892
-0.00008996764250
-0.00012620413339
-0.00016236214251
-0.00019844055589
-0.00023443826472
-0.00027035416536
-0.00030618715935
-0.00034193615350
-0.00037760005984
-0.00041317779572
-0.00044866828379
-0.00048407045205
-0.00051938323386
-0.00055460556798
-0.00058973639861
-0.00062477467537
-0.00065971935340
-0.00069456939329
-0.00072932376120
-0.00076398142883
-0.00079854137345
-0.00083300257794
-0.00086736403082
-0.00090162472626
-0.00093578366408
-0.00096983984983
-0.00100379229477
-0.00103764001593
-0.00107138203608
-0.00110501738380
-0.00113854509348
-0.00117196420537
-0.00120527376555
-0.00123847282600
-0.00127156044460
-0.00130453568516
-0.00133739761743
-0.00137014531712
-0.00140277786596
-0.00143529435164
-0.00146769386791
-0.00149997551457
-0.00153213839747
-0.00156418162855
-0.00159610432586
-0.00162790561356
-0.00165958462199
-0.00169114048759
-0.00172257235304
-0.00175387936716
-0.00178506068503
-0.00181611546792
-0.00184704288338
-0.00187784210520
-0.00190851231345
-0.00193905269451
-0.00196946244106
-0.00199974075212
-0.00202988683302
-0.00205989989548
-0.00208977915757
-0.00211952384376
-0.00214913318491
-0.00217860641830
-0.00220794278763
-0.00223714154304
-0.00226620194114
-0.00229512324497
-0.00232390472409
-0.00235254565453
-0.00238104531882
-0.00240940300601
-0.00243761801168
-0.00246568963795
-0.00249361719347
-0.00252139999347
-0.00254903735974
-0.00257652862064
-0.00260387311114
-0.00263107017280
-0.00265811915378
-0.00268501940886
-0.00271177029947
-0.00273837119364
-0.00276482146607
-0.00279112049809
-0.00281726767771
-0.00284326239960
-0.00286910406508
-0.00289479208219
-0.00292032586564
-0.00294570483683
-0.00297092842386
-0.00299599606155
-0.00302090719142
-0.00304566126170
-0.00307025772737
-0.00309469605012
-0.00311897569836
-0.00314309614727
-0.00316705687873
-0.00319085738141
-0.00321449715070
-0.00323797568875
-0.00326129250445
-0.00328444711348
-0.00330743903825
-0.00333026780795
-0.00335293295854
-0.00337543403274
-0.00339777058002
-0.00341994215666
-0.00344194832568
-0.00346378865689
-0.00348546272685
-0.00350697011893
-0.00352831042324
-0.00354948323669
-0.00357048816294
-0.00359132481243
-0.00361199280239
-0.00363249175679
-0.00365282130639
-0.00367298108872
-0.00369297074807
-0.00371278993548
-0.00373243830877
-0.00375191553252
-0.00377122127806
-0.00379035522347
-0.00380931705359
-0.00382810646000
-0.00384672314102
-0.00386516680171
-0.00388343715387
-0.00390153391604
-0.00391945681346
-0.00393720557811
-0.00395477994868
-0.00397217967057
-0.00398940449588
-0.00400645418342
-0.00402332849869
-0.00404002721387
-0.00405655010781
-0.00407289696607
-0.00408906758083
-0.00410506175097
-0.00412087928198
-0.00413651998604
-0.00415198368192
-0.00416727019506
-0.00418237935749
-0.00419731100787
-0.00421206499143
-0.00422664116004
-0.00424103937212
-0.00425525949267
-0.00426930139327
-0.00428316495203
-0.00429685005363
-0.00431035658927
-0.00432368445668
-0.00433683356009
-0.00434980381026
-0.00436259512441
-0.00437520742626
-0.00438764064600
-0.00439989472026
-0.00441196959212
-0.00442386521110
-0.00443558153315
-0.00444711852059
-0.00445847614217
-0.00446965437300
-0.00448065319458
-0.00449147259475
-0.00450211256768
-0.00451257311390
-0.00452285424022
-0.00453295595976
-0.00454287829194
-0.00455262126243
-0.00456218490317
-0.00457156925232
-0.00458077435430
-0.00458980025970
-0.00459864702532
-0.00460731471416
-0.00461580339535
-0.00462411314419
-0.00463224404208
-0.00464019617658
-0.00464796964130
-0.00465556453595
-0.00466298096632
-0.00467021904421
-0.00467727888748
-0.00468416061999
-0.00469086437158
-0.00469739027807
-0.00470373848126
-0.00470990912886
-0.00471590237452
-0.00472171837777
-0.00472735730404
-0.00473281932462
-0.00473810461665
-0.00474321336307
-0.00474814575266
-0.00475290197997
-0.00475748224531
-0.00476188675474
-0.00476611572006
-0.00477016935875
-0.00477404789401
-0.00477775155466
-0.00478128057520
-0.00478463519575
-0.00478781566201
-0.00479082222527
-0.00479365514241
-0.00479631467579
-0.00479880109334
-0.00480111466845
-0.00480325568000
-0.00480522441230
-0.00480702115512
-0.00480864620361
-0.00481009985831
-0.00481138242511
-0.00481249421526
-0.00481343554531
-0.00481420673710
-0.00481480811774
-0.00481524001959
-0.00481550278021
-0.00481559674239
-0.00481552225407
-0.00481527966835
-0.00481486934344
-0.00481429164267
-0.00481354693444
-0.00481263559220
-0.00481155799443
-0.00481031452462
-0.00480890557121
-0.00480733152764
-0.00480559279223
-0.00480368976824
-0.00480162286380
-0.00479939249186
-0.00479699907025
-0.00479444302155
-0.00479172477316
-0.00478884475720
-0.00478580341053
-0.00478260117468
-0.00477923849589
-0.00477571582503
-0.00477203361757
-0.00476819233359
-0.00476419243774
-0.00476003439920
-0.00475571869165
-0.00475124579328
-0.00474661618673
-0.00474183035906
-0.00473688880173
-0.00473179201061
-0.00472654048588
-0.00472113473205
-0.00471557525795
-0.00470986257664
-0.00470399720545
-0.00469797966589
-0.00469181048368
-0.00468549018868
-0.00467901931487
-0.00467239840035
-0.00466562798728
-0.00465870862185
-0.00465164085427
-0.00464442523875
-0.00463706233343
-0.00462955270041
-0.00462189690565
-0.00461409551901
-0.00460614911418
-0.00459805826866
-0.00458982356374
-0.00458144558447
-0.00457292491960
-0.00456426216160
-0.00455545790660
-0.00454651275436
-0.00453742730826
-0.00452820217525
-0.00451883796583
-0.00450933529402
-0.00449969477734
-0.00448991703674
-0.00448000269664
-0.00446995238484
-0.00445976673250
-0.00444944637414
-0.00443899194759
-0.00442840409395
-0.00441768345758
-0.00440683068605
-0.00439584643014
-0.00438473134377
-0.00437348608401
-0.00436211131100
-0.00435060768799
-0.00433897588125
-0.00432721656005
-0.00431533039665
-0.00430331806626
-0.00429118024701
-0.00427891761991
-0.00426653086883
-0.00425402068047
-0.00424138774433
-0.00422863275265
-0.00421575640045
-0.00420275938541
-0.00418964240791
-0.00417640617097
-0.00416305138022
-0.00414957874386
-0.00413598897266
-0.00412228277990
-0.00410846088135
-0.00409452399525
-0.00408047284225
-0.00406630814540
-0.00405203063013
-0.00403764102420
-0.00402314005767
-0.00400852846287
-0.00399380697438
-0.00397897632900
-0.00396403726570
-0.00394899052560
-0.00393383685194
-0.00391857699007
-0.00390321168735
-0.00388774169323
-0.00387216775910
-0.00385649063834
-0.00384071108628
-0.00382482986013
-0.00380884771897
-0.00379276542374
-0.00377658373719
-0.00376030342384
-0.00374392524997
-0.00372744998356
-0.00371087839430
-0.00369421125352
-0.00367744933421
-0.00366059341091
-0.00364364425975
-0.00362660265840
-0.00360946938603
-0.00359224522327
-0.00357493095220
-0.00355752735633
-0.00354003522053
-0.00352245533103
-0.00350478847538
-0.00348703544242
-0.00346919702224
-0.00345127400618
-0.00343326718677
-0.00341517735770
-0.00339700531381
-0.00337875185104
-0.00336041776641
-0.00334200385800
-0.00332351092489
-0.00330493976716
-0.00328629118584
-0.00326756598288
-0.00324876496115
-0.00322988892436
-0.00321093867709
-0.00319191502470
-0.00317281877333
-0.00315365072988
-0.00313441170198
-0.00311510249791
-0.00309572392663
-0.00307627679775
-0.00305676192145
-0.00303718010849
-0.00301753217017
-0.00299781891830
-0.00297804116519
-0.00295819972357
-0.00293829540663
-0.00291832902793
-0.00289830140140
-0.00287821334131
-0.00285806566224
-0.00283785917904
-0.00281759470682
-0.00279727306091
-0.00277689505683
-0.00275646151025
-0.00273597323700
-0.00271543105299
-0.00269483577424
-0.00267418821680
-0.00265348919674
-0.00263273953013
-0.00261194003299
-0.00259109152131
-0.00257019481096
-0.00254925071770
-0.00252826005714
-0.00250722364472
-0.00248614229568
-0.00246501682503
-0.00244384804751
-0.00242263677758
-0.00240138382941
-0.00238009001680
-0.00235875615319
-0.00233738305165
-0.00231597152479
-0.00229452238480
-0.00227303644339
-0.00225151451176
-0.00222995740059
-0.00220836592000
-0.00218674087952
-0.00216508308810
-0.00214339335402
-0.00212167248493
-0.00209992128776
-0.00207814056876
-0.00205633113342
-0.00203449378647
-0.00201262933185
-0.00199073857269
-0.00196882231126
-0.00194688134897
-0.00192491648635
-0.00190292852299
-0.00188091825755
-0.00185888648772
-0.00183683401018
-0.00181476162062
-0.00179267011366
-0.00177056028285
-0.00174843292068
-0.00172628881847
-0.00170412876645
-0.00168195355364
-0.00165976396790
-0.00163756079585
-0.00161534482289
-0.00159311683315
-0.00157087760947
-0.00154862793338
-0.00152636858507
-0.00150410034339
-0.00148182398579
-0.00145954028833
-0.00143725002562
-0.00141495397083
-0.00139265289568
-0.00137034757036
-0.00134803876355
-0.00132572724239
-0.00130341377246
-0.00128109911774
-0.00125878404062
-0.00123646930183
-0.00121415566048
-0.00119184387399
-0.00116953469806
-0.00114722888671
-0.00112492719218
-0.00110263036499
-0.00108033915383
-0.00105805430563
-0.00103577656547
-0.00101350667657
-0.00099124538031
-0.00096899341617
-0.00094675152171
-0.00092452043258
-0.00090230088246
-0.00088009360307
-0.00085789932414
-0.00083571877339
-0.00081355267651
-0.00079140175712
-0.00076926673679
-0.00074714833500
-0.00072504726912
-0.00070296425437
-0.00068090000386
-0.00065885522849
-0.00063683063702
-0.00061482693597
-0.00059284482964
-0.00057088502011
-0.00054894820719
-0.00052703508840
-0.00050514635897
-0.00048328271182
-0.00046144483753
-0.00043963342433
-0.00041784915810
-0.00039609272231
-0.00037436479803
-0.00035266606393
-0.00033099719621
-0.00030935886865
-0.00028775175253
-0.00026617651666
-0.00024463382734
-0.00022312434835
-0.00020164874092
-0.00018020766374
-0.00015880177293
-0.00013743172201
-0.00011609816191
-0.00009480174095
-0.00007354310480
-0.00005232289649
-0.00003114175638
-0.00001000032216
0.00001110077118
0.00003216089136
0.00005317940883
0.00007415569676
0.00009508913108
0.00011597909050
0.00013682495651
0.00015762611337
0.00017838194819
0.00019909185086
0.00021975521415
0.00024037143365
0.00026093990783
0.00028146003803
0.00030193122848
0.00032235288633
0.00034272442162
0.00036304524734
0.00038331477943
0.00040353243675
0.00042369764116
0.00044380981749
0.00046386839355
0.00048387280018
0.00050382247120
0.00052371684349
0.00054355535694
0.00056333745452
0.00058306258223
0.00060273018917
0.00062233972750
0.00064189065250
0.00066138242253
0.00068081449908
0.00070018634676
0.00071949743332
0.00073874722966
0.00075793520983
0.00077706085105
0.00079612363372
0.00081512304141
0.00083405856092
0.00085292968222
0.00087173589850
0.00089047670620
0.00090915160497
0.00092776009770
0.00094630169054
0.00096477589289
0.00098318221743
0.00100152018011
0.00101978930015
0.00103798910009
0.00105611910574
0.00107417884624
0.00109216785403
0.00111008566488
0.00112793181790
0.00114570585552
0.00116340732352
0.00118103577103
0.00119859075056
0.00121607181794
0.00123347853243
0.00125081045661
0.00126806715649
0.00128524820145
0.00130235316426
0.00131938162111
0.00133633315159
0.00135320733871
0.00137000376889
0.00138672203198
0.00140336172127
0.00141992243347
0.00143640376874
0.00145280533069
0.00146912672636
0.00148536756627
0.00150152746439
0.00151760603816
0.00153360290846
0.00154951769968
0.00156535003967
0.00158109955976
0.00159676589476
0.00161234868298
0.00162784756620
0.00164326218972
0.00165859220233
0.00167383725631
0.00168899700744
0.00170407111504
0.00171905924190
0.00173396105435
0.00174877622221
0.00176350441884
0.00177814532111
0.00179269860941
0.00180716396765
0.00182154108328
0.00183582964725
0.00185002935407
0.00186413990176
0.00187816099187
0.00189209232950
0.00190593362326
0.00191968458532
0.00193334493136
0.00194691438062
0.00196039265587
0.00197377948340
0.00198707459307
0.00200027771825
0.00201338859586
0.00202640696636
0.00203933257375
0.00205216516557
0.00206490449288
0.00207755031030
0.00209010237597
0.00210256045159
0.00211492430237
0.00212719369707
0.00213936840798
0.00215144821092
0.00216343288525
0.00217532221385
0.00218711598314
0.00219881398305
0.00221041600706
0.00222192185216
0.00223333131885
0.00224464421118
0.00225586033669
0.00226697950645
0.00227800153504
0.00228892624056
0.00229975344461
0.00231048297228
0.00232111465220
0.00233164831646
0.00234208380069
0.00235242094397
0.00236265958891
0.00237279958157
0.00238284077154
0.00239278301185
0.00240262615902
0.00241237007306
0.00242201461742
0.00243155965905
0.00244100506833
0.00245035071912
0.00245959648873
0.00246874225790
0.00247778791085
0.00248673333520
0.00249557842204
0.00250432306588
0.00251296716464
0.00252151061968
0.00252995333578
0.00253829522112
0.00254653618728
0.00255467614926
0.00256271502543
0.00257065273758
0.00257848921087
0.00258622437383
0.00259385815838
0.00260139049978
0.00260882133669
0.00261615061110
0.00262337826834
0.00263050425712
0.00263752852944
0.00264445104067
0.00265127174947
0.00265799061785
0.00266460761110
0.00267112269784
0.00267753584997
0.00268384704269
0.00269005625446
0.00269616346705
0.00270216866548
0.00270807183803
0.00271387297623
0.00271957207487
0.00272516913198
0.00273066414880
0.00273605712983
0.00274134808274
0.00274653701844
0.00275162395104
0.00275660889783
0.00276149187929
0.00276627291908
0.00277095204402
0.00277552928408
0.00278000467242
0.00278437824530
0.00278865004213
0.00279282010545
0.00279688848092
0.00280085521729
0.00280472036643
0.00280848398329
0.00281214612590
0.00281570685537
0.00281916623586
0.00282252433460
0.00282578122186
0.00282893697094
0.00283199165817
0.00283494536289
0.00283779816746
0.00284055015723
0.00284320142053
0.00284575204869
0.00284820213598
0.00285055177966
0.00285280107991
0.00285495013987
0.00285699906558
0.00285894796604
0.00286079695313
0.00286254614162
0.00286419564920
0.00286574559640
0.00286719610665
0.00286854730622
0.00286979932422
0.00287095229262
0.00287200634617
0.00287296162249
0.00287381826196
0.00287457640777
0.00287523620588
0.00287579780505
0.00287626135676
0.00287662701527
0.00287689493755
0.00287706528333
0.00287713821502
0.00287711389776
0.00287699249936
0.00287677419034
0.00287645914386
0.00287604753575
0.00287553954450
0.00287493535122
0.00287423513965
0.00287343909613
0.00287254740961
0.00287156027164
0.00287047787633
0.00286930042036
0.00286802810296
0.00286666112590
0.00286519969350
0.00286364401257
0.00286199429244
0.00286025074493
0.00285841358433
0.00285648302743
0.00285445929344
0.00285234260404
0.00285013318333
0.00284783125783
0.00284543705647
0.00284295081059
0.00284037275388
0.00283770312242
0.00283494215466
0.00283209009137
0.00282914717567
0.00282611365300
0.00282298977108
0.00281977577997
0.00281647193198
0.00281307848169
0.00280959568596
0.00280602380386
0.00280236309672
0.00279861382808
0.00279477626368
0.00279085067145
0.00278683732151
0.00278273648613
0.00277854843976
0.00277427345897
0.00276991182245
0.00276546381103
0.00276092970762
0.00275630979723
0.00275160436693
0.00274681370588
0.00274193810526
0.00273697785829
0.00273193326023
0.00272680460834
0.00272159220185
0.00271629634203
0.00271091733205
0.00270545547709
0.00269991108425
0.00269428446256
0.00268857592297
0.00268278577832
0.00267691434336
0.00267096193470
0.00266492887080
0.00265881547201
0.00265262206047
0.00264634896016
0.00263999649689
0.00263356499821
0.00262705479351
0.00262046621391
0.00261379959229
0.00260705526329
0.00260023356325
0.00259333483023
0.00258635940401
0.00257930762602
0.00257217983940
0.00256497638893
0.00255769762102
0.00255034388375
0.00254291552677
0.00253541290138
0.00252783636043
0.00252018625838
0.00251246295123
0.00250466679655
0.00249679815342
0.00248885738247
0.00248084484581
0.00247276090706
0.00246460593133
0.00245638028518
0.00244808433663
0.00243971845515
0.00243128301160
0.00242277837831
0.00241420492895
0.00240556303862
0.00239685308377
0.00238807544220
0.00237923049307
0.00237031861688
0.00236134019541
0.00235229561177
0.00234318525035
0.00233400949683
0.00232476873814
0.00231546336244
0.00230609375916
0.00229666031892
0.00228716343358
0.00227760349615
0.00226798090086
0.00225829604308
0.00224854931934
0.00223874112732
0.00222887186581
0.00221894193472
0.00220895173506
0.00219890166891
0.00218879213943
0.00217862355084
0.00216839630841
0.00215811081842
0.00214776748819
0.00213736672602
0.00212690894122
0.00211639454405
0.00210582394577
0.00209519755856
0.00208451579554
0.00207377907076
0.00206298779917
0.00205214239662
0.00204124327985
0.00203029086646
0.00201928557489
0.00200822782445
0.00199711803527
0.00198595662827
0.00197474402521
0.00196348064862
0.00195216692179
0.00194080326880
0.00192939011446
0.00191792788433
0.00190641700467
0.00189485790247
0.00188325100541
0.00187159674184
0.00185989554080
0.00184814783197
0.00183635404569
0.00182451461290
0.00181262996520
0.00180070053475
0.00178872675434
0.00177670905730
0.00176464787756
0.00175254364959
0.00174039680839
0.00172820778948
0.00171597702893
0.00170370496328
0.00169139202955
0.00167903866526
0.00166664530839
0.00165421239734
0.00164174037099
0.00162922966861
0.00161668072989
0.00160409399493
0.00159146990421
0.00157880889857
0.00156611141923
0.00155337790774
0.00154060880601
0.00152780455625
0.00151496560099
0.00150209238306
0.00148918534557
0.00147624493192
0.00146327158574
0.00145026575094
0.00143722787165
0.00142415839222
0.00141105775724
0.00139792641146
0.00138476479984
0.00137157336752
0.00135835255978
0.00134510282209
0.00133182460002
0.00131851833929
0.00130518448572
0.00129182348524
0.00127843578388
0.00126502182774
0.00125158206298
0.00123811693583
0.00122462689256
0.00121111237946
0.00119757384285
0.00118401172906
0.00117042648442
0.00115681855523
0.00114318838777
0.00112953642829
0.00111586312299
0.00110216891798
0.00108845425934
0.00107471959304
0.00106096536495
0.00104719202085
0.00103340000640
0.00101958976711
0.00100576174837
0.00099191639541
0.00097805415329
0.00096417546691
0.00095028078097
0.00093637053997
0.00092244518823
0.00090850516981
0.00089455092858
0.00088058290813
0.00086660155183
0.00085260730276
0.00083860060375
0.00082458189734
0.00081055162575
0.00079651023093
0.00078245815449
0.00076839583772
0.00075432372156
0.00074024224661
0.00072615185312
0.00071205298095
0.00069794606960
0.00068383155816
0.00066970988533
0.00065558148939
0.00064144680820
0.00062730627919
0.00061316033934
0.00059900942520
0.00058485397283
0.00057069441781
0.00055653119528
0.00054236473983
0.00052819548559
0.00051402386615
0.00049985031459
0.00048567526345
0.00047149914472
0.00045732238986
0.00044314542974
0.00042896869467
0.00041479261437
0.00040061761797
0.00038644413400
0.00037227259038
0.00035810341440
0.00034393703272
0.00032977387137
0.00031561435572
0.00030145891048
0.00028730795969
0.00027316192672
0.00025902123424
0.00024488630424
0.00023075755799
0.00021663541604
0.00020252029822
0.00018841262364
0.00017431281065
0.00016022127686
0.00014613843911
0.00013206471346
0.00011800051522
0.00010394625888
0.00008990235817
0.00007586922597
0.00006184727439
0.00004783691468
0.00003383855728
0.00001985261179
0.00000587948694
-0.00000808040937
-0.00002202667013
-0.00003595888918
-0.00004987666127
-0.00006377958203
-0.00007766724797
-0.00009153925655
-0.00010539520611
-0.00011923469593
-0.00013305732623
-0.00014686269815
-0.00016065041380
-0.00017442007624
-0.00018817128949
-0.00020190365855
-0.00021561678941
-0.00022931028904
-0.00024298376539
-0.00025663682745
-0.00027026908521
-0.00028388014966
-0.00029746963285
-0.00031103714784
-0.00032458230876
-0.00033810473078
-0.00035160403011
-0.00036507982406
-0.00037853173100
-0.00039195937037
-0.00040536236272
-0.00041874032968
-0.00043209289400
-0.00044541967953
-0.00045872031123
-0.00047199441522
-0.00048524161871
-0.00049846155008
-0.00051165383885
-0.00052481811569
-0.00053795401244
-0.00055106116209
-0.00056413919883
-0.00057718775802
-0.00059020647621
-0.00060319499114
-0.00061615294178
-0.00062907996826
-0.00064197571199
-0.00065483981554
-0.00066767192276
-0.00068047167870
-0.00069323872969
-0.00070597272327
-0.00071867330827
-0.00073134013475
-0.00074397285408
-0.00075657111887
-0.00076913458303
-0.00078166290174
-0.00079415573151
-0.00080661273010
-0.00081903355663
-0.00083141787150
-0.00084376533644
-0.00085607561449
-0.00086834837005
-0.00088058326884
-0.00089277997791
-0.00090493816569
-0.00091705750195
-0.00092913765780
-0.00094117830577
-0.00095317911970
-0.00096513977486
-0.00097705994788
-0.00098893931677
-0.00100077756096
-0.00101257436126
-0.00102432939991
-0.00103604236054
-0.00104771292821
-0.00105934078940
-0.00107092563202
-0.00108246714540
-0.00109396502033
-0.00110541894904
-0.00111682862520
-0.00112819374395
-0.00113951400188
-0.00115078909704
-0.00116201872896
-0.00117320259865
-0.00118434040860
-0.00119543186277
-0.00120647666662
-0.00121747452712
-0.00122842515272
-0.00123932825339
-0.00125018354061
-0.00126099072735
-0.00127174952815
-0.00128245965902
-0.00129312083754
-0.00130373278280
-0.00131429521544
-0.00132480785766
-0.00133527043316
-0.00134568266725
-0.00135604428675
-0.00136635502007
-0.00137661459718
-0.00138682274962
-0.00139697921049
-0.00140708371450
-0.00141713599791
-0.00142713579859
-0.00143708285599
-0.00144697691117
-0.00145681770678
-0.00146660498707
-0.00147633849791
-0.00148601798677
-0.00149564320275
-0.00150521389657
-0.00151472982055
-0.00152419072867
-0.00153359637653
-0.00154294652136
-0.00155224092205
-0.00156147933910
-0.00157066153468
-0.00157978727263
-0.00158885631839
-0.00159786843912
-0.00160682340361
-0.00161572098230
-0.00162456094734
-0.00163334307253
-0.00164206713335
-0.00165073290695
-0.00165934017217
-0.00166788870955
-0.00167637830131
-0.00168480873136
-0.00169317978530
-0.00170149125045
-0.00170974291582
-0.00171793457213
-0.00172606601181
-0.00173413702899
-0.00174214741954
-0.00175009698104
-0.00175798551278
-0.00176581281578
-0.00177357869280
-0.00178128294832
-0.00178892538855
-0.00179650582145
-0.00180402405671
-0.00181147990577
-0.00181887318181
-0.00182620369975
-0.00183347127628
-0.00184067572982
-0.00184781688057
-0.00185489455048
-0.00186190856324
-0.00186885874435
-0.00187574492103
-0.00188256692230
-0.00188932457893
-0.00189601772347
-0.00190264619027
-0.00190920981543
-0.00191570843684
-0.00192214189417
-0.00192851002888
-0.00193481268423
-0.00194104970524
-0.00194722093876
-0.00195332623340
-0.00195936543959
-0.00196533840956
-0.00197124499731
-0.00197708505869
-0.00198285845132
-0.00198856503463
-0.00199420466989
-0.00199977722014
-0.00200528255026
-0.00201072052693
-0.00201609101866
-0.00202139389577
-0.00202662903041
-0.00203179629654
-0.00203689556994
-0.00204192672824
-0.00204688965087
-0.00205178421911
-0.00205661031606
-0.00206136782665
-0.00206605663766
-0.00207067663768
-0.00207522771715
-0.00207970976836
-0.00208412268541
-0.00208846636428
-0.00209274070277
-0.00209694560051
-0.00210108095900
-0.00210514668159
-0.00210914267345
-0.00211306884162
-0.00211692509499
-0.00212071134429
