-0.00361428922667
-0.00361840726115
-0.00362251964411
-0.00362662637034
-0.00363072743466
-0.00363482283187
-0.00363891255675
-0.00364299660411
-0.00364707496874
-0.00365114764542
-0.00365521462894
-0.00365927591408
-0.00366333149563
-0.00366738136835
-0.00367142552703
-0.00367546396644
-0.00367949668134
-0.00368352366649
-0.00368754491666
-0.00369156042662
-0.00369557019110
-0.00369957420488
-0.00370357246269
-0.00370756495928
-0.00371155168940
-0.00371553264779
-0.00371950782918
-0.00372347722830
-0.00372744083990
-0.00373139865870
-0.00373535067941
-0.00373929689677
-0.00374323730549
-0.00374717190028
-0.00375110067587
-0.00375502362695
-0.00375894074823
-0.00376285203441
-0.00376675748020
-0.00377065708028
-0.00377455082935
-0.00377843872210
-0.00378232075321
-0.00378619691737
-0.00379006720925
-0.00379393162353
-0.00379779015488
-0.00380164279798
-0.00380548954747
-0.00380933039803
-0.00381316534432
-0.00381699438098
-0.00382081750268
-0.00382463470405
-0.00382844597974
-0.00383225132440
-0.00383605073266
-0.00383984419915
-0.00384363171851
-0.00384741328536
-0.00385118889432
-0.00385495854002
-0.00385872221706
-0.00386247992007
-0.00386623164365
-0.00386997738240
-0.00387371713093
-0.00387745088384
-0.00388117863571
-0.00388490038115
-0.00388861611473
-0.00389232583105
-0.00389602952467
-0.00389972719018
-0.00390341882215
-0.00390710441514
-0.00391078396372
-0.00391445746246
-0.00391812490590
-0.00392178628861
-0.00392544160513
-0.00392909085000
-0.00393273401778
-0.00393637110299
-0.00394000210018
-0.00394362700387
-0.00394724580858
-0.00395085850885
-0.00395446509919
-0.00395806557412
-0.00396165992815
-0.00396524815578
-0.00396883025152
-0.00397240620986
-0.00397597602531
-0.00397953969236
-0.00398309720549
-0.00398664855919
-0.00399019374793
-0.00399373276619
-0.00399726560846
-0.00400079226918
-0.00400431274283
-0.00400782702387
-0.00401133510675
-0.00401483698592
-0.00401833265584
-0.00402182211094
-0.00402530534567
-0.00402878235446
-0.00403225313174
-0.00403571767195
-0.00403917596950
-0.00404262801881
-0.00404607381431
-0.00404951335039
-0.00405294662148
-0.00405637362196
-0.00405979434625
-0.00406320878873
-0.00406661694380
-0.00407001880583
-0.00407341436923
-0.00407680362835
-0.00408018657758
-0.00408356321129
-0.00408693352384
-0.00409029750960
-0.00409365516291
-0.00409700647814
-0.00410035144964
-0.00410369007174
-0.00410702233878
-0.00411034824511
-0.00411366778506
-0.00411698095295
-0.00412028774311
-0.00412358814985
-0.00412688216750
-0.00413016979035
-0.00413345101272
-0.00413672582892
-0.00413999423323
-0.00414325621995
-0.00414651178337
-0.00414976091777
-0.00415300361744
-0.00415623987665
-0.00415946968967
-0.00416269305078
-0.00416590995422
-0.00416912039427
-0.00417232436518
-0.00417552186119
-0.00417871287655
-0.00418189740551
-0.00418507544230
-0.00418824698115
-0.00419141201630
-0.00419457054195
-0.00419772255235
-0.00420086804169
-0.00420400700419
-0.00420713943406
-0.00421026532549
-0.00421338467269
-0.00421649746985
-0.00421960371115
-0.00422270339079
-0.00422579650293
-0.00422888304176
-0.00423196300144
-0.00423503637615
-0.00423810316004
-0.00424116334727
-0.00424421693200
-0.00424726390836
-0.00425030427051
-0.00425333801259
-0.00425636512873
-0.00425938561306
-0.00426239945971
-0.00426540666279
-0.00426840721643
-0.00427140111474
-0.00427438835182
-0.00427736892178
-0.00428034281872
-0.00428331003673
-0.00428627056991
-0.00428922441233
-0.00429217155808
-0.00429511200124
-0.00429804573588
-0.00430097275605
-0.00430389305584
-0.00430680662929
-0.00430971347046
-0.00431261357340
-0.00431550693215
-0.00431839354076
-0.00432127339325
-0.00432414648367
-0.00432701280603
-0.00432987235436
-0.00433272512268
-0.00433557110499
-0.00433841029531
-0.00434124268764
-0.00434406827598
-0.00434688705433
-0.00434969901667
-0.00435250415699
-0.00435530246927
-0.00435809394749
-0.00436087858562
-0.00436365637763
-0.00436642731747
-0.00436919139912
-0.00437194861651
-0.00437469896360
-0.00437744243434
-0.00438017902266
-0.00438290872250
-0.00438563152779
-0.00438834743246
-0.00439105643043
-0.00439375851561
-0.00439645368191
-0.00439914192326
-0.00440182323354
-0.00440449760666
-0.00440716503651
-0.00440982551698
-0.00441247904196
-0.00441512560533
-0.00441776520096
-0.00442039782272
-0.00442302346448
-0.00442564212011
-0.00442825378345
-0.00443085844837
-0.00443345610871
-0.00443604675832
-0.00443863039104
-0.00444120700069
-0.00444377658112
-0.00444633912614
-0.00444889462958
-0.00445144308525
-0.00445398448697
-0.00445651882854
-0.00445904610377
-0.00446156630646
-0.00446407943039
-0.00446658546937
-0.00446908441717
-0.00447157626757
-0.00447406101435
-0.00447653865128
-0.00447900917213
-0.00448147257065
-0.00448392884062
-0.00448637797578
-0.00448881996987
-0.00449125481665
-0.00449368250985
-0.00449610304321
-0.00449851641045
-0.00450092260531
-0.00450332162151
-0.00450571345276
-0.00450809809278
-0.00451047553527
-0.00451284577393
-0.00451520880248
-0.00451756461459
-0.00451991320396
-0.00452225456429
-0.00452458868924
-0.00452691557249
-0.00452923520773
-0.00453154758860
-0.00453385270879
-0.00453615056194
-0.00453844114172
-0.00454072444177
-0.00454300045573
-0.00454526917726
-0.00454753059998
-0.00454978471753
-0.00455203152354
-0.00455427101162
-0.00455650317541
-0.00455872800850
-0.00456094550453
-0.00456315565708
-0.00456535845976
-0.00456755390618
-0.00456974198991
-0.00457192270456
-0.00457409604370
-0.00457626200092
-0.00457842056978
-0.00458057174387
-0.00458271551674
-0.00458485188196
-0.00458698083310
-0.00458910236369
-0.00459121646730
-0.00459332313746
-0.00459542236772
-0.00459751415162
-0.00459959848268
-0.00460167535444
-0.00460374476041
-0.00460580669413
-0.00460786114909
-0.00460990811883
-0.00461194759683
-0.00461397957660
-0.00461600405165
-0.00461802101547
-0.00462003046154
-0.00462203238335
-0.00462402677439
-0.00462601362813
-0.00462799293804
-0.00462996469759
-0.00463192890025
-0.00463388553948
-0.00463583460874
-0.00463777610147
-0.00463971001113
-0.00464163633115
-0.00464355505499
-0.00464546617607
-0.00464736968783
-0.00464926558369
-0.00465115385708
-0.00465303450142
-0.00465490751012
-0.00465677287660
-0.00465863059426
-0.00466048065650
-0.00466232305673
-0.00466415778834
-0.00466598484473
-0.00466780421927
-0.00466961590535
-0.00467141989636
-0.00467321618566
-0.00467500476663
-0.00467678563263
-0.00467855877704
-0.00468032419320
-0.00468208187448
-0.00468383181423
-0.00468557400579
-0.00468730844251
-0.00468903511773
-0.00469075402478
-0.00469246515701
-0.00469416850772
-0.00469586407026
-0.00469755183794
-0.00469923180408
-0.00470090396199
-0.00470256830499
-0.00470422482637
-0.00470587351944
-0.00470751437750
-0.00470914739384
-0.00471077256175
-0.00471238987453
-0.00471399932544
-0.00471560090779
-0.00471719461483
-0.00471878043984
-0.00472035837609
-0.00472192841685
-0.00472349055538
-0.00472504478493
-0.00472659109876
-0.00472812949012
-0.00472965995225
-0.00473118247841
-0.00473269706182
-0.00473420369574
-0.00473570237338
-0.00473719308797
-0.00473867583276
-0.00474015060094
-0.00474161738576
-0.00474307618041
-0.00474452697812
-0.00474596977208
-0.00474740455551
-0.00474883132161
-0.00475025006358
-0.00475166077460
-0.00475306344788
-0.00475445807660
-0.00475584465394
-0.00475722317309
-0.00475859362722
-0.00475995600951
-0.00476131031314
-0.00476265653126
-0.00476399465704
-0.00476532468365
-0.00476664660425
-0.00476796041199
-0.00476926610001
-0.00477056366148
-0.00477185308954
-0.00477313437733
-0.00477440751798
-0.00477567250464
-0.00477692933044
-0.00477817798851
-0.00477941847197
-0.00478065077396
-0.00478187488759
-0.00478309080597
-0.00478429852223
-0.00478549802948
-0.00478668932083
-0.00478787238937
-0.00478904722822
-0.00479021383048
-0.00479137218924
-0.00479252229760
-0.00479366414864
-0.00479479773546
-0.00479592305115
-0.00479704008878
-0.00479814884144
-0.00479924930221
-0.00480034146415
-0.00480142532034
-0.00480250086386
-0.00480356808776
-0.00480462698511
-0.00480567754897
-0.00480671977240
-0.00480775364846
-0.00480877917019
-0.00480979633065
-0.00481080512290
-0.00481180553996
-0.00481279757489
-0.00481378122072
-0.00481475647050
-0.00481572331725
-0.00481668175402
-0.00481763177382
-0.00481857336970
-0.00481950653467
-0.00482043126175
-0.00482134754398
-0.00482225537436
-0.00482315474591
-0.00482404565164
-0.00482492808457
-0.00482580203771
-0.00482666750406
-0.00482752447662
-0.00482837294841
-0.00482921291241
-0.00483004436162
-0.00483086728905
-0.00483168168768
-0.00483248755050
-0.00483328487051
-0.00483407364069
-0.00483485385403
-0.00483562550350
-0.00483638858210
-0.00483714308279
-0.00483788899856
-0.00483862632238
-0.00483935504722
-0.00484007516606
-0.00484078667185
-0.00484148955758
-0.00484218381620
-0.00484286944068
-0.00484354642398
-0.00484421475905
-0.00484487443887
-0.00484552545637
-0.00484616780453
-0.00484680147628
-0.00484742646459
-0.00484804276239
-0.00484865036265
-0.00484924925829
-0.00484983944228
-0.00485042090755
-0.00485099364703
-0.00485155765368
-0.00485211292043
-0.00485265944022
-0.00485319720598
-0.00485372621064
-0.00485424644714
-0.00485475790841
-0.00485526058738
-0.00485575447697
-0.00485623957011
-0.00485671585974
-0.00485718333876
-0.00485764200011
-0.00485809183670
-0.00485853284147
-0.00485896500731
-0.00485938832716
-0.00485980279393
-0.00486020840054
-0.00486060513990
-0.00486099300492
-0.00486137198852
-0.00486174208361
-0.00486210328309
-0.00486245557989
-0.00486279896689
-0.00486313343703
-0.00486345898319
-0.00486377559828
-0.00486408327522
-0.00486438200690
-0.00486467178623
-0.00486495260611
-0.00486522445944
-0.00486548733912
-0.00486574123806
-0.00486598614914
-0.00486622206528
-0.00486644897936
-0.00486666688429
-0.00486687577297
-0.00486707563828
-0.00486726647312
-0.00486744827040
-0.00486762102300
-0.00486778472382
-0.00486793936575
-0.00486808494169
-0.00486822144453
-0.00486834886717
-0.00486846720248
-0.00486857644337
-0.00486867658273
-0.00486876761346
-0.00486884952843
-0.00486892232054
-0.00486898598269
-0.00486904050776
-0.00486908588865
-0.00486912211825
-0.00486914918943
-0.00486916709511
-0.00486917582816
-0.00486917538148
-0.00486916574796
-0.00486914692049
-0.00486911889195
-0.00486908165525
-0.00486903520327
-0.00486897952890
-0.00486891462503
-0.00486884048456
-0.00486875710038
-0.00486866446538
-0.00486856257245
-0.00486845141448
-0.00486833098437
-0.00486820127501
-0.00486806227930
-0.00486791399013
-0.00486775640040
-0.00486758950300
-0.00486741329082
-0.00486722775677
-0.00486703289374
-0.00486682869463
-0.00486661515234
-0.00486639225976
-0.00486616000980
-0.00486591839536
-0.00486566740934
-0.00486540704464
-0.00486513729417
-0.00486485815082
-0.00486456960751
-0.00486427165714
-0.00486396429262
-0.00486364750686
-0.00486332129275
-0.00486298564322
-0.00486264055118
-0.00486228600954
-0.00486192201120
-0.00486154854909
-0.00486116561612
-0.00486077320521
-0.00486037130928
-0.00485995992124
-0.00485953903402
-0.00485910864053
-0.00485866873371
-0.00485821930648
-0.00485776035175
-0.00485729186248
-0.00485681383157
-0.00485632625196
-0.00485582911659
-0.00485532241839
-0.00485480615029
-0.00485428030523
-0.00485374487616
-0.00485319985601
-0.00485264523772
-0.00485208101424
-0.00485150717852
-0.00485092372350
-0.00485033064214
-0.00484972792738
-0.00484911557218
-0.00484849356950
-0.00484786191229
-0.00484722059352
-0.00484656960614
-0.00484590894312
-0.00484523859743
-0.00484455856204
-0.00484386882991
-0.00484316939402
-0.00484246024734
-0.00484174138286
-0.00484101279355
-0.00484027447240
-0.00483952641238
-0.00483876860649
-0.00483800104772
-0.00483722372905
-0.00483643664349
-0.00483563978403
-0.00483483314367
-0.00483401671542
-0.00483319049227
-0.00483235446725
-0.00483150863335
-0.00483065298359
-0.00482978751099
-0.00482891220857
-0.00482802706934
-0.00482713208635
-0.00482622725260
-0.00482531256114
-0.00482438800500
-0.00482345357722
-0.00482250927083
-0.00482155507888
-0.00482059099441
-0.00481961701048
-0.00481863312015
-0.00481763931645
-0.00481663559246
-0.00481562194124
-0.00481459835585
-0.00481356482937
-0.00481252135486
-0.00481146792541
-0.00481040453409
-0.00480933117399
-0.00480824783819
-0.00480715451979
-0.00480605121189
-0.00480493790757
-0.00480381459994
-0.00480268128211
-0.00480153794719
-0.00480038458829
-0.00479922119852
-0.00479804777102
-0.00479686429890
-0.00479567077529
-0.00479446719334
-0.00479325354616
-0.00479202982692
-0.00479079602874
-0.00478955214479
-0.00478829816821
-0.00478703409217
-0.00478575990982
-0.00478447561434
-0.00478318119889
-0.00478187665665
-0.00478056198080
-0.00477923716453
-0.00477790220102
-0.00477655708346
-0.00477520180507
-0.00477383635903
-0.00477246073856
-0.00477107493686
-0.00476967894716
-0.00476827276268
-0.00476685637664
-0.00476542978227
-0.00476399297282
-0.00476254594151
-0.00476108868161
-0.00475962118635
-0.00475814344899
-0.00475665546281
-0.00475515722105
-0.00475364871700
-0.00475212994393
-0.00475060089512
-0.00474906156386
-0.00474751194344
-0.00474595202717
-0.00474438180833
-0.00474280128025
-0.00474121043623
-0.00473960926960
-0.00473799777367
-0.00473637594179
-0.00473474376729
-0.00473310124350
-0.00473144836379
-0.00472978512149
-0.00472811150997
-0.00472642752260
-0.00472473315274
-0.00472302839377
-0.00472131323908
-0.00471958768206
-0.00471785171609
-0.00471610533458
-0.00471434853094
-0.00471258129857
-0.00471080363091
-0.00470901552136
-0.00470721696338
-0.00470540795038
-0.00470358847583
-0.00470175853316
-0.00469991811584
-0.00469806721732
-0.00469620583109
-0.00469433395061
-0.00469245156937
-0.00469055868085
-0.00468865527857
-0.00468674135601
-0.00468481690668
-0.00468288192412
-0.00468093640183
-0.00467898033335
-0.00467701371221
-0.00467503653196
-0.00467304878616
-0.00467105046836
-0.00466904157211
-0.00466702209101
-0.00466499201863
-0.00466295134854
-0.00466090007436
-0.00465883818967
-0.00465676568809
-0.00465468256324
-0.00465258880873
-0.00465048441820
-0.00464836938529
-0.00464624370364
-0.00464410736690
-0.00464196036875
-0.00463980270283
-0.00463763436284
-0.00463545534246
-0.00463326563537
-0.00463106523528
-0.00462885413590
-0.00462663233094
-0.00462439981412
-0.00462215657918
-0.00461990261986
-0.00461763792990
-0.00461536250306
-0.00461307633310
-0.00461077941380
-0.00460847173894
-0.00460615330230
-0.00460382409768
-0.00460148411889
-0.00459913335974
-0.00459677181405
-0.00459439947566
-0.00459201633841
-0.00458962239613
-0.00458721764270
-0.00458480207197
-0.00458237567782
-0.00457993845413
-0.00457749039479
-0.00457503149371
-0.00457256174479
-0.00457008114195
-0.00456758967912
-0.00456508735024
-0.00456257414924
-0.00456005007010
-0.00455751510676
-0.00455496925321
-0.00455241250342
-0.00454984485139
-0.00454726629111
-0.00454467681661
-0.00454207642189
-0.00453946510099
-0.00453684284794
-0.00453420965680
-0.00453156552163
-0.00452891043648
-0.00452624439544
-0.00452356739259
-0.00452087942204
-0.00451818047789
-0.00451547055425
-0.00451274964525
-0.00451001774503
-0.00450727484773
-0.00450452094752
-0.00450175603855
-0.00449898011501
-0.00449619317108
-0.00449339520096
-0.00449058619886
-0.00448776615899
-0.00448493507558
-0.00448209294288
-0.00447923975513
-0.00447637550658
-0.00447350019152
-0.00447061380422
-0.00446771633898
-0.00446480779009
-0.00446188815187
-0.00445895741864
-0.00445601558474
-0.00445306264451
-0.00445009859231
-0.00444712342250
-0.00444413712947
-0.00444113970760
-0.00443813115130
-0.00443511145498
-0.00443208061305
-0.00442903861996
-0.00442598547015
-0.00442292115807
-0.00441984567820
-0.00441675902501
-0.00441366119300
-0.00441055217666
-0.00440743197051
-0.00440430056909
-0.00440115796691
-0.00439800415855
-0.00439483913854
-0.00439166290148
-0.00438847544193
-0.00438527675451
-0.00438206683381
-0.00437884567447
-0.00437561327110
-0.00437236961836
-0.00436911471090
-0.00436584854339
-0.00436257111051
-0.00435928240696
-0.00435598242744
-0.00435267116666
-0.00434934861937
-0.00434601478030
-0.00434266964421
-0.00433931320587
-0.00433594546005
-0.00433256640155
-0.00432917602518
-0.00432577432575
-0.00432236129810
-0.00431893693708
-0.00431550123753
-0.00431205419432
-0.00430859580235
-0.00430512605651
-0.00430164495171
-0.00429815248286
-0.00429464864491
-0.00429113343281
-0.00428760684151
-0.00428406886599
-0.00428051950124
-0.00427695874227
-0.00427338658408
-0.00426980302172
-0.00426620805021
-0.00426260166462
-0.00425898386001
-0.00425535463148
-0.00425171397412
-0.00424806188303
-0.00424439835335
-0.00424072338021
-0.00423703695877
-0.00423333908420
-0.00422962975166
-0.00422590895637
-0.00422217669353
-0.00421843295835
-0.00421467774609
-0.00421091105199
-0.00420713287132
-0.00420334319936
-0.00419954203140
-0.00419572936275
-0.00419190518874
-0.00418806950471
-0.00418422230601
-0.00418036358800
-0.00417649334608
-0.00417261157563
-0.00416871827207
-0.00416481343083
-0.00416089704735
-0.00415696911708
-0.00415302963550
-0.00414907859810
-0.00414511600038
-0.00414114183784
-0.00413715610604
-0.00413315880051
-0.00412914991682
-0.00412512945055
-0.00412109739729
-0.00411705375265
-0.00411299851225
-0.00410893167174
-0.00410485322677
-0.00410076317302
-0.00409666150616
-0.00409254822191
-0.00408842331598
-0.00408428678411
-0.00408013862205
-0.00407597882556
-0.00407180739043
-0.00406762431246
-0.00406342958745
-0.00405922321125
-0.00405500517970
-0.00405077548866
-0.00404653413402
-0.00404228111166
-0.00403801641750
-0.00403374004748
-0.00402945199752
-0.00402515226361
-0.00402084084171
-0.00401651772782
-0.00401218291796
-0.00400783640814
-0.00400347819442
-0.00399910827286
-0.00399472663954
-0.00399033329055
-0.00398592822201
-0.00398151143005
-0.00397708291081
-0.00397264266046
-0.00396819067518
-0.00396372695117
-0.00395925148464
-0.00395476427184
-0.00395026530900
-0.00394575459240
-0.00394123211832
-0.00393669788307
-0.00393215188297
-0.00392759411435
-0.00392302457358
-0.00391844325702
-0.00391385016107
-0.00390924528214
-0.00390462861665
-0.00390000016105
-0.00389535991181
-0.00389070786540
-0.00388604401833
-0.00388136836711
-0.00387668090828
-0.00387198163839
-0.00386727055401
-0.00386254765175
-0.00385781292819
-0.00385306637998
-0.00384830800376
-0.00384353779620
-0.00383875575397
-0.00383396187378
-0.00382915615234
-0.00382433858641
-0.00381950917274
-0.00381466790810
-0.00380981478928
-0.00380494981312
-0.00380007297643
-0.00379518427607
-0.00379028370892
-0.00378537127187
-0.00378044696182
-0.00377551077570
-0.00377056271047
-0.00376560276309
-0.00376063093055
-0.00375564720985
-0.00375065159804
-0.00374564409214
-0.00374062468923
-0.00373559338638
-0.00373055018072
-0.00372549506936
-0.00372042804944
-0.00371534911814
-0.00371025827263
-0.00370515551012
-0.00370004082784
-0.00369491422302
-0.00368977569294
-0.00368462523488
-0.00367946284614
-0.00367428852405
-0.00366910226596
-0.00366390406923
-0.00365869393125
-0.00365347184942
-0.00364823782117
-0.00364299184395
-0.00363773391523
-0.00363246403250
-0.00362718219327
-0.00362188839507
-0.00361658263544
-0.00361126491197
-0.00360593522225
-0.00360059356389
-0.00359523993452
-0.00358987433181
-0.00358449675343
-0.00357910719707
-0.00357370566047
-0.00356829214135
-0.00356286663749
-0.00355742914667
-0.00355197966669
-0.00354651819538
-0.00354104473059
-0.00353555927019
-0.00353006181207
-0.00352455235414
-0.00351903089434
-0.00351349743063
-0.00350795196098
-0.00350239448339
-0.00349682499590
-0.00349124349653
-0.00348564998337
-0.00348004445449
-0.00347442690801
-0.00346879734207
-0.00346315575481
-0.00345750214441
-0.00345183650908
-0.00344615884704
-0.00344046915653
-0.00343476743582
-0.00342905368320
-0.00342332789698
-0.00341759007549
-0.00341184021710
-0.00340607832018
-0.00340030438315
-0.00339451840441
-0.00338872038243
-0.00338291031568
-0.00337708820265
-0.00337125404185
-0.00336540783184
-0.00335954957117
-0.00335367925843
-0.00334779689223
-0.00334190247122
-0.00333599599403
-0.00333007745936
-0.00332414686591
-0.00331820421241
-0.00331224949761
-0.00330628272028
-0.00330030387923
-0.00329431297327
-0.00328831000125
-0.00328229496205
-0.00327626785455
-0.00327022867767
-0.00326417743036
-0.00325811411157
-0.00325203872031
-0.00324595125559
-0.00323985171643
-0.00323374010191
-0.00322761641112
-0.00322148064315
-0.00321533279716
-0.00320917287229
-0.00320300086773
-0.00319681678269
-0.00319062061641
-0.00318441236814
-0.00317819203716
-0.00317195962278
-0.00316571512434
-0.00315945854119
-0.00315318987271
-0.00314690911831
-0.00314061627741
-0.00313431134949
-0.00312799433401
-0.00312166523049
-0.00311532403846
-0.00310897075747
-0.00310260538711
-0.00309622792698
-0.00308983837672
-0.00308343673599
-0.00307702300447
-0.00307059718187
-0.00306415926793
-0.00305770926240
-0.00305124716507
-0.00304477297576
-0.00303828669430
-0.00303178832056
-0.00302527785443
-0.00301875529582
-0.00301222064467
-0.00300567390095
-0.00299911506466
-0.00299254413581
-0.00298596111445
-0.00297936600065
-0.00297275879452
-0.00296613949617
-0.00295950810576
-0.00295286462346
-0.00294620904948
-0.00293954138404
-0.00293286162742
-0.00292616977988
-0.00291946584174
-0.00291274981334
-0.00290602169504
-0.00289928148723
-0.00289252919033
-0.00288576480478
-0.00287898833105
-0.00287219976965
-0.00286539912110
-0.00285858638594
-0.00285176156477
-0.00284492465818
-0.00283807566682
-0.00283121459133
-0.00282434143242
-0.00281745619080
-0.00281055886720
-0.00280364946241
-0.00279672797722
-0.00278979441246
-0.00278284876898
-0.00277589104766
-0.00276892124942
-0.00276193937518
-0.00275494542592
-0.00274793940262
-0.00274092130632
-0.00273389113805
-0.00272684889889
-0.00271979458996
-0.00271272821237
-0.00270564976730
-0.00269855925593
-0.00269145667948
-0.00268434203920
-0.00267721533636
-0.00267007657227
-0.00266292574825
-0.00265576286566
-0.00264858792590
-0.00264140093038
-0.00263420188055
-0.00262699077788
-0.00261976762387
-0.00261253242006
-0.00260528516801
-0.00259802586930
-0.00259075452556
-0.00258347113844
-0.00257617570960
-0.00256886824076
-0.00256154873366
-0.00255421719005
-0.00254687361173
-0.00253951800052
-0.00253215035827
-0.00252477068688
-0.00251737898824
-0.00250997526429
-0.00250255951702
-0.00249513174841
-0.00248769196050
-0.00248024015534
-0.00247277633503
-0.00246530050168
-0.00245781265744
-0.00245031280449
-0.00244280094503
-0.00243527708131
-0.00242774121559
-0.00242019335016
-0.00241263348737
-0.00240506162956
-0.00239747777913
-0.00238988193849
-0.00238227411009
-0.00237465429642
-0.00236702249997
-0.00235937872329
-0.00235172296896
-0.00234405523957
-0.00233637553775
-0.00232868386616
-0.00232098022751
-0.00231326462450
-0.00230553705991
-0.00229779753650
-0.00229004605710
-0.00228228262456
-0.00227450724175
-0.00226671991158
-0.00225892063699
-0.00225110942095
-0.00224328626646
-0.00223545117656
-0.00222760415431
-0.00221974520281
-0.00221187432518
-0.00220399152458
-0.00219609680420
-0.00218819016726
-0.00218027161702
-0.00217234115676
-0.00216439878979
-0.00215644451946
-0.00214847834916
-0.00214050028228
-0.00213251032228
-0.00212450847263
-0.00211649473683
-0.00210846911842
-0.00210043162098
-0.00209238224809
-0.00208432100341
-0.00207624789059
-0.00206816291333
-0.00206006607536
-0.00205195738045
-0.00204383683239
-0.00203570443500
-0.00202756019216
-0.00201940410773
-0.00201123618566
-0.00200305642990
-0.00199486484444
-0.00198666143330
-0.00197844620053
-0.00197021915022
-0.00196198028649
-0.00195372961350
-0.00194546713543
-0.00193719285649
-0.00192890678094
-0.00192060891306
-0.00191229925717
-0.00190397781762
-0.00189564459879
-0.00188729960510
-0.00187894284100
-0.00187057431097
-0.00186219401952
-0.00185380197120
-0.00184539817060
-0.00183698262233
-0.00182855533105
-0.00182011630142
-0.00181166553817
-0.00180320304606
-0.00179472882985
-0.00178624289437
-0.00177774524447
-0.00176923588503
-0.00176071482097
-0.00175218205724
-0.00174363759883
-0.00173508145075
-0.00172651361806
-0.00171793410585
-0.00170934291923
-0.00170074006337
-0.00169212554344
-0.00168349936468
-0.00167486153234
-0.00166621205172
-0.00165755092813
-0.00164887816695
-0.00164019377356
-0.00163149775339
-0.00162279011191
-0.00161407085461
-0.00160533998703
-0.00159659751473
-0.00158784344331
-0.00157907777842
-0.00157030052572
-0.00156151169092
-0.00155271127975
-0.00154389929800
-0.00153507575146
-0.00152624064600
-0.00151739398748
-0.00150853578182
-0.00149966603497
-0.00149078475292
-0.00148189194169
-0.00147298760732
-0.00146407175591
-0.00145514439359
-0.00144620552651
-0.00143725516088
-0.00142829330291
-0.00141931995889
-0.00141033513510
-0.00140133883789
-0.00139233107364
-0.00138331184874
-0.00137428116964
-0.00136523904283
-0.00135618547481
-0.00134712047214
-0.00133804404140
-0.00132895618922
-0.00131985692225
-0.00131074624719
-0.00130162417077
-0.00129249069975
-0.00128334584093
-0.00127418960116
-0.00126502198730
-0.00125584300627
-0.00124665266501
-0.00123745097050
-0.00122823792977
-0.00121901354986
-0.00120977783786
-0.00120053080091
-0.00119127244616
-0.00118200278083
-0.00117272181213
-0.00116342954735
-0.00115412599379
-0.00114481115880
-0.00113548504976
-0.00112614767409
-0.00111679903925
-0.00110743915272
-0.00109806802204
-0.00108868565477
-0.00107929205851
-0.00106988724091
-0.00106047120964
-0.00105104397241
-0.00104160553697
-0.00103215591110
-0.00102269510264
-0.00101322311945
-0.00100373996941
-0.00099424566047
-0.00098474020060
-0.00097522359781
-0.00096569586014
-0.00095615699568
-0.00094660701255
-0.00093704591891
-0.00092747372295
-0.00091789043291
-0.00090829605706
-0.00089869060371
-0.00088907408120
-0.00087944649792
-0.00086980786228
-0.00086015818275
-0.00085049746783
-0.00084082572604
-0.00083114296595
-0.00082144919619
-0.00081174442539
-0.00080202866224
-0.00079230191547
-0.00078256419383
-0.00077281550612
-0.00076305586118
-0.00075328526789
-0.00074350373516
-0.00073371127193
-0.00072390788720
-0.00071409359000
-0.00070426838939
-0.00069443229447
-0.00068458531439
-0.00067472745833
-0.00066485873550
-0.00065497915517
-0.00064508872662
-0.00063518745919
-0.00062527536226
-0.00061535244523
-0.00060541871755
-0.00059547418871
-0.00058551886824
-0.00057555276570
-0.00056557589070
-0.00055558825288
-0.00054558986191
-0.00053558072752
-0.00052556085947
-0.00051553026755
-0.00050548896160
-0.00049543695150
-0.00048537424716
-0.00047530085852
-0.00046521679559
-0.00045512206840
-0.00044501668701
-0.00043490066153
-0.00042477400211
-0.00041463671895
-0.00040448882225
-0.00039433032230
-0.00038416122939
-0.00037398155387
-0.00036379130612
-0.00035359049656
-0.00034337913566
-0.00033315723392
-0.00032292480187
-0.00031268185011
-0.00030242838924
-0.00029216442993
-0.00028188998287
-0.00027160505881
-0.00026130966851
-0.00025100382281
-0.00024068753255
-0.00023036080863
-0.00022002366199
-0.00020967610361
-0.00019931814449
-0.00018894979570
-0.00017857106833
-0.00016818197352
-0.00015778252244
-0.00014737272630
-0.00013695259637
-0.00012652214393
-0.00011608138032
-0.00010563031692
-0.00009516896514
-0.00008469733644
-0.00007421544230
-0.00006372329428
-0.00005322090393
-0.00004270828289
-0.00003218544280
-0.00002165239535
-0.00001110915229
-0.00000055572540
0.00001000787352
0.00002058163260
0.00003116553994
0.00004175958362
0.00005236375164
0.00006297803199
0.00007360241262
0.00008423688141
0.00009488142624
0.00010553603492
0.00011620069522
0.00012687539489
0.00013756012162
0.00014825486307
0.00015895960686
0.00016967434056
0.00018039905170
0.00019113372778
0.00020187835626
0.00021263292453
0.00022339741999
0.00023417182994
0.00024495614169
0.00025575034248
0.00026655441953
0.00027736835999
0.00028819215099
0.00029902577962
0.00030986923293
0.00032072249790
0.00033158556151
0.00034245841068
0.00035334103228
0.00036423341316
0.00037513554010
0.00038604739987
0.00039696897918
0.00040790026471
0.00041884124308
0.00042979190088
0.00044075222467
0.00045172220096
0.00046270181620
0.00047369105684
0.00048468990924
0.00049569835975
0.00050671639468
0.00051774400028
0.00052878116278
0.00053982786834
0.00055088410310
0.00056194985316
0.00057302510457
0.00058410984334
0.00059520405544
0.00060630772679
0.00061742084329
0.00062854339077
0.00063967535503
0.00065081672185
0.00066196747693
0.00067312760595
0.00068429709455
0.00069547592832
0.00070666409282
0.00071786157355
0.00072906835598
0.00074028442554
0.00075150976761
0.00076274436753
0.00077398821060
0.00078524128209
0.00079650356721
0.00080777505113
0.00081905571898
0.00083034555587
0.00084164454682
0.00085295267686
0.00086426993094
0.00087559629398
0.00088693175088
0.00089827628645
0.00090962988551
0.00092099253281
0.00093236421304
0.00094374491089
0.00095513461099
0.00096653329791
0.00097794095620
0.00098935757035
0.00100078312484
0.00101221760406
0.00102366099241
0.00103511327420
0.00104657443372
0.00105804445523
0.00106952332292
0.00108101102096
0.00109250753347
0.00110401284452
0.00111552693814
0.00112704979834
0.00113858140905
0.00115012175419
0.00116167081762
0.00117322858316
0.00118479503459
0.00119637015565
0.00120795393003
0.00121954634139
0.00123114737333
0.00124275700941
0.00125437523317
0.00126600202808
0.00127763737759
0.00128928126508
0.00130093367392
0.00131259458741
0.00132426398882
0.00133594186137
0.00134762818825
0.00135932295260
0.00137102613752
0.00138273772605
0.00139445770122
0.00140618604598
0.00141792274327
0.00142966777597
0.00144142112692
0.00145318277891
0.00146495271471
0.00147673091701
0.00148851736850
0.00150031205180
0.00151211494949
0.00152392604411
0.00153574531816
0.00154757275409
0.00155940833432
0.00157125204121
0.00158310385709
0.00159496376424
0.00160683174491
0.00161870778129
0.00163059185552
0.00164248394974
0.00165438404599
0.00166629212631
0.00167820817268
0.00169013216704
0.00170206409128
0.00171400392726
0.00172595165678
0.00173790726162
0.00174987072349
0.00176184202409
0.00177382114503
0.00178580806793
0.00179780277432
0.00180980524573
0.00182181546360
0.00183383340938
0.00184585906443
0.00185789241009
0.00186993342765
0.00188198209837
0.00189403840344
0.00190610232404
0.00191817384128
0.00193025293624
0.00194233958995
0.00195443378341
0.00196653549756
0.00197864471330
0.00199076141150
0.00200288557297
0.00201501717849
0.00202715620879
0.00203930264456
0.00205145646644
0.00206361765504
0.00207578619091
0.00208796205457
0.00210014522649
0.00211233568710
0.00212453341679
0.00213673839589
0.00214895060471
0.00216117002350
0.00217339663248
0.00218563041181
0.00219787134162
0.00221011940200
0.00222237457298
0.00223463683456
0.00224690616669
0.00225918254928
0.00227146596220
0.00228375638527
0.00229605379828
0.00230835818095
0.00232066951299
0.00233298777404
0.00234531294371
0.00235764500156
0.00236998392711
0.00238232969984
0.00239468229919
0.00240704170454
0.00241940789525
0.00243178085061
0.00244416054988
0.00245654697229
0.00246894009701
0.00248133990316
0.00249374636985
0.00250615947610
0.00251857920092
0.00253100552327
0.00254343842207
0.00255587787618
0.00256832386443
0.00258077636561
0.00259323535846
0.00260570082168
0.00261817273392
0.00263065107379
0.00264313581986
0.00265562695066
0.00266812444467
0.00268062828033
0.00269313843603
0.00270565489012
0.00271817762092
0.00273070660668
0.00274324182564
0.00275578325597
0.00276833087581
0.00278088466325
0.00279344459633
0.00280601065308
0.00281858281144
0.00283116104934
0.00284374534466
0.00285633567522
0.00286893201883
0.00288153435322
0.00289414265611
0.00290675690515
0.00291937707795
0.00293200315211
0.00294463510514
0.00295727291453
0.00296991655773
0.00298256601215
0.00299522125513
0.00300788226400
0.00302054901604
0.00303322148846
0.00304589965846
0.00305858350317
0.00307127299971
0.00308396812512
0.00309666885643
0.00310937517059
0.00312208704455
0.00313480445519
0.00314752737934
0.00316025579381
0.00317298967536
0.00318572900069
0.00319847374648
0.00321122388935
0.00322397940589
0.00323674027264
0.00324950646610
0.00326227796272
0.00327505473892
0.00328783677107
0.00330062403549
0.00331341650846
0.00332621416623
0.00333901698500
0.00335182494092
0.00336463801010
0.00337745616861
0.00339027939249
0.00340310765770
0.00341594094020
0.00342877921588
0.00344162246060
0.00345447065017
0.00346732376036
0.00348018176690
0.00349304464548
0.00350591237172
0.00351878492124
0.00353166226959
0.00354454439229
0.00355743126480
0.00357032286255
0.00358321916093
0.00359612013529
0.00360902576092
0.00362193601308
0.00363485086699
0.00364777029782
0.00366069428070
0.00367362279072
0.00368655580292
0.00369949329231
0.00371243523384
0.00372538160245
0.00373833237299
0.00375128752031
0.00376424701919
0.00377721084439
0.00379017897061
0.00380315137251
0.00381612802471
0.00382910890180
0.00384209397831
0.00385508322873
0.00386807662752
0.00388107414908
0.00389407576779
0.00390708145797
0.00392009119390
0.00393310494982
0.00394612269994
0.00395914441841
0.00397217007934
0.00398519965680
0.00399823312484
0.00401127045743
0.00402431162852
0.00403735661201
0.00405040538178
0.00406345791163
0.00407651417535
0.00408957414668
0.00410263779930
0.00411570510687
0.00412877604300
0.00414185058126
0.00415492869518
0.00416801035825
0.00418109554389
0.00419418422553
0.00420727637651
0.00422037197016
0.00423347097975
0.00424657337852
0.00425967913965
0.00427278823631
0.00428590064160
0.00429901632859
0.00431213527030
0.00432525743973
0.00433838280981
0.00435151135345
0.00436464304351
0.00437777785281
0.00439091575412
0.00440405672019
0.00441720072370
0.00443034773731
0.00444349773363
0.00445665068524
0.00446980656467
0.00448296534440
0.00449612699687
0.00450929149451
0.00452245880967
0.00453562891467
0.00454880178180
0.00456197738330
0.00457515569137
0.00458833667817
0.00460152031583
0.00461470657641
0.00462789543195
0.00464108685445
0.00465428081587
0.00466747728811
0.00468067624306
0.00469387765254
0.00470708148835
0.00472028772223
0.00473349632590
0.00474670727103
0.00475992052924
0.00477313607213
0.00478635387123
0.00479957389806
0.00481279612409
0.00482602052074
0.00483924705939
0.00485247571139
0.00486570644805
0.00487893924063
0.00489217406034
0.00490541087839
0.00491864966591
0.00493189039399
0.00494513303372
0.00495837755610
0.00497162393212
0.00498487213272
0.00499812212880
0.00501137389124
0.00502462739083
0.00503788259838
0.00505113948462
0.00506439802026
0.00507765817595
0.00509091992232
0.00510418322995
0.00511744806938
0.00513071441111
0.00514398222562
0.00515725148332
0.00517052215459
0.00518379420978
0.00519706761920
0.00521034235310
0.00522361838172
0.00523689567524
0.00525017420380
0.00526345393752
0.00527673484646
0.00529001690065
0.00530330007007
0.00531658432468
0.00532986963439
0.00534315596907
0.00535644329855
0.00536973159262
0.00538302082104
0.00539631095353
0.00540960195975
0.00542289380934
0.00543618647191
0.00544947991700
0.00546277411415
0.00547606903283
0.00548936464248
0.00550266091251
0.00551595781229
0.00552925531113
0.00554255337833
0.00555585198313
0.00556915109475
0.00558245068236
0.00559575071509
0.00560905116203
0.00562235199225
0.00563565317476
0.00564895467854
0.00566225647253
0.00567555852563
0.00568886080672
0.00570216328462
0.00571546592811
0.00572876870595
0.00574207158685
0.00575537453949
0.00576867753250
0.00578198053449
0.00579528351400
0.00580858643957
0.00582188927969
0.00583519200279
0.00584849457730
0.00586179697158
0.00587509915396
0.00588840109276
0.00590170275621
0.00591500411256
0.00592830512998
0.00594160577662
0.00595490602059
0.00596820582996
0.00598150517278
0.00599480401703
0.00600810233068
0.00602140008166
0.00603469723786
0.00604799376711
0.00606128963724
0.00607458481602
0.00608787927120
0.00610117297047
0.00611446588150
0.00612775797193
0.00614104920933
0.00615433956128
0.00616762899528
0.00618091747883
0.00619420497936
0.00620749146429
0.00622077690100
0.00623406125681
0.00624734449903
0.00626062659492
0.00627390751172
0.00628718721662
0.00630046567676
0.00631374285928
0.00632701873125
0.00634029325973
0.00635356641172
0.00636683815421
0.00638010845413
0.00639337727839
0.00640664459386
0.00641991036737
0.00643317456572
0.00644643715567
0.00645969810395
0.00647295737725
0.00648621494222
0.00649947076550
0.00651272481365
0.00652597705324
0.00653922745078
0.00655247597275
0.00656572258559
0.00657896725572
0.00659220994950
0.00660545063328
0.00661868927337
0.00663192583602
0.00664516028749
0.00665839259397
0.00667162272162
0.00668485063659
0.00669807630496
0.00671129969279
0.00672452076613
0.00673773949095
0.00675095583322
0.00676416975887
0.00677738123378
0.00679059022382
0.00680379669480
0.00681700061252
0.00683020194272
0.00684340065114
0.00685659670345
0.00686979006532
0.00688298070235
0.00689616858015
0.00690935366424
0.00692253592017
0.00693571531341
0.00694889180941
0.00696206537359
0.00697523597134
0.00698840356800
0.00700156812890
0.00701472961933
0.00702788800452
0.00704104324971
0.00705419532008
0.00706734418078
0.00708048979693
0.00709363213362
0.00710677115590
0.00711990682880
0.00713303911730
0.00714616798636
0.00715929340091
0.00717241532584
0.00718553372600
0.00719864856623
0.00721175981132
0.00722486742602
0.00723797137508
0.00725107162319
0.00726416813501
0.00727726087519
0.00729034980832
0.00730343489897
0.00731651611168
0.00732959341096
0.00734266676129
0.00735573612711
0.00736880147283
0.00738186276283
0.00739491996146
0.00740797303304
0.00742102194187
0.00743406665218
0.00744710712821
0.00746014333415
0.00747317523417
0.00748620279239
0.00749922597292
0.00751224473983
0.00752525905715
0.00753826888889
0.00755127419904
0.00756427495154
0.00757727111030
0.00759026263922
0.00760324950215
0.00761623166291
0.00762920908530
0.00764218173309
0.00765514957001
0.00766811255977
0.00768107066605
0.00769402385248
0.00770697208268
0.00771991532025
0.00773285352874
0.00774578667167
0.00775871471254
0.00777163761482
0.00778455534195
0.00779746785734
0.00781037512436
0.00782327710638
0.00783617376670
0.00784906506863
0.00786195097542
0.00787483145031
0.00788770645651
0.00790057595719
0.00791343991551
0.00792629829458
0.00793915105749
0.00795199816731
0.00796483958707
0.00797767527978
0.00799050520841
0.00800332933592
0.00801614762522
0.00802896003922
0.00804176654077
0.00805456709271
0.00806736165785
0.00808015019898
0.00809293267885
0.00810570906018
0.00811847930568
0.00813124337802
0.00814400123984
0.00815675285375
0.00816949818235
0.00818223718821
0.00819496983385
0.00820769608179
0.00822041589450
0.00823312923445
0.00824583606405
0.00825853634572
0.00827123004182
0.00828391711470
0.00829659752669
0.00830927124009
0.00832193821715
0.00833459842012
0.00834725181122
0.00835989835264
0.00837253800654
0.00838517073507
0.00839779650033
0.00841041526440
0.00842302698937
0.00843563163724
0.00844822917005
0.00846081954977
0.00847340273835
0.00848597869774
0.00849854738985
0.00851110877655
0.00852366281970
0.00853620948114
0.00854874872267
0.00856128050608
0.00857380479313
0.00858632154555
0.00859883072505
0.00861133229331
0.00862382621200
0.00863631244275
0.00864879094717
0.00866126168685
0.00867372462335
0.00868617971822
0.00869862693296
0.00871106622907
0.00872349756802
0.00873592091125
0.00874833622018
0.00876074345621
0.00877314258071
0.00878553355503
0.00879791634049
0.00881029089841
0.00882265719006
0.00883501517669
0.00884736481954
0.00885970607983
0.00887203891874
0.00888436329744
0.00889667917707
0.00890898651875
0.00892128528357
0.00893357543262
0.00894585692695
0.00895812972759
0.00897039379555
0.00898264909181
0.00899489557734
0.00900713321308
0.00901936195996
0.00903158177887
0.00904379263069
0.00905599447629
0.00906818727648
0.00908037099210
0.00909254558392
0.00910471101272
0.00911686723926
0.00912901422425
0.00914115192842
0.00915328031244
0.00916539933698
0.00917750896269
0.00918960915020
0.00920169986010
0.00921378105298
0.00922585268942
0.00923791472994
0.00924996713508
0.00926200986534
0.00927404288120
0.00928606614313
0.00929807961157
0.00931008324694
0.00932207700966
0.00933406086010
0.00934603475863
0.00935799866560
0.00936995254134
0.00938189634615
0.00939383004033
0.00940575358414
0.00941766693783
0.00942957006164
0.00944146291579
0.00945334546046
0.00946521765583
0.00947707946207
0.00948893083931
0.00950077174767
0.00951260214726
0.00952442199817
0.00953623126046
0.00954802989417
0.00955981785936
0.00957159511602
0.00958336162415
0.00959511734374
0.00960686223475
0.00961859625711
0.00963031937077
0.00964203153562
0.00965373271156
0.00966542285848
0.00967710193622
0.00968876990463
0.00970042672354
0.00971207235275
0.00972370675207
0.00973532988126
0.00974694170008
0.00975854216830
0.00977013124562
0.00978170889176
0.00979327506642
0.00980482972928
0.00981637284001
0.00982790435824
0.00983942424363
0.00985093245579
0.00986242895431
0.00987391369879
0.00988538664880
0.00989684776391
0.00990829700364
0.00991973432753
0.00993115969510
0.00994257306584
0.00995397439924
0.00996536365476
0.00997674079187
0.00998810577000
0.00999945854858
0.01001079908702
0.01002212734473
0.01003344328109
0.01004474685547
0.01005603802723
0.01006731675572
0.01007858300026
0.01008983672017
0.01010107787476
0.01011230642332
0.01012352232513
0.01013472553945
0.01014591602554
0.01015709374263
0.01016825864996
0.01017941070674
0.01019054987216
0.01020167610543
0.01021278936572
0.01022388961220
0.01023497680401
0.01024605090030
0.01025711186021
0.01026815964284
0.01027919420731
0.01029021551271
0.01030122351812
0.01031221818263
0.01032319946528
0.01033416732513
0.01034512172122
0.01035606261258
0.01036698995822
0.01037790371716
0.01038880384838
0.01039969031088
0.01041056306362
0.01042142206559
0.01043226727572
0.01044309865296
0.01045391615626
0.01046471974453
0.01047550937670
0.01048628501166
0.01049704660831
0.01050779412555
0.01051852752224
0.01052924675726
0.01053995178946
0.01055064257771
0.01056131908083
0.01057198125766
0.01058262906702
0.01059326246774
0.01060388141861
0.01061448587844
0.01062507580601
0.01063565116012
0.01064621189952
0.01065675798300
0.01066728936930
0.01067780601718
0.01068830788538
0.01069879493264
0.01070926711768
0.01071972439923
0.01073016673600
0.01074059408669
0.01075100641001
0.01076140366465
0.01077178580930
0.01078215280263
0.01079250460332
0.01080284117004
0.01081316246144
0.01082346843618
0.01083375905291
0.01084403427027
0.01085429404689
0.01086453834141
0.01087476711245
0.01088498031863
0.01089517791857
0.01090535987087
0.01091552613414
0.01092567666697
0.01093581142796
0.01094593037570
0.01095603346877
0.01096612066574
0.01097619192521
0.01098624720572
0.01099628646586
0.01100630966418
0.01101631675924
0.01102630770959
0.01103628247379
0.01104624101037
0.01105618327789
0.01106610923488
0.01107601883987
0.01108591205141
0.01109578882801
0.01110564912820
0.01111549291051
0.01112532013345
0.01113513075555
0.01114492473532
0.01115470203127
0.01116446260191
0.01117420640575
0.01118393340130
0.01119364354705
0.01120333680151
0.01121301312319
0.01122267247056
0.01123231480215
0.01124194007643
0.01125154825191
0.01126113928707
0.01127071314040
0.01128026977041
0.01128980913557
0.01129933119438
0.01130883590532
0.01131832322688
0.01132779311755
0.01133724553581
0.01134668044015
0.01135609778907
0.01136549754104
0.01137487965455
0.01138424408808
0.01139359080014
0.01140291974920
0.01141223089375
0.01142152419228
0.01143079960328
0.01144005708525
0.01144929659668
0.01145851809605
0.01146772154187
0.01147690689262
0.01148607410682
0.01149522314295
0.01150435395953
0.01151346651504
0.01152256076801
0.01153163667693
0.01154069420031
0.01154973329668
0.01155875392453
0.01156775604240
0.01157673960879
0.01158570458224
0.01159465092127
0.01160357858441
0.01161248753019
0.01162137771715
0.01163024910382
0.01163910164875
0.01164793531049
0.01165675004759
0.01166554581860
0.01167432258207
0.01168308029658
0.01169181892069
0.01170053841297
0.01170923873200
0.01171791983635
0.01172658168463
0.01173522423540
0.01174384744728
0.01175245127885
0.01176103568874
0.01176960063554
0.01177814607788
0.01178667197438
0.01179517828366
0.01180366496437
0.01181213197514
0.01182057927462
0.01182900682146
0.01183741457433
0.01184580249188
0.01185417053279
0.01186251865574
0.01187084681942
0.01187915498252
0.01188744310374
0.01189571114178
0.01190395905537
0.01191218680323
0.01192039434408
0.01192858163666
0.01193674863972
0.01194489531202
0.01195302161231
0.01196112749937
0.01196921293198
0.01197727786891
0.01198532226898
0.01199334609097
0.01200134929372
0.01200933183603
0.01201729367674
0.01202523477470
0.01203315508875
0.01204105457775
0.01204893320057
0.01205679091609
0.01206462768320
0.01207244346080
0.01208023820780
0.01208801188312
0.01209576444569
0.01210349585444
0.01211120606834
0.01211889504634
0.01212656274741
0.01213420913054
0.01214183415473
0.01214943777898
0.01215701996230
0.01216458066374
0.01217211984232
0.01217963745710
0.01218713346715
0.01219460783154
0.01220206050937
0.01220949145972
0.01221690064173
0.01222428801450
0.01223165353719
0.01223899716894
0.01224631886892
0.01225361859631
0.01226089631029
0.01226815197007
0.01227538553488
0.01228259696393
0.01228978621648
0.01229695325178
0.01230409802911
0.01231122050775
0.01231832064701
0.01232539840620
0.01233245374465
0.01233948662171
0.01234649699673
0.01235348482909
0.01236045007818
0.01236739270340
0.01237431266417
0.01238120991993
0.01238808443013
0.01239493615424
0.01240176505173
0.01240857108210
0.01241535420487
0.01242211437958
0.01242885156575
0.01243556572297
0.01244225681080
0.01244892478885
0.01245556961672
0.01246219125405
0.01246878966049
0.01247536479569
0.01248191661935
0.01248844509115
0.01249495017082
0.01250143181809
0.01250788999271
0.01251432465446
0.01252073576312
0.01252712327850
0.01253348716042
0.01253982736873
0.01254614386329
0.01255243660398
0.01255870555070
0.01256495066338
0.01257117190194
0.01257736922636
0.01258354259660
0.01258969197265
0.01259581731455
0.01260191858232
0.01260799573603
0.01261404873574
0.01262007754155
0.01262608211359
0.01263206241199
0.01263801839691
0.01264395002852
0.01264985726703
0.01265574007266
0.01266159840565
0.01266743222626
0.01267324149479
0.01267902617153
0.01268478621682
0.01269052159100
0.01269623225445
0.01270191816756
0.01270757929075
0.01271321558447
0.01271882700916
0.01272441352531
0.01272997509344
0.01273551167407
0.01274102322775
0.01274650971506
0.01275197109661
0.01275740733301
0.01276281838491
0.01276820421298
0.01277356477791
0.01277890004043
0.01278420996128
0.01278949450122
0.01279475362105
0.01279998728157
0.01280519544364
0.01281037806811
0.01281553511588
0.01282066654786
0.01282577232499
0.01283085240824
0.01283590675860
0.01284093533708
0.01284593810474
0.01285091502263
0.01285586605185
0.01286079115353
0.01286569028881
0.01287056341886
0.01287541050489
0.01288023150812
0.01288502638981
0.01288979511123
0.01289453763370
0.01289925391855
0.01290394392713
0.01290860762085
0.01291324496113
0.01291785590939
0.01292244042713
0.01292699847583
0.01293153001704
0.01293603501231
0.01294051342322
0.01294496521139
0.01294939033847
0.01295378876613
0.01295816045607
0.01296250537002
0.01296682346974
0.01297111471702
0.01297537907369
0.01297961650158
0.01298382696259
0.01298801041861
0.01299216683159
0.01299629616351
0.01300039837635
0.01300447343214
0.01300852129296
0.01301254192089
0.01301653527806
0.01302050132661
0.01302444002874
0.01302835134666
0.01303223524262
0.01303609167889
0.01303992061780
0.01304372202169
0.01304749585292
0.01305124207391
0.01305496064710
0.01305865153496
0.01306231469999
0.01306595010474
0.01306955771178
0.01307313748370
0.01307668938315
0.01308021337280
0.01308370941534
0.01308717747353
0.01309061751012
0.01309402948793
0.01309741336979
0.01310076911858
0.01310409669720
0.01310739606859
0.01311066719574
0.01311391004165
0.01311712456937
0.01312031074198
0.01312346852260
0.01312659787437
0.01312969876049
0.01313277114417
0.01313581498868
0.01313883025730
0.01314181691337
0.01314477492026
0.01314770424136
0.01315060484011
0.01315347667999
0.01315631972451
0.01315913393721
0.01316191928169
0.01316467572156
0.01316740322049
0.01317010174216
0.01317277125032
0.01317541170874
0.01317802308122
0.01318060533162
0.01318315842381
0.01318568232173
0.01318817698933
0.01319064239061
0.01319307848961
0.01319548525042
0.01319786263715
0.01320021061394
0.01320252914500
0.01320481819457
0.01320707772691
0.01320930770634
0.01321150809720
0.01321367886390
0.01321581997087
0.01321793138257
0.01322001306352
0.01322206497828
0.01322408709143
0.01322607936761
0.01322804177151
0.01322997426782
0.01323187682132
0.01323374939679
0.01323559195909
0.01323740447308
0.01323918690370
0.01324093921591
0.01324266137472
0.01324435334516
0.01324601509235
0.01324764658140
0.01324924777750
0.01325081864587
0.01325235915175
0.01325386926047
0.01325534893737
0.01325679814783
0.01325821685730
0.01325960503125
0.01326096263519
0.01326228963471
0.01326358599539
0.01326485168291
0.01326608666294
0.01326729090125
0.01326846436360
0.01326960701584
0.01327071882383
0.01327179975350
0.01327284977081
0.01327386884177
0.01327485693244
0.01327581400891
0.01327674003734
0.01327763498392
0.01327849881488
0.01327933149651
0.01328013299514
0.01328090327715
0.01328164230895
0.01328235005702
0.01328302648788
0.01328367156808
0.01328428526424
0.01328486754302
0.01328541837111
0.01328593771528
0.01328642554231
0.01328688181906
0.01328730651242
0.01328769958934
0.01328806101680
0.01328839076185
0.01328868879157
0.01328895507310
0.01328918957362
0.01328939226036
0.01328956310062
0.01328970206172
0.01328980911103
0.01328988421600
0.01328992734410
0.01328993846287
0.01328991753987
0.01328986454274
0.01328977943916
0.01328966219685
0.01328951278360
0.01328933116724
0.01328911731565
0.01328887119676
0.01328859277854
0.01328828202905
0.01328793891635
0.01328756340859
0.01328715547395
0.01328671508067
0.01328624219705
0.01328573679142
0.01328519883219
0.01328462828779
0.01328402512672
0.01328338931755
0.01328272082887
0.01328201962933
0.01328128568766
0.01328051897261
0.01327971945299
0.01327888709769
0.01327802187561
0.01327712375574
0.01327619270710
0.01327522869878
0.01327423169992
0.01327320167971
0.01327213860740
0.01327104245228
0.01326991318371
0.01326875077110
0.01326755518391
0.01326632639167
0.01326506436395
0.01326376907038
0.01326244048064
0.01326107856448
0.01325968329168
0.01325825463211
0.01325679255567
0.01325529703233
0.01325376803210
0.01325220552506
0.01325060948135
0.01324897987116
0.01324731666472
0.01324561983236
0.01324388934441
0.01324212517131
0.01324032728353
0.01323849565160
0.01323663024612
0.01323473103772
0.01323279799711
0.01323083109506
0.01322883030240
0.01322679558999
0.01322472692878
0.01322262428977
0.01322048764401
0.01321831696262
0.01321611221676
0.01321387337768
0.01321160041667
0.01320929330507
0.01320695201430
0.01320457651582
0.01320216678118
0.01319972278195
0.01319724448979
0.01319473187642
0.01319218491359
0.01318960357315
0.01318698782698
0.01318433764705
0.01318165300535
0.01317893387397
0.01317618022504
0.01317339203077
0.01317056926340
0.01316771189527
0.01316481989875
0.01316189324628
0.01315893191038
0.01315593586361
0.01315290507861
0.01314983952806
0.01314673918472
0.01314360402140
0.01314043401100
0.01313722912646
0.01313398934078
0.01313071462703
0.01312740495835
0.01312406030793
0.01312068064904
0.01311726595499
0.01311381619919
0.01311033135508
0.01310681139618
0.01310325629607
0.01309966602840
0.01309604056687
0.01309237988527
0.01308868395743
0.01308495275726
0.01308118625873
0.01307738443587
0.01307354726279
0.01306967471365
0.01306576676269
0.01306182338420
0.01305784455255
0.01305383024217
0.01304978042755
0.01304569508326
0.01304157418393
0.01303741770425
0.01303322561898
0.01302899790297
0.01302473453110
0.01302043547833
0.01301610071971
0.01301173023032
0.01300732398534
0.01300288196000
0.01299840412960
0.01299389046951
0.01298934095517
0.01298475556209
0.01298013426585
0.01297547704207
0.01297078386649
0.01296605471487
0.01296128956307
0.01295648838702
0.01295165116269
0.01294677786614
0.01294186847350
0.01293692296098
0.01293194130482
0.01292692348138
0.01292186946706
0.01291677923834
0.01291165277175
0.01290649004392
0.01290129103154
0.01289605571137
0.01289078406023
0.01288547605503
0.01288013167273
0.01287475089039
0.01286933368511
0.01286388003407
0.01285838991455
0.01285286330386
0.01284730017940
0.01284170051866
0.01283606429917
0.01283039149855
0.01282468209449
0.01281893606476
0.01281315338718
0.01280733403967
0.01280147800021
0.01279558524684
0.01278965575771
0.01278368951100
0.01277768648499
0.01277164665804
0.01276557000855
0.01275945651503
0.01275330615604
0.01274711891023
0.01274089475631
0.01273463367308
0.01272833563941
0.01272200063422
0.01271562863655
0.01270921962547
0.01270277358017
0.01269629047986
0.01268977030388
0.01268321303162
0.01267661864253
0.01266998711617
0.01266331843215
0.01265661257017
0.01264986951000
0.01264308923148
0.01263627171455
0.01262941693919
0.01262252488548
0.01261559553358
0.01260862886372
0.01260162485620
0.01259458349141
0.01258750474981
0.01258038861194
0.01257323505842
0.01256604406993
0.01255881562725
0.01255154971123
0.01254424630280
0.01253690538296
0.01252952693279
0.01252211093347
0.01251465736622
0.01250716621238
0.01249963745333
0.01249207107055
0.01248446704560
0.01247682536013
0.01246914599583
0.01246142893450
0.01245367415803
0.01244588164835
0.01243805138751
0.01243018335762
0.01242227754087
0.01241433391954
0.01240635247597
0.01239833319260
0.01239027605195
0.01238218103661
0.01237404812926
0.01236587731266
0.01235766856963
0.01234942188311
0.01234113723609
0.01233281461166
0.01232445399298
0.01231605536329
0.01230761870592
0.01229914400428
0.01229063124186
0.01228208040223
0.01227349146906
0.01226486442607
0.01225619925709
0.01224749594602
0.01223875447685
0.01222997483365
0.01222115700057
0.01221230096184
0.01220340670178
0.01219447420480
0.01218550345538
0.01217649443809
0.01216744713758
0.01215836153858
0.01214923762593
0.01214007538453
0.01213087479936
0.01212163585550
0.01211235853810
0.01210304283242
0.01209368872377
0.01208429619757
0.01207486523933
0.01206539583461
0.01205588796909
0.01204634162852
0.01203675679875
0.01202713346569
0.01201747161536
0.01200777123385
0.01199803230734
0.01198825482211
0.01197843876450
0.01196858412097
0.01195869087802
0.01194875902229
0.01193878854047
0.01192877941935
0.01191873164579
0.01190864520677
0.01189852008934
0.01188835628062
0.01187815376784
0.01186791253832
0.01185763257944
0.01184731387870
0.01183695642368
0.01182656020202
0.01181612520150
0.01180565140993
0.01179513881525
0.01178458740548
0.01177399716872
0.01176336809316
0.01175270016708
0.01174199337886
0.01173124771695
0.01172046316990
0.01170963972635
0.01169877737503
0.01168787610476
0.01167693590444
0.01166595676307
0.01165493866973
0.01164388161360
0.01163278558396
0.01162165057014
0.01161047656161
0.01159926354790
0.01158801151864
0.01157672046354
0.01156539037242
0.01155402123517
0.01154261304180
0.01153116578237
0.01151967944707
0.01150815402616
0.01149658951000
0.01148498588903
0.01147334315380
0.01146166129494
0.01144994030317
0.01143818016931
0.01142638088426
0.01141454243903
0.01140266482471
0.01139074803249
0.01137879205364
0.01136679687953
0.01135476250163
0.01134268891149
0.01133057610077
0.01131842406121
0.01130623278463
0.01129400226298
0.01128173248827
0.01126942345263
0.01125707514826
0.01124468756746
0.01123226070264
0.01121979454628
0.01120728909098
0.01119474432941
0.01118216025435
0.01116953685867
0.01115687413533
0.01114417207739
0.01113143067800
0.01111864993042
0.01110582982799
0.01109297036414
0.01108007153242
0.01106713332644
0.01105415573994
0.01104113876673
0.01102808240074
0.01101498663596
0.01100185146652
0.01098867688662
0.01097546289055
0.01096220947271
0.01094891662760
0.01093558434980
0.01092221263400
0.01090880147498
0.01089535086762
0.01088186080689
0.01086833128788
0.01085476230575
0.01084115385576
0.01082750593328
0.01081381853377
0.01080009165280
0.01078632528602
0.01077251942917
0.01075867407813
0.01074478922883
0.01073086487732
0.01071690101976
0.01070289765238
0.01068885477152
0.01067477237364
0.01066065045527
0.01064648901304
0.01063228804370
0.01061804754408
0.01060376751112
0.01058944794185
0.01057508883340
0.01056069018300
0.01054625198800
0.01053177424581
0.01051725695398
0.01050270011012
0.01048810371197
0.01047346775737
0.01045879224423
0.01044407717060
0.01042932253460
0.01041452833445
0.01039969456850
0.01038482123517
0.01036990833300
0.01035495586061
0.01033996381674
0.01032493220022
0.01030986101000
0.01029475024509
0.01027959990465
0.01026440998791
0.01024918049421
0.01023391142299
0.01021860277379
0.01020325454625
0.01018786674013
0.01017243935527
0.01015697239162
0.01014146584922
0.01012591972825
0.01011033402894
0.01009470875166
0.01007904389687
0.01006333946513
0.01004759545711
0.01003181187357
0.01001598871539
0.01000012598354
0.00998422367910
0.00996828180324
0.00995230035725
0.00993627934252
0.00992021876053
0.00990411861287
0.00988797890125
0.00987179962747
0.00985558079342
0.00983932240111
0.00982302445266
0.00980668695028
0.00979030989630
0.00977389329312
0.00975743714329
0.00974094144943
0.00972440621427
0.00970783144067
0.00969121713156
0.00967456329000
0.00965786991914
0.00964113702224
0.00962436460267
0.00960755266389
0.00959070120948
0.00957381024312
0.00955687976859
0.00953990978980
0.00952290031072
0.00950585133547
0.00948876286825
0.00947163491337
0.00945446747526
0.00943726055844
0.00942001416754
0.00940272830730
0.00938540298256
0.00936803819827
0.00935063395949
0.00933319027137
0.00931570713919
0.00929818456833
0.00928062256426
0.00926302113258
0.00924538027897
0.00922770000925
0.00920998032932
0.00919222124521
0.00917442276302
0.00915658488900
0.00913870762949
0.00912079099092
0.00910283497986
0.00908483960296
0.00906680486700
0.00904873077885
0.00903061734550
0.00901246457403
0.00899427247165
0.00897604104567
0.00895777030350
0.00893946025268
0.00892111090082
0.00890272225568
0.00888429432511
0.00886582711706
0.00884732063960
0.00882877490090
0.00881018990927
0.00879156567308
0.00877290220083
0.00875419950116
0.00873545758276
0.00871667645448
0.00869785612525
0.00867899660413
0.00866009790026
0.00864116002293
0.00862218298150
0.00860316678546
0.00858411144442
0.00856501696807
0.00854588336623
0.00852671064884
0.00850749882593
0.00848824790764
0.00846895790423
0.00844962882607
0.00843026068363
0.00841085348751
0.00839140724840
0.00837192197711
0.00835239768457
0.00833283438180
0.00831323207994
0.00829359079024
0.00827391052407
0.00825419129291
0.00823443310833
0.00821463598203
0.00819479992583
0.00817492495163
0.00815501107148
0.00813505829750
0.00811506664196
0.00809503611721
0.00807496673574
0.00805485851013
0.00803471145308
0.00801452557740
0.00799430089602
0.00797403742197
0.00795373516840
0.00793339414857
0.00791301437585
0.00789259586372
0.00787213862577
0.00785164267573
0.00783110802741
0.00781053469474
0.00778992269176
0.00776927203265
0.00774858273166
0.00772785480318
0.00770708826172
0.00768628312187
0.00766543939837
0.00764455710604
0.00762363625985
0.00760267687484
0.00758167896620
0.00756064254921
0.00753956763927
0.00751845425191
0.00749730240275
0.00747611210753
0.00745488338211
0.00743361624245
0.00741231070465
0.00739096678490
0.00736958449951
0.00734816386490
0.00732670489761
0.00730520761431
0.00728367203174
0.00726209816680
0.00724048603648
0.00721883565790
0.00719714704826
0.00717542022492
0.00715365520532
0.00713185200703
0.00711001064774
0.00708813114524
0.00706621351744
0.00704425778236
0.00702226395816
0.00700023206308
0.00697816211549
0.00695605413388
0.00693390813685
0.00691172414311
0.00688950217150
0.00686724224095
0.00684494437054
0.00682260857944
0.00680023488693
0.00677782331243
0.00675537387546
0.00673288659566
0.00671036149277
0.00668779858667
0.00666519789734
0.00664255944488
0.00661988324951
0.00659716933156
0.00657441771148
0.00655162840983
0.00652880144729
0.00650593684466
0.00648303462284
0.00646009480287
0.00643711740589
0.00641410245316
0.00639104996605
0.00636795996606
0.00634483247479
0.00632166751398
0.00629846510546
0.00627522527120
0.00625194803326
0.00622863341383
0.00620528143524
0.00618189211989
0.00615846549034
0.00613500156923
0.00611150037935
0.00608796194359
0.00606438628496
0.00604077342657
0.00601712339168
0.00599343620364
0.00596971188593
0.00594595046215
0.00592215195600
0.00589831639132
0.00587444379204
0.00585053418224
0.00582658758609
0.00580260402789
0.00577858353205
0.00575452612312
0.00573043182572
0.00570630066465
0.00568213266477
0.00565792785110
0.00563368624875
0.00560940788296
0.00558509277908
0.00556074096260
0.00553635245910
0.00551192729429
0.00548746549400
0.00546296708417
0.00543843209087
0.00541386054028
0.00538925245869
0.00536460787253
0.00533992680832
0.00531520929273
0.00529045535253
0.00526566501460
0.00524083830595
0.00521597525371
0.00519107588512
0.00516614022755
0.00514116830848
0.00511616015551
0.00509111579635
0.00506603525885
0.00504091857096
0.00501576576075
0.00499057685642
0.00496535188628
0.00494009087875
0.00491479386239
0.00488946086586
0.00486409191795
0.00483868704757
0.00481324628373
0.00478776965558
0.00476225719239
0.00473670892353
0.00471112487849
0.00468550508691
0.00465984957851
0.00463415838316
0.00460843153082
0.00458266905160
0.00455687097570
0.00453103733346
0.00450516815532
0.00447926347187
0.00445332331379
0.00442734771189
0.00440133669709
0.00437529030045
0.00434920855313
0.00432309148642
0.00429693913172
0.00427075152057
0.00424452868459
0.00421827065557
0.00419197746537
0.00416564914601
0.00413928572961
0.00411288724840
0.00408645373475
0.00405998522114
0.00403348174017
0.00400694332456
0.00398037000715
0.00395376182089
0.00392711879888
0.00390044097430
0.00387372838047
0.00384698105083
0.00382019901895
0.00379338231849
0.00376653098325
0.00373964504715
0.00371272454423
0.00368576950865
0.00365877997467
0.00363175597670
0.00360469754925
0.00357760472696
0.00355047754458
0.00352331603699
0.00349612023918
0.00346889018627
0.00344162591350
0.00341432745622
0.00338699484990
0.00335962813015
0.00333222733267
0.00330479249330
0.00327732364800
0.00324982083284
0.00322228408402
0.00319471343785
0.00316710893077
0.00313947059933
0.00311179848022
0.00308409261021
0.00305635302624
0.00302857976534
0.00300077286465
0.00297293236147
0.00294505829318
0.00291715069731
0.00288920961148
0.00286123507345
0.00283322712111
0.00280518579245
0.00277711112559
0.00274900315875
0.00272086193031
0.00269268747874
0.00266447984264
0.00263623906072
0.00260796517183
0.00257965821492
0.00255131822907
0.00252294525348
0.00249453932747
0.00246610049048
0.00243762878206
0.00240912424191
0.00238058690982
0.00235201682570
0.00232341402961
0.00229477856170
0.00226611046225
0.00223740977166
0.00220867653046
0.00217991077928
0.00215111255889
0.00212228191018
0.00209341887414
0.00206452349189
0.00203559580468
0.00200663585388
0.00197764368096
0.00194861932753
0.00191956283532
0.00189047424616
0.00186135360202
0.00183220094499
0.00180301631726
0.00177379976117
0.00174455131916
0.00171527103380
0.00168595894776
0.00165661510387
0.00162723954503
0.00159783231429
0.00156839345483
0.00153892300993
0.00150942102299
0.00147988753755
0.00145032259724
0.00142072624583
0.00139109852721
0.00136143948539
0.00133174916449
0.00130202760876
0.00127227486257
0.00124249097040
0.00121267597685
0.00118282992667
0.00115295286468
0.00112304483587
0.00109310588531
0.00106313605822
0.00103313539991
0.00100310395584
0.00097304177157
0.00094294889279
0.00091282536531
0.00088267123504
0.00085248654804
0.00082227135048
0.00079202568863
0.00076174960890
0.00073144315783
0.00070110638204
0.00067073932831
0.00064034204353
0.00060991457469
0.00057945696892
0.00054896927346
0.00051845153568
0.00048790380305
0.00045732612319
0.00042671854381
0.00039608111276
0.00036541387799
0.00033471688758
0.00030399018974
0.00027323383279
0.00024244786516
0.00021163233541
0.00018078729223
0.00014991278440
0.00011900886084
0.00008807557060
0.00005711296282
0.00002612108678
-0.00000490000813
-0.00003595027238
-0.00006702965637
-0.00009813811032
-0.00012927558437
-0.00016044202853
-0.00019163739269
-0.00022286162662
-0.00025411467998
-0.00028539650230
-0.00031670704299
-0.00034804625135
-0.00037941407657
-0.00041081046769
-0.00044223537365
-0.00047368874329
-0.00050517052529
-0.00053668066824
-0.00056821912061
-0.00059978583074
-0.00063138074685
-0.00066300381707
-0.00069465498936
-0.00072633421162
-0.00075804143158
-0.00078977659689
-0.00082153965505
-0.00085333055347
-0.00088514923943
-0.00091699566008
-0.00094886976246
-0.00098077149350
-0.00101270080001
-0.00104465762867
-0.00107664192605
-0.00110865363860
-0.00114069271266
-0.00117275909444
-0.00120485273003
-0.00123697356541
-0.00126912154645
-0.00130129661888
-0.00133349872834
-0.00136572782033
-0.00139798384023
-0.00143026673332
-0.00146257644475
-0.00149491291957
-0.00152727610268
-0.00155966593888
-0.00159208237287
-0.00162452534921
-0.00165699481233
-0.00168949070659
-0.00172201297618
-0.00175456156521
-0.00178713641765
-0.00181973747737
-0.00185236468811
-0.00188501799349
-0.00191769733704
-0.00195040266213
-0.00198313391205
-0.00201589102995
-0.00204867395889
-0.00208148264177
-0.00211431702142
-0.00214717704053
-0.00218006264166
-0.00221297376728
-0.00224591035973
-0.00227887236123
-0.00231185971390
-0.00234487235972
-0.00237791024058
-0.00241097329822
-0.00244406147431
-0.00247717471035
-0.00251031294777
-0.00254347612785
-0.00257666419178
-0.00260987708061
-0.00264311473531
-0.00267637709668
-0.00270966410546
-0.00274297570224
-0.00277631182750
-0.00280967242161
-0.00284305742482
-0.00287646677727
-0.00290990041898
-0.00294335828986
-0.00297684032968
-0.00301034647814
-0.00304387667478
-0.00307743085906
-0.00311100897029
-0.00314461094770
-0.00317823673038
-0.00321188625732
-0.00324555946739
-0.00327925629933
-0.00331297669179
-0.00334672058329
-0.00338048791224
-0.00341427861694
-0.00344809263556
-0.00348192990618
-0.00351579036674
-0.00354967395508
-0.00358358060892
-0.00361751026587
-0.00365146286343
-0.00368543833898
-0.00371943662978
-0.00375345767298
-0.00378750140563
-0.00382156776464
-0.00385565668682
-0.00388976810889
-0.00392390196740
-0.00395805819885
-0.00399223673958
-0.00402643752583
-0.00406066049374
-0.00409490557932
-0.00412917271847
-0.00416346184698
-0.00419777290054
-0.00423210581469
-0.00426646052490
-0.00430083696651
-0.00433523507472
-0.00436965478467
-0.00440409603134
-0.00443855874963
-0.00447304287431
-0.00450754834004
-0.00454207508137
-0.00457662303273
-0.00461119212846
-0.00464578230277
-0.00468039348975
-0.00471502562340
-0.00474967863759
-0.00478435246609
-0.00481904704255
-0.00485376230051
-0.00488849817341
-0.00492325459456
-0.00495803149717
-0.00499282881433
-0.00502764647904
-0.00506248442416
-0.00509734258245
-0.00513222088657
-0.00516711926906
-0.00520203766235
-0.00523697599875
-0.00527193421048
-0.00530691222963
-0.00534190998818
-0.00537692741802
-0.00541196445091
-0.00544702101851
-0.00548209705236
-0.00551719248389
-0.00555230724444
-0.00558744126521
-0.00562259447732
-0.00565776681176
-0.00569295819941
-0.00572816857106
-0.00576339785736
-0.00579864598888
-0.00583391289606
-0.00586919850924
-0.00590450275866
-0.00593982557444
-0.00597516688657
-0.00601052662498
-0.00604590471945
-0.00608130109967
-0.00611671569521
-0.00615214843554
-0.00618759925003
-0.00622306806792
-0.00625855481835
-0.00629405943037
-0.00632958183290
-0.00636512195475
-0.00640067972465
-0.00643625507118
-0.00647184792285
-0.00650745820805
-0.00654308585506
-0.00657873079204
-0.00661439294707
-0.00665007224810
-0.00668576862299
-0.00672148199948
-0.00675721230521
-0.00679295946770
-0.00682872341438
-0.00686450407258
-0.00690030136949
-0.00693611523223
-0.00697194558779
-0.00700779236307
-0.00704365548484
-0.00707953487980
-0.00711543047451
-0.00715134219544
-0.00718726996896
-0.00722321372132
-0.00725917337866
-0.00729514886705
-0.00733114011242
-0.00736714704060
-0.00740316957732
-0.00743920764821
-0.00747526117879
-0.00751133009447
-0.00754741432057
-0.00758351378230
-0.00761962840474
-0.00765575811291
-0.00769190283169
-0.00772806248587
-0.00776423700014
-0.00780042629908
-0.00783663030717
-0.00787284894877
-0.00790908214817
-0.00794532982952
-0.00798159191689
-0.00801786833424
-0.00805415900543
-0.00809046385421
-0.00812678280422
-0.00816311577903
-0.00819946270207
-0.00823582349668
-0.00827219808611
-0.00830858639349
-0.00834498834187
-0.00838140385416
-0.00841783285321
-0.00845427526174
-0.00849073100238
-0.00852719999766
-0.00856368217000
-0.00860017744172
-0.00863668573505
-0.00867320697210
-0.00870974107490
-0.00874628796536
-0.00878284756530
-0.00881941979643
-0.00885600458038
-0.00889260183866
-0.00892921149268
-0.00896583346376
-0.00900246767311
-0.00903911404185
-0.00907577249100
-0.00911244294146
-0.00914912531405
-0.00918581952949
-0.00922252550839
-0.00925924317128
-0.00929597243857
-0.00933271323057
-0.00936946546752
-0.00940622906952
-0.00944300395661
-0.00947979004870
-0.00951658726562
-0.00955339552711
-0.00959021475278
-0.00962704486216
-0.00966388577470
-0.00970073740973
-0.00973759968648
-0.00977447252410
-0.00981135584162
-0.00984824955800
-0.00988515359208
-0.00992206786261
-0.00995899228824
-0.00999592678754
-0.01003287127897
-0.01006982568088
-0.01010678991156
-0.01014376388916
-0.01018074753176
-0.01021774075735
-0.01025474348381
-0.01029175562893
-0.01032877711040
-0.01036580784581
-0.01040284775267
-0.01043989674839
-0.01047695475027
-0.01051402167554
-0.01055109744132
-0.01058818196462
-0.01062527516240
-0.01066237695148
-0.01069948724861
-0.01073660597043
-0.01077373303352
-0.01081086835432
-0.01084801184921
-0.01088516343446
-0.01092232302625
-0.01095949054068
-0.01099666589374
-0.01103384900133
-0.01107103977926
-0.01110823814325
-0.01114544400892
-0.01118265729180
-0.01121987790734
-0.01125710577089
-0.01129434079769
-0.01133158290291
-0.01136883200163
-0.01140608800883
-0.01144335083938
-0.01148062040810
-0.01151789662970
-0.01155517941877
-0.01159246868986
-0.01162976435739
-0.01166706633571
-0.01170437453908
-0.01174168888165
-0.01177900927750
-0.01181633564061
-0.01185366788488
-0.01189100592411
-0.01192834967201
-0.01196569904222
-0.01200305394826
-0.01204041430358
-0.01207778002154
-0.01211515101541
-0.01215252719837
-0.01218990848351
-0.01222729478384
-0.01226468601227
-0.01230208208163
-0.01233948290466
-0.01237688839400
-0.01241429846224
-0.01245171302184
-0.01248913198519
-0.01252655526460
-0.01256398277228
-0.01260141442036
-0.01263885012089
-0.01267628978581
-0.01271373332701
-0.01275118065627
-0.01278863168527
-0.01282608632564
-0.01286354448890
-0.01290100608650
-0.01293847102978
-0.01297593923002
-0.01301341059840
-0.01305088504603
-0.01308836248391
-0.01312584282299
-0.01316332597411
-0.01320081184802
-0.01323830035542
-0.01327579140689
-0.01331328491294
-0.01335078078401
-0.01338827893043
-0.01342577926247
-0.01346328169031
-0.01350078612403
-0.01353829247366
-0.01357580064912
-0.01361331056025
-0.01365082211683
-0.01368833522853
-0.01372584980496
-0.01376336575563
-0.01380088298998
-0.01383840141737
-0.01387592094708
-0.01391344148829
-0.01395096295011
-0.01398848524159
-0.01402600827167
-0.01406353194922
-0.01410105618303
-0.01413858088181
-0.01417610595420
-0.01421363130874
-0.01425115685391
-0.01428868249810
-0.01432620814961
-0.01436373371668
-0.01440125910748
-0.01443878423006
-0.01447630899244
-0.01451383330253
-0.01455135706816
-0.01458888019711
-0.01462640259706
-0.01466392417561
-0.01470144484030
-0.01473896449857
-0.01477648305781
-0.01481400042530
-0.01485151650828
-0.01488903121388
-0.01492654444918
-0.01496405612117
-0.01500156613675
-0.01503907440278
-0.01507658082602
-0.01511408531315
-0.01515158777080
-0.01518908810549
-0.01522658622369
-0.01526408203179
-0.01530157543610
-0.01533906634287
-0.01537655465825
-0.01541404028833
-0.01545152313915
-0.01548900311663
-0.01552648012664
-0.01556395407499
-0.01560142486740
-0.01563889240951
-0.01567635660690
-0.01571381736508
-0.01575127458948
-0.01578872818545
-0.01582617805830
-0.01586362411322
-0.01590106625537
-0.01593850438982
-0.01597593842157
-0.01601336825554
-0.01605079379660
-0.01608821494954
-0.01612563161907
-0.01616304370984
-0.01620045112642
-0.01623785377333
-0.01627525155500
-0.01631264437579
-0.01635003214001
-0.01638741475188
-0.01642479211557
-0.01646216413515
-0.01649953071466
-0.01653689175805
-0.01657424716920
-0.01661159685193
-0.01664894070998
-0.01668627864704
-0.01672361056673
-0.01676093637258
-0.01679825596808
-0.01683556925663
-0.01687287614159
-0.01691017652623
-0.01694747031377
-0.01698475740734
-0.01702203771003
-0.01705931112486
-0.01709657755476
-0.01713383690263
-0.01717108907129
-0.01720833396347
-0.01724557148188
-0.01728280152914
-0.01732002400780
-0.01735723882036
-0.01739444586925
-0.01743164505683
-0.01746883628542
-0.01750601945724
-0.01754319447448
-0.01758036123925
-0.01761751965359
-0.01765466961951
-0.01769181103891
-0.01772894381367
-0.01776606784559
-0.01780318303640
-0.01784028928779
-0.01787738650136
-0.01791447457868
-0.01795155342124
-0.01798862293047
-0.01802568300774
-0.01806273355437
-0.01809977447161
-0.01813680566065
-0.01817382702262
-0.01821083845860
-0.01824783986959
-0.01828483115655
-0.01832181222039
-0.01835878296192
-0.01839574328194
-0.01843269308116
-0.01846963226024
-0.01850656071978
-0.01854347836033
-0.01858038508239
-0.01861728078637
-0.01865416537265
-0.01869103874156
-0.01872790079335
-0.01876475142821
-0.01880159054631
-0.01883841804774
-0.01887523383252
-0.01891203780063
-0.01894882985201
-0.01898560988653
-0.01902237780399
-0.01905913350415
-0.01909587688672
-0.01913260785136
-0.01916932629765
-0.01920603212515
-0.01924272523333
-0.01927940552164
-0.01931607288945
-0.01935272723610
-0.01938936846087
-0.01942599646297
-0.01946261114157
-0.01949921239581
-0.01953580012473
-0.01957237422737
-0.01960893460268
-0.01964548114957
-0.01968201376691
-0.01971853235351
-0.01975503680812
-0.01979152702946
-0.01982800291619
-0.01986446436691
-0.01990091128018
-0.01993734355452
-0.01997376108839
-0.02001016378018
-0.02004655152828
-0.02008292423099
-0.02011928178657
-0.02015562409325
-0.02019195104920
-0.02022826255252
-0.02026455850131
-0.02030083879358
-0.02033710332731
-0.02037335200044
-0.02040958471085
-0.02044580135638
-0.02048200183483
-0.02051818604393
-0.02055435388140
-0.02059050524488
-0.02062664003200
-0.02066275814030
-0.02069885946732
-0.02073494391053
-0.02077101136736
-0.02080706173519
-0.02084309491138
-0.02087911079321
-0.02091510927795
-0.02095109026281
-0.02098705364496
-0.02102299932152
-0.02105892718958
-0.02109483714618
-0.02113072908832
-0.02116660291296
-0.02120245851701
-0.02123829579734
-0.02127411465080
-0.02130991497418
-0.02134569666422
-0.02138145961763
-0.02141720373110
-0.02145292890124
-0.02148863502465
-0.02152432199789
-0.02155998971745
-0.02159563807982
-0.02163126698143
-0.02166687631868
-0.02170246598792
-0.02173803588547
-0.02177358590761
-0.02180911595059
-0.02184462591060
-0.02188011568383
-0.02191558516640
-0.02195103425440
-0.02198646284389
-0.02202187083090
-0.02205725811142
-0.02209262458138
-0.02212797013671
-0.02216329467328
-0.02219859808694
-0.02223388027349
-0.02226914112872
-0.02230438054836
-0.02233959842812
-0.02237479466367
-0.02240996915065
-0.02244512178466
-0.02248025246127
-0.02251536107603
-0.02255044752443
-0.02258551170196
-0.02262055350406
-0.02265557282613
-0.02269056956354
-0.02272554361166
-0.02276049486579
-0.02279542322121
-0.02283032857319
-0.02286521081693
-0.02290006984764
-0.02293490556048
-0.02296971785058
-0.02300450661303
-0.02303927174293
-0.02307401313530
-0.02310873068517
-0.02314342428752
-0.02317809383731
-0.02321273922948
-0.02324736035892
-0.02328195712051
-0.02331652940910
-0.02335107711951
-0.02338560014654
-0.02342009838494
-0.02345457172947
-0.02348902007484
-0.02352344331573
-0.02355784134681
-0.02359221406272
-0.02362656135808
-0.02366088312746
-0.02369517926543
-0.02372944966654
-0.02376369422530
-0.02379791283620
-0.02383210539370
-0.02386627179226
-0.02390041192628
-0.02393452569018
-0.02396861297833
-0.02400267368508
-0.02403670770476
-0.02407071493168
-0.02410469526013
-0.02413864858438
-0.02417257479867
-0.02420647379722
-0.02424034547425
-0.02427418972393
-0.02430800644043
-0.02434179551789
-0.02437555685044
-0.02440929033218
-0.02444299585720
-0.02447667331956
-0.02451032261331
-0.02454394363249
-0.02457753627111
-0.02461110042316
-0.02464463598262
-0.02467814284344
-0.02471162089958
-0.02474507004495
-0.02477849017347
-0.02481188117903
-0.02484524295550
-0.02487857539676
-0.02491187839664
-0.02494515184898
-0.02497839564759
-0.02501160968627
-0.02504479385882
-0.02507794805900
-0.02511107218057
-0.02514416611728
-0.02517722976286
-0.02521026301103
-0.02524326575550
-0.02527623788995
-0.02530917930807
-0.02534208990354
-0.02537496956999
-0.02540781820109
-0.02544063569047
-0.02547342193175
-0.02550617681853
-0.02553890024443
-0.02557159210304
-0.02560425228793
-0.02563688069269
-0.02566947721087
-0.02570204173602
-0.02573457416169
-0.02576707438142
-0.02579954228874
-0.02583197777715
-0.02586438074019
-0.02589675107134
-0.02592908866411
-0.02596139341198
-0.02599366520845
-0.02602590394697
-0.02605810952104
-0.02609028182410
-0.02612242074962
-0.02615452619104
-0.02618659804183
-0.02621863619542
-0.02625064054524
-0.02628261098474
-0.02631454740734
-0.02634644970647
-0.02637831777555
-0.02641015150799
-0.02644195079722
-0.02647371553665
-0.02650544561968
-0.02653714093974
-0.02656880139021
-0.02660042686451
-0.02663201725604
-0.02666357245820
-0.02669509236440
-0.02672657686802
-0.02675802586249
-0.02678943924118
-0.02682081689751
-0.02685215872487
-0.02688346461667
-0.02691473446631
-0.02694596816719
-0.02697716561272
-0.02700832669630
-0.02703945131135
-0.02707053935127
-0.02710159070948
-0.02713260527939
-0.02716358295444
-0.02719452362803
-0.02722542719361
-0.02725629354459
-0.02728712257442
-0.02731791417654
-0.02734866824438
-0.02737938467141
-0.02741006335108
-0.02744070417684
-0.02747130704218
-0.02750187184055
-0.02753239846544
-0.02756288681034
-0.02759333676874
-0.02762374823415
-0.02765412110006
-0.02768445526000
-0.02771475060750
-0.02774500703608
-0.02777522443928
-0.02780540271067
-0.02783554174380
-0.02786564143223
-0.02789570166955
-0.02792572234935
-0.02795570336523
-0.02798564461080
-0.02801554597968
-0.02804540736550
-0.02807522866191
-0.02810500976256
-0.02813475056113
-0.02816445095128
-0.02819411082672
-0.02822373008116
-0.02825330860830
-0.02828284630189
-0.02831234305567
-0.02834179876340
-0.02837121331885
-0.02840058661582
-0.02842991854810
-0.02845920900952
-0.02848845789392
-0.02851766509513
-0.02854683050704
-0.02857595402351
-0.02860503553846
-0.02863407494579
-0.02866307213944
-0.02869202701336
-0.02872093946152
-0.02874980937790
-0.02877863665652
-0.02880742119138
-0.02883616287654
-0.02886486160605
-0.02889351727399
-0.02892212977447
-0.02895069900160
-0.02897922484953
-0.02900770721241
-0.02903614598442
-0.02906454105977
-0.02909289233269
-0.02912119969741
-0.02914946304821
-0.02917768227937
-0.02920585728521
-0.02923398796006
-0.02926207419828
-0.02929011589425
-0.02931811294238
-0.02934606523709
-0.02937397267284
-0.02940183514410
-0.02942965254539
-0.02945742477122
-0.02948515171615
-0.02951283327476
-0.02954046934165
-0.02956805981146
-0.02959560457884
-0.02962310353847
-0.02965055658507
-0.02967796361337
-0.02970532451815
-0.02973263919419
-0.02975990753633
-0.02978712943940
-0.02981430479829
-0.02984143350792
-0.02986851546321
-0.02989555055914
-0.02992253869070
-0.02994947975293
-0.02997637364088
-0.03000322024965
-0.03003001947435
-0.03005677121013
-0.03008347535219
-0.03011013179574
-0.03013674043602
-0.03016330116832
-0.03018981388795
-0.03021627849026
-0.03024269487063
-0.03026906292448
-0.03029538254725
-0.03032165363443
-0.03034787608153
-0.03037404978411
-0.03040017463776
-0.03042625053809
-0.03045227738078
-0.03047825506150
-0.03050418347601
-0.03053006252005
-0.03055589208945
-0.03058167208004
-0.03060740238770
-0.03063308290835
-0.03065871353795
-0.03068429417249
-0.03070982470801
-0.03073530504057
-0.03076073506629
-0.03078611468133
-0.03081144378187
-0.03083672226414
-0.03086195002442
-0.03088712695902
-0.03091225296429
-0.03093732793663
-0.03096235177248
-0.03098732436831
-0.03101224562065
-0.03103711542606
-0.03106193368114
-0.03108670028256
-0.03111141512699
-0.03113607811118
-0.03116068913192
-0.03118524808601
-0.03120975487034
-0.03123420938182
-0.03125861151742
-0.03128296117412
-0.03130725824900
-0.03133150263914
-0.03135569424169
-0.03137983295384
-0.03140391867283
-0.03142795129594
-0.03145193072051
-0.03147585684392
-0.03149972956359
-0.03152354877701
-0.03154731438170
-0.03157102627523
-0.03159468435523
-0.03161828851937
-0.03164183866538
-0.03166533469104
-0.03168877649416
-0.03171216397262
-0.03173549702436
-0.03175877554734
-0.03178199943961
-0.03180516859923
-0.03182828292436
-0.03185134231316
-0.03187434666389
-0.03189729587484
-0.03192018984435
-0.03194302847083
-0.03196581165273
-0.03198853928856
-0.03201121127688
-0.03203382751632
-0.03205638790555
-0.03207889234329
-0.03210134072834
-0.03212373295954
-0.03214606893579
-0.03216834855603
-0.03219057171929
-0.03221273832464
-0.03223484827120
-0.03225690145816
-0.03227889778477
-0.03230083715032
-0.03232271945419
-0.03234454459578
-0.03236631247458
-0.03238802299014
-0.03240967604205
-0.03243127152997
-0.03245280935363
-0.03247428941281
-0.03249571160735
-0.03251707583716
-0.03253838200220
-0.03255963000252
-0.03258081973819
-0.03260195110937
-0.03262302401629
-0.03264403835923
-0.03266499403852
-0.03268589095458
-0.03270672900789
-0.03272750809899
-0.03274822812846
-0.03276888899700
-0.03278949060532
-0.03281003285423
-0.03283051564460
-0.03285093887736
-0.03287130245351
-0.03289160627411
-0.03291185024031
-0.03293203425329
-0.03295215821433
-0.03297222202477
-0.03299222558602
-0.03301216879954
-0.03303205156689
-0.03305187378967
-0.03307163536958
-0.03309133620836
-0.03311097620784
-0.03313055526991
-0.03315007329654
-0.03316953018976
-0.03318892585169
-0.03320826018450
-0.03322753309045
-0.03324674447186
-0.03326589423113
-0.03328498227073
-0.03330400849320
-0.03332297280117
-0.03334187509731
-0.03336071528441
-0.03337949326529
-0.03339820894289
-0.03341686222017
-0.03343545300022
-0.03345398118618
-0.03347244668125
-0.03349084938875
-0.03350918921203
-0.03352746605455
-0.03354567981983
-0.03356383041147
-0.03358191773316
-0.03359994168866
-0.03361790218180
-0.03363579911650
-0.03365363239675
-0.03367140192664
-0.03368910761031
-0.03370674935200
-0.03372432705603
-0.03374184062679
-0.03375928996875
-0.03377667498649
-0.03379399558462
-0.03381125166789
-0.03382844314109
-0.03384556990910
-0.03386263187690
-0.03387962894954
-0.03389656103215
-0.03391342802995
-0.03393022984825
-0.03394696639242
-0.03396363756796
-0.03398024328040
-0.03399678343539
-0.03401325793866
-0.03402966669602
-0.03404600961338
-0.03406228659671
-0.03407849755209
-0.03409464238567
-0.03411072100372
-0.03412673331254
-0.03414267921858
-0.03415855862834
-0.03417437144842
-0.03419011758550
-0.03420579694637
-0.03422140943789
-0.03423695496701
-0.03425243344078
-0.03426784476633
-0.03428318885090
-0.03429846560180
-0.03431367492644
-0.03432881673232
-0.03434389092704
-0.03435889741826
-0.03437383611378
-0.03438870692147
-0.03440350974928
-0.03441824450527
-0.03443291109759
-0.03444750943448
-0.03446203942429
-0.03447650097544
-0.03449089399646
-0.03450521839598
-0.03451947408271
-0.03453366096546
-0.03454777895315
-0.03456182795478
-0.03457580787946
-0.03458971863637
-0.03460356013483
-0.03461733228422
-0.03463103499404
-0.03464466817388
-0.03465823173343
-0.03467172558247
-0.03468514963089
-0.03469850378868
-0.03471178796593
-0.03472500207282
-0.03473814601963
-0.03475121971676
-0.03476422307469
-0.03477715600401
-0.03479001841541
-0.03480281021969
-0.03481553132774
-0.03482818165055
-0.03484076109923
-0.03485326958497
-0.03486570701909
-0.03487807331299
-0.03489036837819
-0.03490259212630
-0.03491474446906
-0.03492682531827
-0.03493883458588
-0.03495077218393
-0.03496263802455
-0.03497443202000
-0.03498615408264
-0.03499780412491
-0.03500938205941
-0.03502088779879
-0.03503232125585
-0.03504368234347
-0.03505497097466
-0.03506618706253
-0.03507733052028
-0.03508840126126
-0.03509939919889
-0.03511032424672
-0.03512117631841
-0.03513195532771
-0.03514266118851
-0.03515329381479
-0.03516385312066
-0.03517433902031
-0.03518475142807
-0.03519509025838
-0.03520535542578
-0.03521554684492
-0.03522566443058
-0.03523570809764
-0.03524567776111
-0.03525557333608
-0.03526539473780
-0.03527514188159
-0.03528481468291
-0.03529441305734
-0.03530393692055
-0.03531338618835
-0.03532276077666
-0.03533206060151
-0.03534128557904
-0.03535043562553
-0.03535951065736
-0.03536851059102
-0.03537743534315
-0.03538628483046
-0.03539505896983
-0.03540375767821
-0.03541238087272
-0.03542092847055
-0.03542940038904
-0.03543779654563
-0.03544611685791
-0.03545436124356
-0.03546252962039
-0.03547062190634
-0.03547863801946
-0.03548657787793
-0.03549444140004
-0.03550222850422
-0.03550993910900
-0.03551757313307
-0.03552513049519
-0.03553261111428
-0.03554001490939
-0.03554734179967
-0.03555459170439
-0.03556176454298
-0.03556886023496
-0.03557587870000
-0.03558281985787
-0.03558968362849
-0.03559646993188
-0.03560317868822
-0.03560980981780
-0.03561636324101
-0.03562283887842
-0.03562923665069
-0.03563555647861
-0.03564179828312
-0.03564796198526
-0.03565404750623
-0.03566005476732
-0.03566598369000
-0.03567183419581
-0.03567760620648
-0.03568329964382
-0.03568891442979
-0.03569445048650
-0.03569990773616
-0.03570528610113
-0.03571058550389
-0.03571580586707
-0.03572094711341
-0.03572600916579
-0.03573099194723
-0.03573589538089
-0.03574071939003
-0.03574546389808
-0.03575012882859
-0.03575471410524
-0.03575921965185
-0.03576364539238
-0.03576799125090
-0.03577225715165
-0.03577644301899
-0.03578054877741
-0.03578457435154
-0.03578851966615
-0.03579238464615
-0.03579616921658
-0.03579987330262
-0.03580349682959
-0.03580703972294
-0.03581050190827
-0.03581388331131
-0.03581718385793
-0.03582040347415
-0.03582354208611
-0.03582659962011
-0.03582957600258
-0.03583247116008
-0.03583528501933
-0.03583801750718
-0.03584066855062
-0.03584323807679
-0.03584572601297
-0.03584813228657
-0.03585045682516
-0.03585269955645
-0.03585486040827
-0.03585693930862
-0.03585893618563
-0.03586085096758
-0.03586268358290
-0.03586443396014
-0.03586610202802
-0.03586768771540
-0.03586919095128
-0.03587061166480
-0.03587194978525
-0.03587320524208
-0.03587437796488
-0.03587546788336
-0.03587647492742
-0.03587739902707
-0.03587824011249
-0.03587899811401
-0.03587967296208
-0.03588026458734
-0.03588077292055
-0.03588119789261
-0.03588153943461
-0.03588179747775
-0.03588197195339
-0.03588206279305
-0.03588206992840
-0.03588199329126
-0.03588183281358
-0.03588158842748
-0.03588126006524
-0.03588084765928
-0.03588035114216
-0.03587977044662
-0.03587910550554
-0.03587835625194
-0.03587752261900
-0.03587660454008
-0.03587560194865
-0.03587451477836
-0.03587334296302
-0.03587208643658
-0.03587074513315
-0.03586931898699
-0.03586780793252
-0.03586621190433
-0.03586453083713
-0.03586276466583
-0.03586091332546
-0.03585897675123
-0.03585695487849
-0.03585484764277
-0.03585265497973
-0.03585037682522
-0.03584801311521
-0.03584556378586
-0.03584302877348
-0.03584040801453
-0.03583770144564
-0.03583490900359
-0.03583203062533
-0.03582906624797
-0.03582601580878
-0.03582287924517
-0.03581965649475
-0.03581634749525
-0.03581295218459
-0.03580947050084
-0.03580590238225
-0.03580224776719
-0.03579850659425
-0.03579467880213
-0.03579076432972
-0.03578676311609
-0.03578267510043
-0.03577850022213
-0.03577423842072
-0.03576988963593
-0.03576545380761
-0.03576093087580
-0.03575632078072
-0.03575162346271
-0.03574683886233
-0.03574196692026
-0.03573700757738
-0.03573196077472
-0.03572682645347
-0.03572160455502
-0.03571629502088
-0.03571089779277
-0.03570541281256
-0.03569984002229
-0.03569417936416
-0.03568843078055
-0.03568259421401
-0.03567666960726
-0.03567065690318
-0.03566455604483
-0.03565836697543
-0.03565208963838
-0.03564572397725
-0.03563926993578
-0.03563272745787
-0.03562609648761
-0.03561937696926
-0.03561256884723
-0.03560567206613
-0.03559868657073
-0.03559161230597
-0.03558444921697
-0.03557719724901
-0.03556985634757
-0.03556242645829
-0.03555490752696
-0.03554729949959
-0.03553960232234
-0.03553181594153
-0.03552394030369
-0.03551597535550
-0.03550792104383
-0.03549977731571
-0.03549154411837
-0.03548322139919
-0.03547480910575
-0.03546630718579
-0.03545771558724
-0.03544903425821
-0.03544026314696
-0.03543140220197
-0.03542245137186
-0.03541341060546
-0.03540427985175
-0.03539505905992
-0.03538574817931
-0.03537634715947
-0.03536685595010
-0.03535727450110
-0.03534760276254
-0.03533784068468
-0.03532798821796
-0.03531804531298
-0.03530801192056
-0.03529788799168
-0.03528767347749
-0.03527736832934
-0.03526697249877
-0.03525648593747
-0.03524590859736
-0.03523524043050
-0.03522448138916
-0.03521363142578
-0.03520269049299
-0.03519165854361
-0.03518053553063
-0.03516932140724
-0.03515801612681
-0.03514661964288
-0.03513513190922
-0.03512355287972
-0.03511188250852
-0.03510012074991
-0.03508826755836
-0.03507632288857
-0.03506428669538
-0.03505215893384
-0.03503993955919
-0.03502762852684
-0.03501522579242
-0.03500273131171
-0.03499014504072
-0.03497746693560
-0.03496469695273
-0.03495183504867
-0.03493888118016
-0.03492583530414
-0.03491269737772
-0.03489946735823
-0.03488614520318
-0.03487273087025
-0.03485922431734
-0.03484562550253
-0.03483193438409
-0.03481815092049
-0.03480427507037
-0.03479030679260
-0.03477624604620
-0.03476209279041
-0.03474784698466
-0.03473350858857
-0.03471907756195
-0.03470455386482
-0.03468993745737
-0.03467522829999
-0.03466042635329
-0.03464553157804
-0.03463054393522
-0.03461546338602
-0.03460028989180
-0.03458502341414
-0.03456966391478
-0.03455421135571
-0.03453866569906
-0.03452302690719
-0.03450729494266
-0.03449146976821
-0.03447555134678
-0.03445953964152
-0.03444343461577
-0.03442723623307
-0.03441094445715
-0.03439455925195
-0.03437808058160
-0.03436150841045
-0.03434484270301
-0.03432808342403
-0.03431123053843
-0.03429428401135
-0.03427724380813
-0.03426010989428
-0.03424288223556
-0.03422556079790
-0.03420814554742
-0.03419063645048
-0.03417303347360
-0.03415533658353
-0.03413754574722
-0.03411966093181
-0.03410168210465
-0.03408360923329
-0.03406544228549
-0.03404718122920
-0.03402882603259
-0.03401037666402
-0.03399183309206
-0.03397319528549
-0.03395446321328
-0.03393563684462
-0.03391671614889
-0.03389770109569
-0.03387859165481
-0.03385938779626
-0.03384008949025
-0.03382069670720
-0.03380120941773
-0.03378162759266
-0.03376195120303
-0.03374218022009
-0.03372231461528
-0.03370235436026
-0.03368229942689
-0.03366214978725
-0.03364190541362
-0.03362156627849
-0.03360113235455
-0.03358060361471
-0.03355998003208
-0.03353926158000
-0.03351844823198
-0.03349753996179
-0.03347653674336
-0.03345543855086
-0.03343424535867
-0.03341295714137
-0.03339157387375
-0.03337009553082
-0.03334852208779
-0.03332685352010
-0.03330508980338
-0.03328323091349
-0.03326127682648
-0.03323922751864
-0.03321708296645
-0.03319484314661
-0.03317250803604
-0.03315007761186
-0.03312755185141
-0.03310493073225
-0.03308221423213
-0.03305940232906
-0.03303649500121
-0.03301349222700
-0.03299039398505
-0.03296720025421
-0.03294391101352
-0.03292052624225
-0.03289704591990
-0.03287347002615
-0.03284979854093
-0.03282603144437
-0.03280216871681
-0.03277821033882
-0.03275415629118
-0.03273000655489
-0.03270576111117
-0.03268141994145
-0.03265698302737
-0.03263245035080
-0.03260782189384
-0.03258309763878
-0.03255827756815
-0.03253336166469
-0.03250834991135
-0.03248324229131
-0.03245803878798
-0.03243273938496
-0.03240734406610
-0.03238185281545
-0.03235626561728
-0.03233058245609
-0.03230480331661
-0.03227892818375
-0.03225295704269
-0.03222688987879
-0.03220072667766
-0.03217446742513
-0.03214811210722
-0.03212166071021
-0.03209511322058
-0.03206846962504
-0.03204172991051
-0.03201489406416
-0.03198796207336
-0.03196093392570
-0.03193380960901
-0.03190658911132
-0.03187927242092
-0.03185185952629
-0.03182435041614
-0.03179674507942
-0.03176904350529
-0.03174124568313
-0.03171335160256
-0.03168536125342
-0.03165727462578
-0.03162909170990
-0.03160081249632
-0.03157243697577
-0.03154396513921
-0.03151539697784
-0.03148673248307
-0.03145797164654
-0.03142911446012
-0.03140016091591
-0.03137111100623
-0.03134196472363
-0.03131272206089
-0.03128338301101
-0.03125394756723
-0.03122441572300
-0.03119478747201
-0.03116506280817
-0.03113524172564
-0.03110532421879
-0.03107531028221
-0.03104519991073
-0.03101499309943
-0.03098468984357
-0.03095429013869
-0.03092379398053
-0.03089320136507
-0.03086251228851
-0.03083172674729
-0.03080084473808
-0.03076986625778
-0.03073879130352
-0.03070761987265
-0.03067635196277
-0.03064498757170
-0.03061352669749
-0.03058196933843
-0.03055031549304
-0.03051856516005
-0.03048671833846
-0.03045477502747
-0.03042273522653
-0.03039059893532
-0.03035836615375
-0.03032603688196
-0.03029361112033
-0.03026108886946
-0.03022847013020
-0.03019575490363
-0.03016294319106
-0.03013003499403
-0.03009703031431
-0.03006392915393
-0.03003073151513
-0.02999743740038
-0.02996404681242
-0.02993055975418
-0.02989697622885
-0.02986329623986
-0.02982951979086
-0.02979564688575
-0.02976167752864
-0.02972761172392
-0.02969344947617
-0.02965919079024
-0.02962483567119
-0.02959038412433
-0.02955583615522
-0.02952119176963
-0.02948645097359
-0.02945161377334
-0.02941668017539
-0.02938165018646
-0.02934652381354
-0.02931130106381
-0.02927598194473
-0.02924056646399
-0.02920505462949
-0.02916944644941
-0.02913374193215
-0.02909794108632
-0.02906204392083
-0.02902605044477
-0.02898996066751
-0.02895377459863
-0.02891749224798
-0.02888111362562
-0.02884463874186
-0.02880806760726
-0.02877140023262
-0.02873463662895
-0.02869777680755
-0.02866082077991
-0.02862376855779
-0.02858662015320
-0.02854937557836
-0.02851203484576
-0.02847459796810
-0.02843706495836
-0.02839943582973
-0.02836171059565
-0.02832388926982
-0.02828597186615
-0.02824795839881
-0.02820984888223
-0.02817164333104
-0.02813334176015
-0.02809494418470
-0.02805645062006
-0.02801786108187
-0.02797917558598
-0.02794039414852
-0.02790151678583
-0.02786254351451
-0.02782347435140
-0.02778430931360
-0.02774504841842
-0.02770569168344
-0.02766623912648
-0.02762669076560
-0.02758704661911
-0.02754730670555
-0.02750747104372
-0.02746753965267
-0.02742751255167
-0.02738738976026
-0.02734717129821
-0.02730685718555
-0.02726644744253
-0.02722594208968
-0.02718534114774
-0.02714464463773
-0.02710385258089
-0.02706296499872
-0.02702198191296
-0.02698090334560
-0.02693972931887
-0.02689845985526
-0.02685709497749
-0.02681563470853
-0.02677407907162
-0.02673242809022
-0.02669068178804
-0.02664884018905
-0.02660690331747
-0.02656487119774
-0.02652274385459
-0.02648052131295
-0.02643820359804
-0.02639579073530
-0.02635328275043
-0.02631067966939
-0.02626798151836
-0.02622518832379
-0.02618230011238
-0.02613931691105
-0.02609623874702
-0.02605306564771
-0.02600979764081
-0.02596643475426
-0.02592297701625
-0.02587942445521
-0.02583577709983
-0.02579203497905
-0.02574819812206
-0.02570426655828
-0.02566024031740
-0.02561611942937
-0.02557190392435
-0.02552759383280
-0.02548318918540
-0.02543869001308
-0.02539409634704
-0.02534940821871
-0.02530462565978
-0.02525974870219
-0.02521477737813
-0.02516971172005
-0.02512455176064
-0.02507929753285
-0.02503394906987
-0.02498850640515
-0.02494296957239
-0.02489733860555
-0.02485161353882
-0.02480579440666
-0.02475988124379
-0.02471387408516
-0.02466777296598
-0.02462157792171
-0.02457528898808
-0.02452890620106
-0.02448242959687
-0.02443585921197
-0.02438919508311
-0.02434243724726
-0.02429558574165
-0.02424864060378
-0.02420160187137
-0.02415446958244
-0.02410724377521
-0.02405992448820
-0.02401251176016
-0.02396500563009
-0.02391740613726
-0.02386971332119
-0.02382192722163
-0.02377404787861
-0.02372607533242
-0.02367800962358
-0.02362985079289
-0.02358159888136
-0.02353325393032
-0.02348481598129
-0.02343628507609
-0.02338766125678
-0.02333894456567
-0.02329013504531
-0.02324123273855
-0.02319223768846
-0.02314314993836
-0.02309396953185
-0.02304469651277
-0.02299533092522
-0.02294587281356
-0.02289632222239
-0.02284667919657
-0.02279694378123
-0.02274711602175
-0.02269719596376
-0.02264718365314
-0.02259707913604
-0.02254688245886
-0.02249659366825
-0.02244621281113
-0.02239573993467
-0.02234517508628
-0.02229451831366
-0.02224376966473
-0.02219292918770
-0.02214199693101
-0.02209097294336
-0.02203985727373
-0.02198864997133
-0.02193735108564
-0.02188596066639
-0.02183447876357
-0.02178290542744
-0.02173124070850
-0.02167948465750
-0.02162763732548
-0.02157569876370
-0.02152366902369
-0.02147154815726
-0.02141933621645
-0.02136703325356
-0.02131463932115
-0.02126215447206
-0.02120957875936
-0.02115691223637
-0.02110415495671
-0.02105130697422
-0.02099836834301
-0.02094533911745
-0.02089221935217
-0.02083900910204
-0.02078570842222
-0.02073231736809
-0.02067883599533
-0.02062526435984
-0.02057160251780
-0.02051785052564
-0.02046400844006
-0.02041007631801
-0.02035605421669
-0.02030194219358
-0.02024774030639
-0.02019344861311
-0.02013906717198
-0.02008459604151
-0.02003003528046
-0.01997538494784
-0.01992064510294
-0.01986581580529
-0.01981089711468
-0.01975588909117
-0.01970079179508
-0.01964560528697
-0.01959032962769
-0.01953496487831
-0.01947951110019
-0.01942396835495
-0.01936833670444
-0.01931261621080
-0.01925680693641
-0.01920090894393
-0.01914492229624
-0.01908884705653
-0.01903268328822
-0.01897643105498
-0.01892009042077
-0.01886366144978
-0.01880714420649
-0.01875053875560
-0.01869384516211
-0.01863706349126
-0.01858019380854
-0.01852323617972
-0.01846619067081
-0.01840905734811
-0.01835183627814
-0.01829452752772
-0.01823713116389
-0.01817964725398
-0.01812207586557
-0.01806441706650
-0.01800667092486
-0.01794883750903
-0.01789091688760
-0.01783290912947
-0.01777481430378
-0.01771663247992
-0.01765836372755
-0.01760000811660
-0.01754156571724
-0.01748303659991
-0.01742442083531
-0.01736571849440
-0.01730692964840
-0.01724805436879
-0.01718909272732
-0.01713004479598
-0.01707091064702
-0.01701169035298
-0.01695238398664
-0.01689299162103
-0.01683351332946
-0.01677394918548
-0.01671429926292
-0.01665456363587
-0.01659474237866
-0.01653483556590
-0.01647484327245
-0.01641476557343
-0.01635460254422
-0.01629435426048
-0.01623402079810
-0.01617360223325
-0.01611309864235
-0.01605251010209
-0.01599183668941
-0.01593107848152
-0.01587023555589
-0.01580930799023
-0.01574829586254
-0.01568719925106
-0.01562601823430
-0.01556475289103
-0.01550340330027
-0.01544196954132
-0.01538045169371
-0.01531884983726
-0.01525716405203
-0.01519539441836
-0.01513354101683
-0.01507160392829
-0.01500958323386
-0.01494747901489
-0.01488529135302
-0.01482302033015
-0.01476066602841
-0.01469822853022
-0.01463570791825
-0.01457310427543
-0.01451041768495
-0.01444764823026
-0.01438479599507
-0.01432186106336
-0.01425884351934
-0.01419574344752
-0.01413256093264
-0.01406929605972
-0.01400594891402
-0.01394251958108
-0.01387900814668
-0.01381541469688
-0.01375173931798
-0.01368798209656
-0.01362414311944
-0.01356022247372
-0.01349622024675
-0.01343213652613
-0.01336797139973
-0.01330372495568
-0.01323939728238
-0.01317498846846
-0.01311049860283
-0.01304592777467
-0.01298127607340
-0.01291654358870
-0.01285173041052
-0.01278683662907
-0.01272186233481
-0.01265680761846
-0.01259167257101
-0.01252645728370
-0.01246116184803
-0.01239578635576
-0.01233033089892
-0.01226479556978
-0.01219918046088
-0.01213348566501
-0.01206771127525
-0.01200185738489
-0.01193592408752
-0.01186991147697
-0.01180381964733
-0.01173764869295
-0.01167139870845
-0.01160506978869
-0.01153866202880
-0.01147217552417
-0.01140561037043
-0.01133896666350
-0.01127224449954
-0.01120544397497
-0.01113856518646
-0.01107160823095
-0.01100457320564
-0.01093746020799
-0.01087026933570
-0.01080300068675
-0.01073565435936
-0.01066823045202
-0.01060072906347
-0.01053315029272
-0.01046549423903
-0.01039776100192
-0.01032995068116
-0.01026206337678
-0.01019409918908
-0.01012605821860
-0.01005794056616
-0.00998974633281
-0.00992147561989
-0.00985312852896
-0.00978470516186
-0.00971620562069
-0.00964763000780
-0.00957897842579
-0.00951025097753
-0.00944144776614
-0.00937256889501
-0.00930361446776
-0.00923458458829
-0.00916547936074
-0.00909629888953
-0.00902704327932
-0.00895771263502
-0.00888830706181
-0.00881882666512
-0.00874927155064
-0.00867964182432
-0.00860993759235
-0.00854015896119
-0.00847030603755
-0.00840037892840
-0.00833037774098
-0.00826030258274
-0.00819015356144
-0.00811993078506
-0.00804963436185
-0.00797926440032
-0.00790882100921
-0.00783830429755
-0.00776771437459
-0.00769705134988
-0.00762631533317
-0.00755550643451
-0.00748462476419
-0.00741367043275
-0.00734264355098
-0.00727154422994
-0.00720037258093
-0.00712912871553
-0.00705781274553
-0.00698642478302
-0.00691496494032
-0.00684343333000
-0.00677183006490
-0.00670015525810
-0.00662840902295
-0.00655659147304
-0.00648470272221
-0.00641274288458
-0.00634071207448
-0.00626861040653
-0.00619643799560
-0.00612419495679
-0.00605188140547
-0.00597949745727
-0.00590704322805
-0.00583451883395
-0.00576192439134
-0.00568926001685
-0.00561652582737
-0.00554372194002
-0.00547084847221
-0.00539790554158
-0.00532489326600
-0.00525181176363
-0.00517866115287
-0.00510544155236
-0.00503215308100
-0.00495879585795
-0.00488537000260
-0.00481187563462
-0.00473831287390
-0.00466468184060
-0.00459098265513
-0.00451721543814
-0.00444338031055
-0.00436947739352
-0.00429550680845
-0.00422146867701
-0.00414736312110
-0.00407319026289
-0.00399895022479
-0.00392464312946
-0.00385026909980
-0.00377582825899
-0.00370132073042
-0.00362674663776
-0.00355210610492
-0.00347739925606
-0.00340262621558
-0.00332778710813
-0.00325288205863
-0.00317791119223
-0.00310287463433
-0.00302777251057
-0.00295260494687
-0.00287737206936
-0.00280207400444
-0.00272671087876
-0.00265128281920
-0.00257578995291
-0.00250023240727
-0.00242461030992
-0.00234892378873
-0.00227317297184
-0.00219735798762
-0.00212147896469
-0.00204553603192
-0.00196952931843
-0.00189345895358
-0.00181732506698
-0.00174112778849
-0.00166486724820
-0.00158854357646
-0.00151215690387
-0.00143570736126
-0.00135919507972
-0.00128262019058
-0.00120598282541
-0.00112928311603
-0.00105252119451
-0.00097569719315
-0.00089881124452
-0.00082186348140
-0.00074485403685
-0.00066778304415
-0.00059065063684
-0.00051345694868
-0.00043620211370
-0.00035888626616
-0.00028150954057
-0.00020407207167
-0.00012657399447
-0.00004901544419
0.00002860344368
0.00010628253342
0.00018402168907
0.00026182077442
0.00033967965302
0.00041759818817
0.00049557624296
0.00057361368020
0.00065171036247
0.00072986615212
0.00080808091124
0.00088635450170
0.00096468678511
0.00104307762286
0.00112152687607
0.00120003440565
0.00127860007224
0.00135722373628
0.00143590525792
0.00151464449711
0.00159344131354
0.00167229556667
0.00175120711571
0.00183017581965
0.00190920153722
0.00198828412692
0.00206742344702
0.00214661935553
0.00222587171025
0.00230518036871
0.00238454518822
0.00246396602586
0.00254344273846
0.00262297518261
0.00270256321468
0.00278220669077
0.00286190546678
0.00294165939836
0.00302146834091
0.00310133214960
0.00318125067938
0.00326122378495
0.00334125132078
0.00342133314108
0.00350146909987
0.00358165905089
0.00366190284768
0.00374220034352
0.00382255139146
0.00390295584433
0.00398341355471
0.00406392437496
0.00414448815719
0.00422510475328
0.00430577401488
0.00438649579342
0.00446726994007
0.00454809630579
0.00462897474128
0.00470990509705
0.00479088722333
0.00487192097015
0.00495300618730
0.00503414272433
0.00511533043056
0.00519656915510
0.00527785874680
0.00535919905428
0.00544058992596
0.00552203120999
0.00560352275433
0.00568506440666
0.00576665601448
0.00584829742503
0.00592998848533
0.00601172904217
0.00609351894210
0.00617535803146
0.00625724615635
0.00633918316263
0.00642116889597
0.00650320320176
0.00658528592521
0.00666741691126
0.00674959600465
0.00683182304990
0.00691409789126
0.00699642037280
0.00707879033835
0.00716120763149
0.00724367209559
0.00732618357382
0.00740874190907
0.00749134694405
0.00757399852122
0.00765669648284
0.00773944067090
0.00782223092721
0.00790506709334
0.00798794901063
0.00807087652019
0.00815384946294
0.00823686767952
0.00831993101040
0.00840303929581
0.00848619237573
0.00856939008996
0.00865263227804
0.00873591877932
0.00881924943290
0.00890262407767
0.00898604255231
0.00906950469526
0.00915301034474
0.00923655933877
0.00932015151512
0.00940378671136
0.00948746476483
0.00957118551266
0.00965494879175
0.00973875443877
0.00982260229021
0.00990649218229
0.00999042395105
0.01007439743230
0.01015841246162
0.01024246887439
0.01032656650576
0.01041070519066
0.01049488476381
0.01057910505972
0.01066336591266
0.01074766715670
0.01083200862570
0.01091639015329
0.01100081157288
0.01108527271768
0.01116977342068
0.01125431351465
0.01133889283214
0.01142351120549
0.01150816846684
0.01159286444809
0.01167759898095
0.01176237189690
0.01184718302721
0.01193203220295
0.01201691925495
0.01210184401385
0.01218680631007
0.01227180597381
0.01235684283508
0.01244191672366
0.01252702746912
0.01261217490082
0.01269735884791
0.01278257913934
0.01286783560383
0.01295312806990
0.01303845636585
0.01312382031980
0.01320921975963
0.01329465451302
0.01338012440745
0.01346562927017
0.01355116892824
0.01363674320851
0.01372235193763
0.01380799494201
0.01389367204789
0.01397938308128
0.01406512786799
0.01415090623363
0.01423671800360
0.01432256300308
0.01440844105707
0.01449435199035
0.01458029562749
0.01466627179286
0.01475228031062
0.01483832100475
0.01492439369900
0.01501049821693
0.01509663438188
0.01518280201700
0.01526900094524
0.01535523098934
0.01544149197184
0.01552778371508
0.01561410604119
0.01570045877211
0.01578684172957
0.01587325473511
0.01595969761006
0.01604617017554
0.01613267225249
0.01621920366164
0.01630576422353
0.01639235375848
0.01647897208662
0.01656561902791
0.01665229440206
0.01673899802862
0.01682572972694
0.01691248931614
0.01699927661519
0.01708609144283
0.01717293361761
0.01725980295788
0.01734669928182
0.01743362240737
0.01752057215232
0.01760754833424
0.01769455077050
0.01778157927829
0.01786863367461
0.01795571377623
0.01804281939978
0.01812995036166
0.01821710647807
0.01830428756506
0.01839149343845
0.01847872391387
0.01856597880679
0.01865325793244
0.01874056110589
0.01882788814203
0.01891523885552
0.01900261306087
0.01909001057237
0.01917743120414
0.01926487477011
0.01935234108400
0.01943982995936
0.01952734120955
0.01961487464773
0.01970243008689
0.01979000733983
0.01987760621914
0.01996522653724
0.02005286810638
0.02014053073859
0.02022821424573
0.02031591843949
0.02040364313135
0.02049138813261
0.02057915325439
0.02066693830763
0.02075474310309
0.02084256745132
0.02093041116271
0.02101827404747
0.02110615591560
0.02119405657696
0.02128197584118
0.02136991351775
0.02145786941595
0.02154584334489
0.02163383511350
0.02172184453053
0.02180987140455
0.02189791554393
0.02198597675691
0.02207405485149
0.02216214963553
0.02225026091671
0.02233838850251
0.02242653220025
0.02251469181708
0.02260286715994
0.02269105803563
0.02277926425076
0.02286748561175
0.02295572192485
0.02304397299616
0.02313223863157
0.02322051863681
0.02330881281744
0.02339712097885
0.02348544292623
0.02357377846462
0.02366212739888
0.02375048953371
0.02383886467360
0.02392725262292
0.02401565318583
0.02410406616632
0.02419249136824
0.02428092859523
0.02436937765078
0.02445783833821
0.02454631046068
0.02463479382115
0.02472328822244
0.02481179346719
0.02490030935787
0.02498883569678
0.02507737228606
0.02516591892769
0.02525447542345
0.02534304157500
0.02543161718380
0.02552020205115
0.02560879597819
0.02569739876590
0.02578601021508
0.02587463012638
0.02596325830027
0.02605189453708
0.02614053863695
0.02622919039988
0.02631784962569
0.02640651611405
0.02649518966446
0.02658387007626
0.02667255714863
0.02676125068059
0.02684995047100
0.02693865631856
0.02702736802180
0.02711608537911
0.02720480818870
0.02729353624865
0.02738226935684
0.02747100731103
0.02755974990880
0.02764849694758
0.02773724822465
0.02782600353713
0.02791476268198
0.02800352545599
0.02809229165583
0.02818106107798
0.02826983351879
0.02835860877444
0.02844738664097
0.02853616691426
0.02862494939002
0.02871373386383
0.02880252013112
0.02889130798715
0.02898009722704
0.02906888764576
0.02915767903811
0.02924647119877
0.02933526392225
0.02942405700291
0.02951285023497
0.02960164341249
0.02969043632939
0.02977922877945
0.02986802055628
0.02995681145336
0.03004560126401
0.03013438978142
0.03022317679861
0.03031196210849
0.03040074550378
0.03048952677710
0.03057830572088
0.03066708212745
0.03075585578896
0.03084462649744
0.03093339404476
0.03102215822267
0.03111091882274
0.03119967563644
0.03128842845507
0.03137717706980
0.03146592127167
0.03155466085154
0.03164339560018
0.03173212530818
0.03182084976603
0.03190956876404
0.03199828209240
0.03208698954118
0.03217569090027
0.03226438595947
0.03235307450842
0.03244175633661
0.03253043123341
0.03261909898807
0.03270775938966
0.03279641222717
0.03288505728942
0.03297369436509
0.03306232324276
0.03315094371084
0.03323955555763
0.03332815857131
0.03341675253988
0.03350533725126
0.03359391249321
0.03368247805337
0.03377103371924
0.03385957927820
0.03394811451749
0.03403663922424
0.03412515318543
0.03421365618792
0.03430214801844
0.03439062846361
0.03447909730989
0.03456755434364
0.03465599935108
0.03474443211831
0.03483285243131
0.03492126007593
0.03500965483788
0.03509803650277
0.03518640485607
0.03527475968314
0.03536310076921
0.03545142789937
0.03553974085863
0.03562803943184
0.03571632340374
0.03580459255896
0.03589284668199
0.03598108555723
0.03606930896892
0.03615751670121
0.03624570853812
0.03633388426356
0.03642204366133
0.03651018651507
0.03659831260836
0.03668642172463
0.03677451364719
0.03686258815925
0.03695064504390
0.03703868408412
0.03712670506275
0.03721470776256
0.03730269196618
0.03739065745611
0.03747860401477
0.03756653142445
0.03765443946734
0.03774232792550
0.03783019658089
0.03791804521537
0.03800587361067
0.03809368154842
0.03818146881015
0.03826923517726
0.03835698043106
0.03844470435274
0.03853240672338
0.03862008732398
0.03870774593541
0.03879538233842
0.03888299631369
0.03897058764177
0.03905815610311
0.03914570147806
0.03923322354686
0.03932072208966
0.03940819688648
0.03949564771727
0.03958307436186
0.03967047659997
0.03975785421124
0.03984520697519
0.03993253467125
0.04001983707875
0.04010711397692
0.04019436514488
0.04028159036167
0.04036878940621
0.04045596205735
0.04054310809382
0.04063022729426
0.04071731943721
0.04080438430113
0.04089142166436
0.04097843130516
0.04106541300170
0.04115236653205
0.04123929167417
0.04132618820596
0.04141305590520
0.04149989454959
0.04158670391673
0.04167348378414
0.04176023392924
0.04184695412936
0.04193364416175
0.04202030380355
0.04210693283184
0.04219353102359
0.04228009815568
0.04236663400491
0.04245313834800
0.04253961096157
0.04262605162216
0.04271246010622
0.04279883619013
0.04288517965015
0.04297149026250
0.04305776780329
0.04314401204854
0.04323022277420
0.04331639975614
0.04340254277015
0.04348865159191
0.04357472599707
0.04366076576114
0.04374677065959
0.04383274046781
0.04391867496108
0.04400457391464
0.04409043710362
0.04417626430309
0.04426205528804
0.04434780983337
0.04443352771392
0.04451920870445
0.04460485257964
0.04469045911409
0.04477602808234
0.04486155925885
0.04494705241801
0.04503250733411
0.04511792378141
0.04520330153407
0.04528864036618
0.04537394005177
0.04545920036478
0.04554442107911
0.04562960196856
0.04571474280688
0.04579984336774
0.04588490342475
0.04596992275144
0.04605490112129
0.04613983830770
0.04622473408400
0.04630958822347
0.04639440049931
0.04647917068467
0.04656389855262
0.04664858387616
0.04673322642826
0.04681782598179
0.04690238230957
0.04698689518437
0.04707136437889
0.04715578966576
0.04724017081757
0.04732450760682
0.04740879980597
0.04749304718743
0.04757724952353
0.04766140658655
0.04774551814872
0.04782958398220
0.04791360385910
0.04799757755147
0.04808150483132
0.04816538547058
0.04824921924114
0.04833300591484
0.04841674526345
0.04850043705870
0.04858408107226
0.04866767707575
0.04875122484074
0.04883472413876
0.04891817474126
0.04900157641966
0.04908492894533
0.04916823208959
0.04925148562371
0.04933468931890
0.04941784294634
0.04950094627715
0.04958399908241
0.04966700113316
0.04974995220038
0.04983285205500
0.04991570046793
0.04999849721002
0.05008124205208
0.05016393476486
0.05024657511909
0.05032916288546
0.05041169783459
0.05049417973709
0.05057660836350
0.05065898348436
0.05074130487012
0.05082357229122
0.05090578551807
0.05098794432102
0.05107004847039
0.05115209773647
0.05123409188951
0.05131603069971
0.05139791393725
0.05147974137226
0.05156151277487
0.05164322791513
0.05172488656308
0.05180648848873
0.05188803346206
0.05196952125298
0.05205095163143
0.05213232436727
0.05221363923034
0.05229489599047
0.05237609441744
0.05245723428101
0.05253831535091
0.05261933739683
0.05270030018845
0.05278120349542
0.05286204708735
0.05294283073383
0.05302355420445
0.05310421726873
0.05318481969620
0.05326536125636
0.05334584171866
0.05342626085257
0.05350661842751
0.05358691421288
0.05366714797806
0.05374731949242
0.05382742852529
0.05390747484601
0.05398745822387
0.05406737842815
0.05414723522813
0.05422702839304
0.05430675769213
0.05438642289460
0.05446602376966
0.05454556008648
0.05462503161423
0.05470443812207
0.05478377937914
0.05486305515455
0.05494226521743
0.05502140933687
0.05510048728197
0.05517949882178
0.05525844372540
0.05533732176186
0.05541613270021
0.05549487630950
0.05557355235874
0.05565216061696
0.05573070085317
0.05580917283638
0.05588757633558
0.05596591111976
0.05604417695791
0.05612237361901
0.05620050087204
0.05627855848597
0.05635654622977
0.05643446387240
0.05651231118284
0.05659008793003
0.05666779388295
0.05674542881056
0.05682299248180
0.05690048466565
0.05697790513106
0.05705525364700
0.05713252998242
0.05720973390630
0.05728686518761
0.05736392359532
0.05744090889840
0.05751782086584
0.05759465926662
0.05767142386974
0.05774811444419
0.05782473075898
0.05790127258312
0.05797773968563
0.05805413183555
0.05813044880190
0.05820669035374
0.05828285626011
0.05835894629010
0.05843496021277
0.05851089779722
0.05858675881255
0.05866254302787
0.05873825021232
0.05881388013502
0.05888943256515
0.05896490727186
0.05904030402435
0.05911562259181
0.05919086274347
0.05926602424856
0.05934110687634
0.05941611039606
0.05949103457704
0.05956587918856
0.05964064399997
0.05971532878061
0.05978993329984
0.05986445732707
0.05993890063170
0.06001326298317
0.06008754415093
0.06016174390448
0.06023586201331
0.06030989824695
0.06038385237497
0.06045772416693
0.06053151339246
0.06060521982118
0.06067884322276
0.06075238336688
0.06082584002327
0.06089921296168
0.06097250195187
0.06104570676366
0.06111882716688
0.06119186293140
0.06126481382713
0.06133767962400
0.06141046009196
0.06148315500104
0.06155576412124
0.06162828722265
0.06170072407537
0.06177307444954
0.06184533811532
0.06191751484294
0.06198960440264
0.06206160656471
0.06213352109947
0.06220534777729
0.06227708636858
0.06234873664377
0.06242029837335
0.06249177132784
0.06256315527782
0.06263444999390
0.06270565524672
0.06277677080698
0.06284779644543
0.06291873193285
0.06298957704006
0.06306033153794
0.06313099519742
0.06320156778946
0.06327204908509
0.06334243885535
0.06341273687137
0.06348294290430
0.06355305672536
0.06362307810580
0.06369300681695
0.06376284263015
0.06383258531684
0.06390223464846
0.06397179039654
0.06404125233267
0.06411062022845
0.06417989385558
0.06424907298579
0.06431815739087
0.06438714684268
0.06445604111312
0.06452483997416
0.06459354319781
0.06466215055615
0.06473066182133
0.06479907676554
0.06486739516104
0.06493561678015
0.06500374139526
0.06507176877880
0.06513969870329
0.06520753094128
0.06527526526542
0.06534290144839
0.06541043926297
0.06547787848197
0.06554521887829
0.06561246022489
0.06567960229479
0.06574664486109
0.06581358769695
0.06588043057560
0.06594717327034
0.06601381555453
0.06608035720163
0.06614679798513
0.06621313767863
0.06627937605577
0.06634551289029
0.06641154795597
0.06647748102671
0.06654331187645
0.06660904027920
0.06667466600908
0.06674018884025
0.06680560854697
0.06687092490356
0.06693613768444
0.06700124666409
0.06706625161707
0.06713115231803
0.06719594854168
0.06726064006285
0.06732522665640
0.06738970809732
0.06745408416064
0.06751835462151
0.06758251925514
0.06764657783682
0.06771053014195
0.06777437594599
0.06783811502451
0.06790174715314
0.06796527210761
0.06802868966374
0.06809199959744
0.06815520168470
0.06821829570159
0.06828128142431
0.06834415862910
0.06840692709233
0.06846958659043
0.06853213689995
0.06859457779752
0.06865690905985
0.06871913046378
0.06878124178620
0.06884324280413
0.06890513329467
0.06896691303502
0.06902858180247
0.06909013937441
0.06915158552834
0.06921292004185
0.06927414269262
0.06933525325844
0.06939625151719
0.06945713724687
0.06951791022557
0.06957857023147
0.06963911704287
0.06969955043816
0.06975987019586
0.06982007609456
0.06988016791296
0.06994014542990
0.07000000842427
0.07005975667513
0.07011938996159
0.07017890806290
0.07023831075840
0.07029759782757
0.07035676904996
0.07041582420525
0.07047476307324
0.07053358543382
0.07059229106700
0.07065087975291
0.07070935127178
0.07076770540397
0.07082594192993
0.07088406063024
0.07094206128561
0.07099994367683
0.07105770758484
0.07111535279067
0.07117287907548
0.07123028622056
0.07128757400730
0.07134474221721
0.07140179063193
0.07145871903322
0.07151552720295
0.07157221492313
0.07162878197586
0.07168522814340
0.07174155320811
0.07179775695247
0.07185383915912
0.07190979961077
0.07196563809031
0.07202135438071
0.07207694826511
0.07213241952673
0.07218776794896
0.07224299331530
0.07229809540938
0.07235307401495
0.07240792891591
0.07246265989628
0.07251726674021
0.07257174923199
0.07262610715602
0.07268034029687
0.07273444843922
0.07278843136788
0.07284228886781
0.07289602072409
0.07294962672195
0.07300310664675
0.07305646028398
0.07310968741929
0.07316278783845
0.07321576132737
0.07326860767209
0.07332132665883
0.07337391807390
0.07342638170378
0.07347871733509
0.07353092475459
0.07358300374917
0.07363495410589
0.07368677561193
0.07373846805462
0.07379003122145
0.07384146490004
0.07389276887817
0.07394394294374
0.07399498688483
0.07404590048965
0.07409668354656
0.07414733584408
0.07419785717087
0.07424824731573
0.07429850606765
0.07434863321573
0.07439862854923
0.07444849185759
0.07449822293037
0.07454782155730
0.07459728752827
0.07464662063332
0.07469582066263
0.07474488740656
0.07479382065561
0.07484262020046
0.07489128583192
0.07493981734097
0.07498821451875
0.07503647715657
0.07508460504589
0.07513259797832
0.07518045574566
0.07522817813984
0.07527576495298
0.07532321597734
0.07537053100537
0.07541770982966
0.07546475224297
0.07551165803825
0.07555842700857
0.07560505894722
0.07565155364762
0.07569791090336
0.07574413050822
0.07579021225613
0.07583615594121
0.07588196135772
0.07592762830011
0.07597315656301
0.07601854594120
0.07606379622964
0.07610890722349
0.07615387871803
0.07619871050877
0.07624340239136
0.07628795416163
0.07633236561560
0.07637663654946
0.07642076675956
0.07646475604246
0.07650860419488
0.07655231101371
0.07659587629604
0.07663929983913
0.07668258144042
0.07672572089752
0.07676871800826
0.07681157257060
0.07685428438273
0.07689685324300
0.07693927894993
0.07698156130227
0.07702370009891
0.07706569513895
0.07710754622166
0.07714925314653
0.07719081571319
0.07723223372151
0.07727350697149
0.07731463526338
0.07735561839758
0.07739645617470
0.07743714839552
0.07747769486104
0.07751809537243
0.07755834973105
0.07759845773849
0.07763841919649
0.07767823390700
0.07771790167218
0.07775742229437
0.07779679557610
0.07783602132013
0.07787509932937
0.07791402940696
0.07795281135624
0.07799144498074
0.07802993008418
0.07806826647050
0.07810645394383
0.07814449230850
0.07818238136905
0.07822012093021
0.07825771079694
0.07829515077437
0.07833244066785
0.07836958028294
0.07840656942540
0.07844340790120
0.07848009551651
0.07851663207771
0.07855301739140
0.07858925126436
0.07862533350360
0.07866126391635
0.07869704231002
0.07873266849226
0.07876814227091
0.07880346345403
0.07883863184990
0.07887364726701
0.07890850951404
0.07894321839992
0.07897777373378
0.07901217532496
0.07904642298301
0.07908051651772
0.07911445573908
0.07914824045731
0.07918187048282
0.07921534562627
0.07924866569854
0.07928183051069
0.07931483987406
0.07934769360015
0.07938039150074
0.07941293338778
0.07944531907347
0.07947754837025
0.07950962109074
0.07954153704782
0.07957329605458
0.07960489792434
0.07963634247065
0.07966762950728
0.07969875884823
0.07972973030772
0.07976054370021
0.07979119884040
0.07982169554319
0.07985203362372
0.07988221289738
0.07991223317978
0.07994209428675
0.07997179603436
0.08000133823892
0.08003072071698
0.08005994328529
0.08008900576088
0.08011790796098
0.08014664970308
0.08017523080488
0.08020365108435
0.08023191035968
0.08026000844928
0.08028794517184
0.08031572034626
0.08034333379168
0.08037078532749
0.08039807477332
0.08042520194905
0.08045216667478
0.08047896877087
0.08050560805792
0.08053208435677
0.08055839748851
0.08058454727447
0.08061053353622
0.08063635609560
0.08066201477467
0.08068750939575
0.08071283978141
0.08073800575445
0.08076300713795
0.08078784375521
0.08081251542980
0.08083702198553
0.08086136324647
0.08088553903693
0.08090954918148
0.08093339350494
0.08095707183239
0.08098058398916
0.08100392980083
0.08102710909324
0.08105012169248
0.08107296742491
0.08109564611713
0.08111815759601
0.08114050168868
0.08116267822250
0.08118468702514
0.08120652792447
0.08122820074867
0.08124970532616
0.08127104148562
0.08129220905600
0.08131320786649
0.08133403774658
0.08135469852600
0.08137519003473
0.08139551210306
0.08141566456149
0.08143564724083
0.08145545997214
0.08147510258675
0.08149457491624
0.08151387679248
0.08153300804760
0.08155196851400
0.08157075802435
0.08158937641159
0.08160782350893
0.08162609914985
0.08164420316810
0.08166213539772
0.08167989567300
0.08169748382851
0.08171489969910
0.08173214311990
0.08174921392629
0.08176611195395
0.08178283703883
0.08179938901716
0.08181576772543
0.08183197300044
0.08184800467923
0.08186386259915
0.08187954659781
0.08189505651312
0.08191039218325
0.08192555344666
0.08194054014209
0.08195535210858
0.08196998918541
0.08198445121220
0.08199873802881
0.08201284947539
0.08202678539241
0.08204054562057
0.08205413000091
0.08206753837472
0.08208077058360
0.08209382646942
0.08210670587434
0.08211940864083
0.08213193461163
0.08214428362976
0.08215645553857
0.08216845018166
0.08218026740294
0.08219190704662
0.08220336895717
0.08221465297940
0.08222575895838
0.08223668673948
0.08224743616838
0.08225800709103
0.08226839935370
0.08227861280295
0.08228864728562
0.08229850264887
0.08230817874016
0.08231767540722
0.08232699249810
0.08233612986116
0.08234508734503
0.08235386479867
0.08236246207133
0.08237087901256
0.08237911547221
0.08238717130043
0.08239504634770
0.08240274046476
0.08241025350270
0.08241758531288
0.08242473574698
0.08243170465700
0.08243849189521
0.08244509731423
0.08245152076695
0.08245776210659
0.08246382118669
0.08246969786106
0.08247539198386
0.08248090340954
0.08248623199286
0.08249137758889
0.08249634005304
0.08250111924099
0.08250571500876
0.08251012721268
0.08251435570939
0.08251840035585
0.08252226100932
0.08252593752740
0.08252942976798
0.08253273758929
0.08253586084986
0.08253879940855
0.08254155312453
0.08254412185730
0.08254650546666
0.08254870381274
0.08255071675600
0.08255254415722
0.08255418587747
0.08255564177818
0.08255691172110
0.08255799556827
0.08255889318208
0.08255960442525
0.08256012916081
0.08256046725211
0.08256061856284
0.08256058295700
0.08256036029895
0.08255995045334
0.08255935328516
0.08255856865973
0.08255759644271
0.08255643650006
0.08255508869810
0.08255355290347
0.08255182898313
0.08254991680439
0.08254781623487
0.08254552714254
0.08254304939571
0.08254038286298
0.08253752741334
0.08253448291609
0.08253124924084
0.08252782625758
0.08252421383661
0.08252041184856
0.08251642016442
0.08251223865551
0.08250786719347
0.08250330565030
0.08249855389833
0.08249361181023
0.08248847925900
0.08248315611801
0.08247764226094
0.08247193756182
0.08246604189504
0.08245995513530
0.08245367715767
0.08244720783756
0.08244054705070
0.08243369467320
0.08242665058150
0.08241941465236
0.08241198676293
0.08240436679068
0.08239655461344
0.08238855010936
0.08238035315698
0.08237196363516
0.08236338142311
0.08235460640040
0.08234563844694
0.08233647744301
0.08232712326921
0.08231757580652
0.08230783493625
0.08229790054009
0.08228777250004
0.08227745069851
0.08226693501821
0.08225622534223
0.08224532155402
0.08223422353738
0.08222293117646
0.08221144435577
0.08219976296017
0.08218788687490
0.08217581598554
0.08216355017802
0.08215108933865
0.08213843335408
0.08212558211134
0.08211253549780
0.08209929340121
0.08208585570966
0.08207222231163
0.08205839309593
0.08204436795175
0.08203014676865
0.08201572943655
0.08200111584571
0.08198630588679
0.08197129945080
0.08195609642910
0.08194069671345
0.08192510019595
0.08190930676908
0.08189331632567
0.08187712875894
0.08186074396248
0.08184416183021
0.08182738225648
0.08181040513595
0.08179323036370
0.08177585783515
0.08175828744610
0.08174051909272
0.08172255267156
0.08170438807954
0.08168602521394
0.08166746397244
0.08164870425307
0.08162974595424
0.08161058897475
0.08159123321375
0.08157167857079
0.08155192494579
0.08153197223904
0.08151182035121
0.08149146918336
0.08147091863690
0.08145016861366
0.08142921901580
0.08140806974591
0.08138672070693
0.08136517180218
0.08134342293537
0.08132147401060
0.08129932493234
0.08127697560544
0.08125442593514
0.08123167582707
0.08120872518723
0.08118557392200
0.08116222193817
0.08113866914290
0.08111491544374
0.08109096074861
0.08106680496583
0.08104244800412
0.08101788977257
0.08099313018066
0.08096816913826
0.08094300655563
0.08091764234343
0.08089207641269
0.08086630867485
0.08084033904172
0.08081416742552
0.08078779373884
0.08076121789470
0.08073443980648
0.08070745938795
0.08068027655330
0.08065289121710
0.08062530329430
0.08059751270027
0.08056951935077
0.08054132316194
0.08051292405033
0.08048432193288
0.08045551672693
0.08042650835023
0.08039729672090
0.08036788175748
0.08033826337891
0.08030844150451
0.08027841605402
0.08024818694758
0.08021775410570
0.08018711744933
0.08015627689981
0.08012523237887
0.08009398380865
0.08006253111169
0.08003087421094
0.07999901302975
0.07996694749187
0.07993467752147
0.07990220304309
0.07986952398172
0.07983664026273
0.07980355181189
0.07977025855540
0.07973676041985
0.07970305733224
0.07966914921998
0.07963503601090
0.07960071763321
0.07956619401555
0.07953146508698
0.07949653077694
0.07946139101531
0.07942604573235
0.07939049485877
0.07935473832566
0.07931877606453
0.07928260800732
0.07924623408635
0.07920965423439
0.07917286838460
0.07913587647055
0.07909867842625
0.07906127418610
0.07902366368493
0.07898584685799
0.07894782364093
0.07890959396982
0.07887115778116
0.07883251501186
0.07879366559924
0.07875460948106
0.07871534659548
0.07867587688108
0.07863620027686
0.07859631672226
0.07855622615711
0.07851592852169
0.07847542375667
0.07843471180318
0.07839379260273
0.07835266609728
0.07831133222921
0.07826979094132
0.07822804217683
0.07818608587938
0.07814392199306
0.07810155046236
0.07805897123219
0.07801618424792
0.07797318945530
0.07792998680055
0.07788657623028
0.07784295769157
0.07779913113187
0.07775509649912
0.07771085374164
0.07766640280821
0.07762174364802
0.07757687621070
0.07753180044630
0.07748651630532
0.07744102373867
0.07739532269770
0.07734941313419
0.07730329500036
0.07725696824885
0.07721043283274
0.07716368870554
0.07711673582119
0.07706957413408
0.07702220359902
0.07697462417125
0.07692683580646
0.07687883846077
0.07683063209073
0.07678221665333
0.07673359210600
0.07668475840660
0.07663571551343
0.07658646338524
0.07653700198120
0.07648733126093
0.07643745118448
0.07638736171234
0.07633706280544
0.07628655442517
0.07623583653334
0.07618490909219
0.07613377206443
0.07608242541318
0.07603086910204
0.07597910309502
0.07592712735658
0.07587494185163
0.07582254654552
0.07576994140404
0.07571712639344
0.07566410148038
0.07561086663200
0.07555742181587
0.07550376700001
0.07544990215288
0.07539582724338
0.07534154224088
0.07528704711517
0.07523234183650
0.07517742637558
0.07512230070354
0.07506696479198
0.07501141861294
0.07495566213892
0.07489969534285
0.07484351819812
0.07478713067858
0.07473053275850
0.07467372441265
0.07461670561620
0.07455947634480
0.07450203657455
0.07444438628199
0.07438652544413
0.07432845403841
0.07427017204275
0.07421167943551
0.07415297619549
0.07409406230197
0.07403493773467
0.07397560247376
0.07391605649988
0.07385629979412
0.07379633233802
0.07373615411359
0.07367576510327
0.07361516528998
0.07355435465710
0.07349333318845
0.07343210086831
0.07337065768145
0.07330900361304
0.07324713864877
0.07318506277475
0.07312277597756
0.07306027824425
0.07299756956231
0.07293464991970
0.07287151930486
0.07280817770666
0.07274462511444
0.07268086151802
0.07261688690767
0.07255270127411
0.07248830460855
0.07242369690263
0.07235887814849
0.07229384833870
0.07222860746631
0.07216315552485
0.07209749250828
0.07203161841105
0.07196553322806
0.07189923695470
0.07183272958681
0.07176601112068
0.07169908155309
0.07163194088129
0.07156458910297
0.07149702621632
0.07142925221998
0.07136126711305
0.07129307089512
0.07122466356623
0.07115604512691
0.07108721557813
0.07101817492135
0.07094892315850
0.07087946029197
0.07080978632464
0.07073990125983
0.07066980510136
0.07059949785351
0.07052897952103
0.07045825010913
0.07038730962353
0.07031615807038
0.07024479545634
0.07017322178850
0.07010143707447
0.07002944132230
0.06995723454053
0.06988481673817
0.06981218792470
0.06973934811009
0.06966629730478
0.06959303551966
0.06951956276613
0.06944587905606
0.06937198440177
0.06929787881609
0.06922356231231
0.06914903490420
0.06907429660600
0.06899934743244
0.06892418739873
0.06884881652055
0.06877323481404
0.06869744229587
0.06862143898314
0.06854522489344
0.06846880004487
0.06839216445596
0.06831531814577
0.06823826113381
0.06816099344008
0.06808351508505
0.06800582608970
0.06792792647545
0.06784981626424
0.06777149547847
0.06769296414103
0.06761422227529
0.06753526990511
0.06745610705483
0.06737673374925
0.06729715001370
0.06721735587395
0.06713735135628
0.06705713648745
0.06697671129470
0.06689607580575
0.06681523004882
0.06673417405261
0.06665290784629
0.06657143145953
0.06648974492250
0.06640784826583
0.06632574152065
0.06624342471857
0.06616089789171
0.06607816107264
0.06599521429445
0.06591205759070
0.06582869099544
0.06574511454322
0.06566132826907
0.06557733220851
0.06549312639754
0.06540871087266
0.06532408567087
0.06523925082963
0.06515420638692
0.06506895238120
0.06498348885140
0.06489781583698
0.06481193337786
0.06472584151447
0.06463954028771
0.06455302973899
0.06446630991021
0.06437938084375
0.06429224258251
0.06420489516984
0.06411733864962
0.06402957306621
0.06394159846445
0.06385341488971
0.06376502238780
0.06367642100508
0.06358761078837
0.06349859178499
0.06340936404275
0.06331992760997
0.06323028253546
0.06314042886852
0.06305036665895
0.06296009595703
0.06286961681357
0.06277892927983
0.06268803340761
0.06259692924919
0.06250561685733
0.06241409628532
0.06232236758691
0.06223043081637
0.06213828602847
0.06204593327848
0.06195337262214
0.06186060411571
0.06176762781596
0.06167444378013
0.06158105206599
0.06148745273177
0.06139364583623
0.06129963143863
0.06120540959871
0.06111098037672
0.06101634383341
0.06092150003003
0.06082644902833
0.06073119089056
0.06063572567948
0.06054005345832
0.06044417429085
0.06034808824133
0.06025179537449
0.06015529575561
0.06005858945045
0.05996167652525
0.05986455704679
0.05976723108233
0.05966969869963
0.05957195996698
0.05947401495313
0.05937586372738
0.05927750635949
0.05917894291975
0.05908017347894
0.05898119810837
0.05888201687981
0.05878262986557
0.05868303713845
0.05858323877176
0.05848323483930
0.05838302541540
0.05828261057487
0.05818199039304
0.05808116494574
0.05798013430931
0.05787889856059
0.05777745777693
0.05767581203618
0.05757396141670
0.05747190599735
0.05736964585751
0.05726718107706
0.05716451173638
0.05706163791636
0.05695855969840
0.05685527716441
0.05675179039681
0.05664809947850
0.05654420449293
0.05644010552402
0.05633580265622
0.05623129597448
0.05612658556426
0.05602167151154
0.05591655390277
0.05581123282496
0.05570570836560
0.05559998061268
0.05549404965472
0.05538791558074
0.05528157848026
0.05517503844334
0.05506829556051
0.05496134992284
0.05485420162190
0.05474685074975
0.05463929739900
0.05453154166273
0.05442358363456
0.05431542340861
0.05420706107951
0.05409849674239
0.05398973049291
0.05388076242723
0.05377159264202
0.05366222123447
0.05355264830227
0.05344287394364
0.05333289825728
0.05322272134243
0.05311234329883
0.05300176422673
0.05289098422691
0.05278000340063
0.05266882184969
0.05255743967639
0.05244585698355
0.05233407387449
0.05222209045305
0.05210990682359
0.05199752309098
0.05188493936058
0.05177215573829
0.05165917233052
0.05154598924419
0.05143260658672
0.05131902446607
0.05120524299068
0.05109126226954
0.05097708241213
0.05086270352845
0.05074812572901
0.05063334912484
0.05051837382749
0.05040319994900
0.05028782760196
0.05017225689944
0.05005648795505
0.04994052088289
0.04982435579761
0.04970799281434
0.04959143204874
0.04947467361698
0.04935771763575
0.04924056422227
0.04912321349423
0.04900566556989
0.04888792056798
0.04876997860778
0.04865183980907
0.04853350429213
0.04841497217778
0.04829624358735
0.04817731864269
0.04805819746614
0.04793888018059
0.04781936690942
0.04769965777655
0.04757975290639
0.04745965242388
0.04733935645449
0.04721886512418
0.04709817855943
0.04697729688726
0.04685622023519
0.04673494873125
0.04661348250399
0.04649182168250
0.04636996639634
0.04624791677564
0.04612567295101
0.04600323505359
0.04588060321503
0.04575777756751
0.04563475824371
0.04551154537684
0.04538813910063
0.04526453954931
0.04514074685765
0.04501676116091
0.04489258259489
0.04476821129590
0.04464364740077
0.04451889104684
0.04439394237197
0.04426880151455
0.04414346861346
0.04401794380813
0.04389222723849
0.04376631904498
0.04364021936858
0.04351392835076
0.04338744613354
0.04326077285943
0.04313390867147
0.04300685371322
0.04287960812875
0.04275217206266
0.04262454566006
0.04249672906656
0.04236872242833
0.04224052589202
0.04211213960481
0.04198356371441
0.04185479836903
0.04172584371742
0.04159669990881
0.04146736709299
0.04133784542025
0.04120813504139
0.04107823610775
0.04094814877116
0.04081787318399
0.04068740949911
0.04055675786994
0.04042591845038
0.04029489139488
0.04016367685837
0.04003227499635
0.03990068596479
0.03976890992021
0.03963694701962
0.03950479742058
0.03937246128115
0.03923993875991
0.03910723001595
0.03897433520890
0.03884125449889
0.03870798804656
0.03857453601311
0.03844089856020
0.03830707585006
0.03817306804540
0.03803887530947
0.03790449780603
0.03776993569936
0.03763518915427
0.03750025833605
0.03736514341056
0.03722984454413
0.03709436190365
0.03695869565649
0.03682284597056
0.03668681301429
0.03655059695662
0.03641419796700
0.03627761621542
0.03614085187236
0.03600390510884
0.03586677609639
0.03572946500706
0.03559197201341
0.03545429728852
0.03531644100600
0.03517840333996
0.03504018446504
0.03490178455639
0.03476320378968
0.03462444234109
0.03448550038735
0.03434637810565
0.03420707567375
0.03406759326991
0.03392793107288
0.03378808926197
0.03364806801699
0.03350786751825
0.03336748794660
0.03322692948340
0.03308619231052
0.03294527661036
0.03280418256582
0.03266291036033
0.03252146017783
0.03237983220279
0.03223802662017
0.03209604361546
0.03195388337468
0.03181154608435
0.03166903193151
0.03152634110371
0.03138347378904
0.03124043017607
0.03109721045391
0.03095381481219
0.03081024344103
0.03066649653110
0.03052257427355
0.03037847686008
0.03023420448288
0.03008975733466
0.02994513560866
0.02980033949862
0.02965536919880
0.02951022490398
0.02936490680944
0.02921941511099
0.02907375000496
0.02892791168817
0.02878190035798
0.02863571621224
0.02848935944935
0.02834283026819
0.02819612886817
0.02804925544922
0.02790221021176
0.02775499335675
0.02760760508565
0.02746004560044
0.02731231510362
0.02716441379818
0.02701634188765
0.02686809957605
0.02671968706794
0.02657110456837
0.02642235228292
0.02627343041767
0.02612433917921
0.02597507877467
0.02582564941166
0.02567605129832
0.02552628464329
0.02537634965575
0.02522624654536
0.02507597552230
0.02492553679729
0.02477493058151
0.02462415708671
0.02447321652511
0.02432210910945
0.02417083505299
0.02401939456950
0.02386778787325
0.02371601517905
0.02356407670218
0.02341197265846
0.02325970326421
0.02310726873626
0.02295466929196
0.02280190514916
0.02264897652622
0.02249588364202
0.02234262671595
0.02218920596788
0.02203562161823
0.02188187388792
0.02172796299835
0.02157388917146
0.02141965262970
0.02126525359601
0.02111069229384
0.02095596894718
0.02080108378048
0.02064603701873
0.02049082888743
0.02033545961257
0.02017992942066
0.02002423853872
0.01986838719426
0.01971237561532
0.01955620403044
0.01939987266866
0.01924338175953
0.01908673153310
0.01892992221995
0.01877295405114
0.01861582725826
0.01845854207338
0.01830109872910
0.01814349745850
0.01798573849520
0.01782782207330
0.01766974842740
0.01751151779264
0.01735313040462
0.01719458649947
0.01703588631384
0.01687703008484
0.01671801805013
0.01655885044785
0.01639952751663
0.01624004949565
0.01608041662455
0.01592062914348
0.01576068729312
0.01560059131463
0.01544034144967
0.01527993794042
0.01511938102954
0.01495867096022
0.01479780797613
0.01463679232144
0.01447562424085
0.01431430397953
0.01415283178316
0.01399120789793
0.01382943257053
0.01366750604814
0.01350542857845
0.01334320040964
0.01318082179041
0.01301829296993
0.01285561419790
0.01269278572450
0.01252980780042
0.01236668067683
0.01220340460544
0.01203997983841
0.01187640662843
0.01171268522868
0.01154881589283
0.01138479887505
0.01122063443003
0.01105632281293
0.01089186427941
0.01072725908564
0.01056250748829
0.01039760974450
0.01023256611193
0.01006737684873
0.00990204221355
0.00973656246553
0.00957093786429
0.00940516866998
0.00923925514322
0.00907319754513
0.00890699613733
0.00874065118192
0.00857416294152
0.00840753167921
0.00824075765859
0.00807384114374
0.00790678239924
0.00773958169016
0.00757223928207
0.00740475544101
0.00723713043354
0.00706936452669
0.00690145798800
0.00673341108548
0.00656522408766
0.00639689726353
0.00622843088259
0.00605982521483
0.00589108053072
0.00572219710122
0.00555317519779
0.00538401509238
0.00521471705741
0.00504528136581
0.00487570829100
0.00470599810686
0.00453615108779
0.00436616750866
0.00419604764483
0.00402579177216
0.00385540016697
0.00368487310610
0.00351421086686
0.00334341372704
0.00317248196491
0.00300141585926
0.00283021568933
0.00265888173487
0.00248741427609
0.00231581359370
0.00214407996890
0.00197221368336
0.00180021501924
0.00162808425919
0.00145582168633
0.00128342758427
0.00111090223710
0.00093824592940
0.00076545894623
0.00059254157312
0.00041949409610
0.00024631680166
0.00007300997678
-0.00010042609106
-0.00027399111393
-0.00044768480341
-0.00062150687059
-0.00079545702609
-0.00096953498005
-0.00114374044212
-0.00131807312150
-0.00149253272688
-0.00166711896648
-0.00184183154806
-0.00201667017889
-0.00219163456576
-0.00236672441498
-0.00254193943239
-0.00271727932336
-0.00289274379278
-0.00306833254506
-0.00324404528413
-0.00341988171346
-0.00359584153604
-0.00377192445438
-0.00394813017051
-0.00412445838602
-0.00430090880198
-0.00447748111902
-0.00465417503728
-0.00483099025644
-0.00500792647571
-0.00518498339381
-0.00536216070901
-0.00553945811908
-0.00571687532136
-0.00589441201268
-0.00607206788943
-0.00624984264752
-0.00642773598237
-0.00660574758897
-0.00678387716181
-0.00696212439492
-0.00714048898187
-0.00731897061575
-0.00749756898920
-0.00767628379438
-0.00785511472297
-0.00803406146622
-0.00821312371488
-0.00839230115926
-0.00857159348917
-0.00875100039400
-0.00893052156264
-0.00911015668353
-0.00928990544464
-0.00946976753349
-0.00964974263713
-0.00982983044213
-0.01001003063463
-0.01019034290027
-0.01037076692426
-0.01055130239134
-0.01073194898578
-0.01091270639139
-0.01109357429153
-0.01127455236910
-0.01145564030653
-0.01163683778579
-0.01181814448840
-0.01199956009543
-0.01218108428746
-0.01236271674465
-0.01254445714667
-0.01272630517275
-0.01290826050168
-0.01309032281175
-0.01327249178083
-0.01345476708632
-0.01363714840517
-0.01381963541387
-0.01400222778847
-0.01418492520454
-0.01436772733722
-0.01455063386118
-0.01473364445065
-0.01491675877940
-0.01509997652076
-0.01528329734758
-0.01546672093229
-0.01565024694685
-0.01583387506278
-0.01601760495115
-0.01620143628256
-0.01638536872719
-0.01656940195475
-0.01675353563450
-0.01693776943528
-0.01712210302545
-0.01730653607294
-0.01749106824522
-0.01767569920933
-0.01786042863185
-0.01804525617892
-0.01823018151623
-0.01841520430904
-0.01860032422214
-0.01878554091990
-0.01897085406624
-0.01915626332462
-0.01934176835807
-0.01952736882919
-0.01971306440011
-0.01989885473255
-0.02008473948776
-0.02027071832656
-0.02045679090934
-0.02064295689604
-0.02082921594615
-0.02101556771875
-0.02120201187244
-0.02138854806542
-0.02157517595543
-0.02176189519979
-0.02194870545536
-0.02213560637859
-0.02232259762546
-0.02250967885154
-0.02269684971197
-0.02288410986143
-0.02307145895418
-0.02325889664405
-0.02344642258443
-0.02363403642827
-0.02382173782811
-0.02400952643602
-0.02419740190368
-0.02438536388232
-0.02457341202273
-0.02476154597527
-0.02494976538990
-0.02513806991610
-0.02532645920298
-0.02551493289916
-0.02570349065288
-0.02589213211193
-0.02608085692367
-0.02626966473505
-0.02645855519258
-0.02664752794234
-0.02683658262999
-0.02702571890078
-0.02721493639951
-0.02740423477056
-0.02759361365792
-0.02778307270510
-0.02797261155523
-0.02816222985101
-0.02835192723470
-0.02854170334817
-0.02873155783283
-0.02892149032970
-0.02911150047936
-0.02930158792200
-0.02949175229735
-0.02968199324476
-0.02987231040313
-0.03006270341096
-0.03025317190634
-0.03044371552692
-0.03063433390994
-0.03082502669225
-0.03101579351025
-0.03120663399995
-0.03139754779693
-0.03158853453636
-0.03177959385300
-0.03197072538120
-0.03216192875489
-0.03235320360759
-0.03254454957241
-0.03273596628205
-0.03292745336880
-0.03311901046454
-0.03331063720073
-0.03350233320843
-0.03369409811831
-0.03388593156059
-0.03407783316512
-0.03426980256132
-0.03446183937822
-0.03465394324443
-0.03484611378816
-0.03503835063723
-0.03523065341903
-0.03542302176055
-0.03561545528839
-0.03580795362875
-0.03600051640741
-0.03619314324975
-0.03638583378077
-0.03657858762504
-0.03677140440675
-0.03696428374968
-0.03715722527721
-0.03735022861234
-0.03754329337764
-0.03773641919531
-0.03792960568714
-0.03812285247451
-0.03831615917844
-0.03850952541952
-0.03870295081796
-0.03889643499357
-0.03908997756577
-0.03928357815358
-0.03947723637564
-0.03967095185018
-0.03986472419505
-0.04005855302770
-0.04025243796520
-0.04044637862423
-0.04064037462105
-0.04083442557158
-0.04102853109131
-0.04122269079535
-0.04141690429845
-0.04161117121493
-0.04180549115875
-0.04199986374348
-0.04219428858231
-0.04238876528802
-0.04258329347303
-0.04277787274938
-0.04297250272870
-0.04316718302225
-0.04336191324093
-0.04355669299521
-0.04375152189523
-0.04394639955070
-0.04414132557100
-0.04433629956509
-0.04453132114157
-0.04472638990866
-0.04492150547420
-0.04511666744565
-0.04531187543009
-0.04550712903423
-0.04570242786441
-0.04589777152658
-0.04609315962633
-0.04628859176887
-0.04648406755902
-0.04667958660126
-0.04687514849966
-0.04707075285796
-0.04726639927950
-0.04746208736724
-0.04765781672380
-0.04785358695142
-0.04804939765196
-0.04824524842692
-0.04844113887742
-0.04863706860424
-0.04883303720777
-0.04902904428804
-0.04922508944471
-0.04942117227709
-0.04961729238411
-0.04981344936434
-0.05000964281599
-0.05020587233691
-0.05040213752457
-0.05059843797611
-0.05079477328828
-0.05099114305748
-0.05118754687976
-0.05138398435079
-0.05158045506590
-0.05177695862006
-0.05197349460787
-0.05217006262359
-0.05236666226110
-0.05256329311395
-0.05275995477532
-0.05295664683805
-0.05315336889460
-0.05335012053711
-0.05354690135734
-0.05374371094670
-0.05394054889627
-0.05413741479677
-0.05433430823855
-0.05453122881164
-0.05472817610570
-0.05492514971005
-0.05512214921366
-0.05531917420515
-0.05551622427281
-0.05571329900456
-0.05591039798799
-0.05610752081034
-0.05630466705851
-0.05650183631904
-0.05669902817816
-0.05689624222173
-0.05709347803528
-0.05729073520398
-0.05748801331270
-0.05768531194593
-0.05788263068783
-0.05807996912224
-0.05827732683265
-0.05847470340221
-0.05867209841373
-0.05886951144970
-0.05906694209225
-0.05926438992320
-0.05946185452403
-0.05965933547587
-0.05985683235953
-0.06005434475549
-0.06025187224390
-0.06044941440457
-0.06064697081697
-0.06084454106028
-0.06104212471330
-0.06123972135454
-0.06143733056216
-0.06163495191401
-0.06183258498760
-0.06203022936012
-0.06222788460843
-0.06242555030907
-0.06262322603826
-0.06282091137188
-0.06301860588551
-0.06321630915439
-0.06341402075345
-0.06361174025729
-0.06380946724020
-0.06400720127614
-0.06420494193875
-0.06440268880137
-0.06460044143701
-0.06479819941836
-0.06499596231779
-0.06519372970737
-0.06539150115885
-0.06558927624366
-0.06578705453292
-0.06598483559743
-0.06618261900770
-0.06638040433389
-0.06657819114589
-0.06677597901325
-0.06697376750524
-0.06717155619078
-0.06736934463852
-0.06756713241678
-0.06776491909359
-0.06796270423665
-0.06816048741338
-0.06835826819088
-0.06855604613595
-0.06875382081509
-0.06895159179448
-0.06914935864003
-0.06934712091731
-0.06954487819162
-0.06974263002795
-0.06994037599099
-0.07013811564512
-0.07033584855443
-0.07053357428273
-0.07073129239351
-0.07092900244997
-0.07112670401502
-0.07132439665127
-0.07152207992104
-0.07171975338635
-0.07191741660893
-0.07211506915023
-0.07231271057139
-0.07251034043327
-0.07270795829644
-0.07290556372117
-0.07310315626746
-0.07330073549502
-0.07349830096324
-0.07369585223128
-0.07389338885796
-0.07409091040184
-0.07428841642121
-0.07448590647405
-0.07468338011807
-0.07488083691069
-0.07507827640906
-0.07527569817003
-0.07547310175021
-0.07567048670588
-0.07586785259307
-0.07606519896753
-0.07626252538473
-0.07645983139986
-0.07665711656784
-0.07685438044331
-0.07705162258064
-0.07724884253392
-0.07744603985697
-0.07764321410335
-0.07784036482632
-0.07803749157890
-0.07823459391382
-0.07843167138355
-0.07862872354028
-0.07882574993595
-0.07902275012221
-0.07921972365047
-0.07941667007185
-0.07961358893722
-0.07981047979718
-0.08000734220207
-0.08020417570196
-0.08040097984666
-0.08059775418573
-0.08079449826844
-0.08099121164384
-0.08118789386070
-0.08138454446751
-0.08158116301255
-0.08177774904380
-0.08197430210901
-0.08217082175566
-0.08236730753098
-0.08256375898194
-0.08276017565528
-0.08295655709745
-0.08315290285468
-0.08334921247294
-0.08354548549793
-0.08374172147513
-0.08393791994975
-0.08413408046676
-0.08433020257089
-0.08452628580660
-0.08472232971813
-0.08491833384946
-0.08511429774433
-0.08531022094624
-0.08550610299843
-0.08570194344392
-0.08589774182547
-0.08609349768562
-0.08628921056665
-0.08648488001060
-0.08668050555930
-0.08687608675430
-0.08707162313695
-0.08726711424834
-0.08746255962934
-0.08765795882057
-0.08785331136244
-0.08804861679509
-0.08824387465847
-0.08843908449226
-0.08863424583594
-0.08882935822873
-0.08902442120965
-0.08921943431747
-0.08941439709075
-0.08960930906780
-0.08980416978672
-0.08999897878539
-0.09019373560144
-0.09038843977231
-0.09058309083518
-0.09077768832704
-0.09097223178464
-0.09116672074451
-0.09136115474297
-0.09155553331611
-0.09174985599980
-0.09194412232971
-0.09213833184126
-0.09233248406970
-0.09252657855001
-0.09272061481700
-0.09291459240525
-0.09310851084912
-0.09330236968277
-0.09349616844014
-0.09368990665495
-0.09388358386074
-0.09407719959080
-0.09427075337825
-0.09446424475598
-0.09465767325668
-0.09485103841283
-0.09504433975671
-0.09523757682039
-0.09543074913574
-0.09562385623442
-0.09581689764789
-0.09600987290743
-0.09620278154408
-0.09639562308872
-0.09658839707200
-0.09678110302439
-0.09697374047615
-0.09716630895735
-0.09735880799787
-0.09755123712738
-0.09774359587538
-0.09793588377115
-0.09812810034378
-0.09832024512219
-0.09851231763509
-0.09870431741101
-0.09889624397828
-0.09908809686505
-0.09927987559927
-0.09947157970872
-0.09966320872099
-0.09985476216347
-0.10004623956338
-0.10023764044776
-0.10042896434344
-0.10062021077710
-0.10081137927522
-0.10100246936410
-0.10119348056987
-0.10138441241848
-0.10157526443569
-0.10176603614710
-0.10195672707810
-0.10214733675396
-0.10233786469971
-0.10252831044026
-0.10271867350032
-0.10290895340443
-0.10309914967697
-0.10328926184212
-0.10347928942393
-0.10366923194626
-0.10385908893279
-0.10404885990705
-0.10423854439241
-0.10442814191204
-0.10461765198899
-0.10480707414610
-0.10499640790610
-0.10518565279150
-0.10537480832468
-0.10556387402786
-0.10575284942310
-0.10594173403228
-0.10613052737715
-0.10631922897928
-0.10650783836009
-0.10669635504086
-0.10688477854268
-0.10707310838653
-0.10726134409319
-0.10744948518332
-0.10763753117742
-0.10782548159583
-0.10801333595876
-0.10820109378625
-0.10838875459820
-0.10857631791437
-0.10876378325435
-0.10895115013760
-0.10913841808345
-0.10932558661105
-0.10951265523944
-0.10969962348750
-0.10988649087398
-0.11007325691746
-0.11025992113642
-0.11044648304917
-0.11063294217390
-0.11081929802865
-0.11100555013134
-0.11119169799973
-0.11137774115146
-0.11156367910405
-0.11174951137485
-0.11193523748111
-0.11212085693993
-0.11230636926829
-0.11249177398304
-0.11267707060089
-0.11286225863843
-0.11304733761213
-0.11323230703831
-0.11341716643319
-0.11360191531286
-0.11378655319326
-0.11397107959025
-0.11415549401953
-0.11433979599671
-0.11452398503724
-0.11470806065650
-0.11489202236970
-0.11507586969198
-0.11525960213833
-0.11544321922363
-0.11562672046265
-0.11581010537005
-0.11599337346038
-0.11617652424804
-0.11635955724737
-0.11654247197257
-0.11672526793773
-0.11690794465684
-0.11709050164377
-0.11727293841230
-0.11745525447608
-0.11763744934868
-0.11781952254355
-0.11800147357404
-0.11818330195339
-0.11836500719474
-0.11854658881113
-0.11872804631552
-0.11890937922073
-0.11909058703951
-0.11927166928450
-0.11945262546826
-0.11963345510322
-0.11981415770176
-0.11999473277612
-0.12017517983848
-0.12035549840091
-0.12053568797540
-0.12071574807383
-0.12089567820801
-0.12107547788965
-0.12125514663038
-0.12143468394173
-0.12161408933516
-0.12179336232203
-0.12197250241361
-0.12215150912111
-0.12233038195565
-0.12250912042824
-0.12268772404984
-0.12286619233132
-0.12304452478347
-0.12322272091700
-0.12340078024255
-0.12357870227067
-0.12375648651184
-0.12393413247647
-0.12411163967490
-0.12428900761737
-0.12446623581408
-0.12464332377514
-0.12482027101060
-0.12499707703042
-0.12517374134452
-0.12535026346274
-0.12552664289484
-0.12570287915052
-0.12587897173944
-0.12605492017116
-0.12623072395519
-0.12640638260099
-0.12658189561794
-0.12675726251537
-0.12693248280254
-0.12710755598867
-0.12728248158290
-0.12745725909433
-0.12763188803199
-0.12780636790486
-0.12798069822187
-0.12815487849190
-0.12832890822375
-0.12850278692622
-0.12867651410800
-0.12885008927777
-0.12902351194414
-0.12919678161570
-0.12936989780095
-0.12954286000839
-0.12971566774643
-0.12988832052347
-0.13006081784785
-0.13023315922787
-0.13040534417180
-0.13057737218784
-0.13074924278417
-0.13092095546895
-0.13109250975026
-0.13126390513617
-0.13143514113471
-0.13160621725387
-0.13177713300160
-0.13194788788584
-0.13211848141447
-0.13228891309535
-0.13245918243631
-0.13262928894514
-0.13279923212963
-0.13296901149750
-0.13313862655647
-0.13330807681423
-0.13347736177845
-0.13364648095675
-0.13381543385676
-0.13398421998607
-0.13415283885224
-0.13432128996282
-0.13448957282535
-0.13465768694733
-0.13482563183626
-0.13499340699960
-0.13516101194483
-0.13532844617938
-0.13549570921068
-0.13566280054615
-0.13582971969319
-0.13599646615919
-0.13616303945154
-0.13632943907760
-0.13649566454473
-0.13666171536029
-0.13682759103164
-0.13699329106610
-0.13715881497101
-0.13732416225371
-0.13748933242153
-0.13765432498179
-0.13781913944181
-0.13798377530892
-0.13814823209045
-0.13831250929372
-0.13847660642606
-0.13864052299479
-0.13880425850726
-0.13896781247081
-0.13913118439278
-0.13929437378052
-0.13945738014141
-0.13962020298279
-0.13978284181207
-0.13994529613662
-0.14010756546385
-0.14026964930118
-0.14043154715603
-0.14059325853584
-0.14075478294807
-0.14091611990019
-0.14107726889970
-0.14123822945411
-0.14139900107094
-0.14155958325774
-0.14171997552207
-0.14188017737154
-0.14204018831375
-0.14220000785635
-0.14235963550698
-0.14251907077335
-0.14267831316316
-0.14283736218415
-0.14299621734410
-0.14315487815081
-0.14331334411210
-0.14347161473583
-0.14362968952990
-0.14378756800224
-0.14394524966080
-0.14410273401357
-0.14426002056860
-0.14441710883394
-0.14457399831770
-0.14473068852803
-0.14488717897311
-0.14504346916116
-0.14519955860046
-0.14535544679930
-0.14551113326605
-0.14566661750909
-0.14582189903688
-0.14597697735789
-0.14613185198066
-0.14628652241378
-0.14644098816588
-0.14659524874564
-0.14674930366180
-0.14690315242313
-0.14705679453849
-0.14721022951676
-0.14736345686689
-0.14751647609788
-0.14766928671879
-0.14782188823874
-0.14797428016690
-0.14812646201252
-0.14827843328488
-0.14843019349335
-0.14858174214733
-0.14873307875633
-0.14888420282988
-0.14903511387759
-0.14918581140915
-0.14933629493430
-0.14948656396286
-0.14963661800470
-0.14978645656978
-0.14993607916813
-0.15008548530984
-0.15023467450508
-0.15038364626409
-0.15053240009719
-0.15068093551477
-0.15082925202730
-0.15097734914534
-0.15112522637949
-0.15127288324048
-0.15142031923908
-0.15156753388617
-0.15171452669269
-0.15186129716967
-0.15200784482824
-0.15215416917959
-0.15230026973502
-0.15244614600590
-0.15259179750369
-0.15273722373995
-0.15288242422631
-0.15302739847453
-0.15317214599641
-0.15331666630388
-0.15346095890895
-0.15360502332373
-0.15374885906043
-0.15389246563134
-0.15403584254886
-0.15417898932548
-0.15432190547381
-0.15446459050654
-0.15460704393647
-0.15474926527649
-0.15489125403962
-0.15503300973896
-0.15517453188772
-0.15531581999923
-0.15545687358691
-0.15559769216430
-0.15573827524505
-0.15587862234290
-0.15601873297173
-0.15615860664551
-0.15629824287833
-0.15643764118441
-0.15657680107805
-0.15671572207370
-0.15685440368591
-0.15699284542935
-0.15713104681881
-0.15726900736920
-0.15740672659556
-0.15754420401302
-0.15768143913687
-0.15781843148251
-0.15795518056546
-0.15809168590137
-0.15822794700600
-0.15836396339528
-0.15849973458522
-0.15863526009199
-0.15877053943187
-0.15890557212130
-0.15904035767682
-0.15917489561513
-0.15930918545304
-0.15944322670751
-0.15957701889564
-0.15971056153465
-0.15984385414192
-0.15997689623495
-0.16010968733140
-0.16024222694904
-0.16037451460582
-0.16050654981980
-0.16063833210920
-0.16076986099239
-0.16090113598787
-0.16103215661430
-0.16116292239048
-0.16129343283537
-0.16142368746806
-0.16155368580781
-0.16168342737401
-0.16181291168624
-0.16194213826419
-0.16207110662773
-0.16219981629689
-0.16232826679183
-0.16245645763289
-0.16258438834057
-0.16271205843551
-0.16283946743853
-0.16296661487061
-0.16309350025287
-0.16322012310661
-0.16334648295330
-0.16347257931457
-0.16359841171221
-0.16372397966819
-0.16384928270463
-0.16397432034382
-0.16409909210825
-0.16422359752055
-0.16434783610353
-0.16447180738018
-0.16459551087365
-0.16471894610727
-0.16484211260457
-0.16496500988922
-0.16508763748509
-0.16520999491621
-0.16533208170682
-0.16545389738132
-0.16557544146428
-0.16569671348049
-0.16581771295488
-0.16593843941259
-0.16605889237895
-0.16617907137947
-0.16629897593983
-0.16641860558592
-0.16653795984381
-0.16665703823978
-0.16677584030026
-0.16689436555191
-0.16701261352158
-0.16713058373628
-0.16724827572326
-0.16736568900994
-0.16748282312394
-0.16759967759308
-0.16771625194539
-0.16783254570909
-0.16794855841259
-0.16806428958451
-0.16817973875370
-0.16829490544917
-0.16840978920017
-0.16852438953612
-0.16863870598669
-0.16875273808173
-0.16886648535130
-0.16897994732568
-0.16909312353535
-0.16920601351101
-0.16931861678357
-0.16943093288416
-0.16954296134410
-0.16965470169496
-0.16976615346851
-0.16987731619673
-0.16998818941183
-0.17009877264623
-0.17020906543259
-0.17031906730376
-0.17042877779285
-0.17053819643316
-0.17064732275823
-0.17075615630182
-0.17086469659793
-0.17097294318077
-0.17108089558478
-0.17118855334464
-0.17129591599525
-0.17140298307175
-0.17150975410951
-0.17161622864412
-0.17172240621142
-0.17182828634748
-0.17193386858861
-0.17203915247134
-0.17214413753246
-0.17224882330898
-0.17235320933817
-0.17245729515753
-0.17256108030479
-0.17266456431794
-0.17276774673521
-0.17287062709506
-0.17297320493623
-0.17307547979767
-0.17317745121859
-0.17327911873847
-0.17338048189699
-0.17348154023414
-0.17358229329011
-0.17368274060538
-0.17378288172066
-0.17388271617693
-0.17398224351541
-0.17408146327759
-0.17418037500520
-0.17427897824025
-0.17437727252500
-0.17447525740196
-0.17457293241392
-0.17467029710392
-0.17476735101525
-0.17486409369150
-0.17496052467650
-0.17505664351433
-0.17515244974938
-0.17524794292628
-0.17534312258993
-0.17543798828550
-0.17553253955844
-0.17562677595447
-0.17572069701956
-0.17581430229999
-0.17590759134230
-0.17600056369329
-0.17609321890005
-0.17618555650995
-0.17627757607063
-0.17636927713003
-0.17646065923634
-0.17655172193805
-0.17664246478393
-0.17673288732304
-0.17682298910470
-0.17691276967854
-0.17700222859446
-0.17709136540267
-0.17718017965364
-0.17726867089815
-0.17735683868726
-0.17744468257232
-0.17753220210498
-0.17761939683717
-0.17770626632112
-0.17779281010938
-0.17787902775474
-0.17796491881034
-0.17805048282959
-0.17813571936621
-0.17822062797421
-0.17830520820791
-0.17838945962193
-0.17847338177118
-0.17855697421089
-0.17864023649659
-0.17872316818411
-0.17880576882959
-0.17888803798948
-0.17896997522053
-0.17905158007980
-0.17913285212468
-0.17921379091285
-0.17929439600230
-0.17937466695135
-0.17945460331862
-0.17953420466305
-0.17961347054390
-0.17969240052074
-0.17977099415346
-0.17984925100228
-0.17992717062771
-0.18000475259061
-0.18008199645216
-0.18015890177384
-0.18023546811748
-0.18031169504521
-0.18038758211951
-0.18046312890316
-0.18053833495930
-0.18061319985137
-0.18068772314314
-0.18076190439874
-0.18083574318260
-0.18090923905948
-0.18098239159451
-0.18105520035312
-0.18112766490109
-0.18119978480452
-0.18127155962986
-0.18134298894390
-0.18141407231377
-0.18148480930693
-0.18155519949118
-0.18162524243467
-0.18169493770589
-0.18176428487368
-0.18183328350721
-0.18190193317600
-0.18197023344992
-0.18203818389920
-0.18210578409439
-0.18217303360641
-0.18223993200652
-0.18230647886635
-0.18237267375785
-0.18243851625335
-0.18250400592552
-0.18256914234740
-0.18263392509236
-0.18269835373416
-0.18276242784688
-0.18282614700500
-0.18288951078332
-0.18295251875703
-0.18301517050167
-0.18307746559314
-0.18313940360770
-0.18320098412200
-0.18326220671301
-0.18332307095812
-0.18338357643503
-0.18344372272187
-0.18350350939708
-0.18356293603951
-0.18362200222836
-0.18368070754322
-0.18373905156403
-0.18379703387113
-0.18385465404521
-0.18391191166735
-0.18396880631900
-0.18402533758200
-0.18408150503855
-0.18413730827123
-0.18419274686303
-0.18424782039729
-0.18430252845774
-0.18435687062849
-0.18441084649405
-0.18446445563930
-0.18451769764951
-0.18457057211034
-0.18462307860783
-0.18467521672842
-0.18472698605892
-0.18477838618656
-0.18482941669893
-0.18488007718404
-0.18493036723028
-0.18498028642643
-0.18502983436168
-0.18507901062559
-0.18512781480815
-0.18517624649972
-0.18522430529108
-0.18527199077340
-0.18531930253825
-0.18536624017760
-0.18541280328383
-0.18545899144972
-0.18550480426845
-0.18555024133362
-0.18559530223921
-0.18563998657964
-0.18568429394970
-0.18572822394464
-0.18577177616006
-0.18581495019203
-0.18585774563698
-0.18590016209179
-0.18594219915373
-0.18598385642051
-0.18602513349023
-0.18606602996141
-0.18610654543301
-0.18614667950439
-0.18618643177532
-0.18622580184602
-0.18626478931709
-0.18630339378960
-0.18634161486500
-0.18637945214519
-0.18641690523249
-0.18645397372963
-0.18649065723979
-0.18652695536657
-0.18656286771399
-0.18659839388649
-0.18663353348898
-0.18666828612677
-0.18670265140559
-0.18673662893164
-0.18677021831153
-0.18680341915230
-0.18683623106145
-0.18686865364689
-0.18690068651699
-0.18693232928055
-0.18696358154679
-0.18699444292540
-0.18702491302650
-0.18705499146065
-0.18708467783885
-0.18711397177255
-0.18714287287364
-0.18717138075446
-0.18719949502780
-0.18722721530689
-0.18725454120541
-0.18728147233749
-0.18730800831771
-0.18733414876110
-0.18735989328315
-0.18738524149979
-0.18741019302741
-0.18743474748286
-0.18745890448344
-0.18748266364691
-0.18750602459147
-0.18752898693581
-0.18755155029906
-0.18757371430080
-0.18759547856110
-0.18761684270046
-0.18763780633987
-0.18765836910077
-0.18767853060506
-0.18769829047511
-0.18771764833377
-0.18773660380434
-0.18775515651059
-0.18777330607676
-0.18779105212758
-0.18780839428821
-0.18782533218432
-0.18784186544204
-0.18785799368796
-0.18787371654917
-0.18788903365321
-0.18790394462810
-0.18791844910236
-0.18793254670497
-0.18794623706539
-0.18795951981355
-0.18797239457988
-0.18798486099529
-0.18799691869115
-0.18800856729933
-0.18801980645220
-0.18803063578257
-0.18804105492379
-0.18805106350965
-0.18806066117446
-0.18806984755300
-0.18807862228055
-0.18808698499287
-0.18809493532622
-0.18810247291735
-0.18810959740350
-0.18811630842241
-0.18812260561230
-0.18812848861190
-0.18813395706044
-0.18813901059763
-0.18814364886369
-0.18814787149934
-0.18815167814580
-0.18815506844477
-0.18815804203849
-0.18816059856966
-0.18816273768152
-0.18816445901779
-0.18816576222271
-0.18816664694102
-0.18816711281796
-0.18816715949930
-0.18816678663128
-0.18816599386068
-0.18816478083479
-0.18816314720140
-0.18816109260881
-0.18815861670585
-0.18815571914184
-0.18815239956663
-0.18814865763058
-0.18814449298458
-0.18813990528001
-0.18813489416880
-0.18812945930337
-0.18812360033667
-0.18811731692218
-0.18811060871389
-0.18810347536632
-0.18809591653450
-0.18808793187401
-0.18807952104092
-0.18807068369186
-0.18806141948396
-0.18805172807489
-0.18804160912285
-0.18803106228655
-0.18802008722527
-0.18800868359877
-0.18799685106739
-0.18798458929196
-0.18797189793388
-0.18795877665505
-0.18794522511794
-0.18793124298553
-0.18791682992134
-0.18790198558943
-0.18788670965441
-0.18787100178142
-0.18785486163614
-0.18783828888478
-0.18782128319411
-0.18780384423143
-0.18778597166459
-0.18776766516199
-0.18774892439256
-0.18772974902579
-0.18771013873170
-0.18769009318087
-0.18766961204443
-0.18764869499406
-0.18762734170197
-0.18760555184095
-0.18758332508432
-0.18756066110596
-0.18753755958031
-0.18751402018235
-0.18749004258763
-0.18746562647225
-0.18744077151285
-0.18741547738666
-0.18738974377144
-0.18736357034552
-0.18733695678780
-0.18730990277773
-0.18728240799531
-0.18725447212112
-0.18722609483630
-0.18719727582255
-0.18716801476214
-0.18713831133790
-0.18710816523323
-0.18707757613210
-0.18704654371903
-0.18701506767914
-0.18698314769809
-0.18695078346214
-0.18691797465808
-0.18688472097332
-0.18685102209581
-0.18681687771409
-0.18678228751725
-0.18674725119499
-0.18671176843757
-0.18667583893582
-0.18663946238116
-0.18660263846558
-0.18656536688165
-0.18652764732253
-0.18648947948194
-0.18645086305422
-0.18641179773424
-0.18637228321750
-0.18633231920006
-0.18629190537857
-0.18625104145027
-0.18620972711298
-0.18616796206511
-0.18612574600566
-0.18608307863422
-0.18603995965096
-0.18599638875665
-0.18595236565266
-0.18590789004093
-0.18586296162401
-0.18581758010503
-0.18577174518773
-0.18572545657643
-0.18567871397606
-0.18563151709215
-0.18558386563080
-0.18553575929873
-0.18548719780326
-0.18543818085231
-0.18538870815440
-0.18533877941863
-0.18528839435473
-0.18523755267302
-0.18518625408444
-0.18513449830051
-0.18508228503337
-0.18502961399576
-0.18497648490103
-0.18492289746315
-0.18486885139667
-0.18481434641678
-0.18475938223925
-0.18470395858050
-0.18464807515751
-0.18459173168793
-0.18453492788997
-0.18447766348248
-0.18441993818494
-0.18436175171740
-0.18430310380058
-0.18424399415578
-0.18418442250492
-0.18412438857056
-0.18406389207586
-0.18400293274461
-0.18394151030121
-0.18387962447068
-0.18381727497869
-0.18375446155150
-0.18369118391601
-0.18362744179975
-0.18356323493085
-0.18349856303809
-0.18343342585087
-0.18336782309922
-0.18330175451378
-0.18323521982586
-0.18316821876735
-0.18310075107081
-0.18303281646940
-0.18296441469694
-0.18289554548786
-0.18282620857724
-0.18275640370079
-0.18268613059485
-0.18261538899639
-0.18254417864303
-0.18247249927303
-0.18240035062526
-0.18232773243927
-0.18225464445521
-0.18218108641389
-0.18210705805677
-0.18203255912593
-0.18195758936411
-0.18188214851467
-0.18180623632164
-0.18172985252968
-0.18165299688409
-0.18157566913084
-0.18149786901652
-0.18141959628839
-0.18134085069433
-0.18126163198289
-0.18118193990327
-0.18110177420530
-0.18102113463950
-0.18094002095699
-0.18085843290959
-0.18077637024975
-0.18069383273056
-0.18061082010580
-0.18052733212987
-0.18044336855786
-0.18035892914548
-0.18027401364913
-0.18018862182584
-0.18010275343333
-0.18001640822995
-0.17992958597473
-0.17984228642734
-0.17975450934814
-0.17966625449813
-0.17957752163898
-0.17948831053303
-0.17939862094327
-0.17930845263337
-0.17921780536765
-0.17912667891112
-0.17903507302943
-0.17894298748891
-0.17885042205657
-0.17875737650008
-0.17866385058776
-0.17856984408863
-0.17847535677238
-0.17838038840934
-0.17828493877056
-0.17818900762772
-0.17809259475320
-0.17799569992004
-0.17789832290198
-0.17780046347340
-0.17770212140939
-0.17760329648570
-0.17750398847875
-0.17740419716566
-0.17730392232422
-0.17720316373290
-0.17710192117085
-0.17700019441790
-0.17689798325456
-0.17679528746204
-0.17669210682221
-0.17658844111765
-0.17648429013159
-0.17637965364797
-0.17627453145143
-0.17616892332726
-0.17606282906146
-0.17595624844072
-0.17584918125241
-0.17574162728459
-0.17563358632602
-0.17552505816614
-0.17541604259509
-0.17530653940369
-0.17519654838347
-0.17508606932664
-0.17497510202610
-0.17486364627546
-0.17475170186902
-0.17463926860178
-0.17452634626942
-0.17441293466834
-0.17429903359561
-0.17418464284903
-0.17406976222708
-0.17395439152895
-0.17383853055452
-0.17372217910438
-0.17360533697981
-0.17348800398281
-0.17337017991608
-0.17325186458300
-0.17313305778768
-0.17301375933494
-0.17289396903028
-0.17277368667992
-0.17265291209080
-0.17253164507054
-0.17240988542748
-0.17228763297069
-0.17216488750991
-0.17204164885563
-0.17191791681902
-0.17179369121198
-0.17166897184710
-0.17154375853772
-0.17141805109786
-0.17129184934226
-0.17116515308639
-0.17103796214642
-0.17091027633924
-0.17078209548245
-0.17065341939439
-0.17052424789408
-0.17039458080130
-0.17026441793652
-0.17013375912093
-0.17000260417646
-0.16987095292574
-0.16973880519213
-0.16960616079971
-0.16947301957329
-0.16933938133839
-0.16920524592127
-0.16907061314889
-0.16893548284895
-0.16879985484989
-0.16866372898085
-0.16852710507171
-0.16838998295307
-0.16825236245627
-0.16811424341336
-0.16797562565714
-0.16783650902113
-0.16769689333956
-0.16755677844744
-0.16741616418046
-0.16727505037506
-0.16713343686844
-0.16699132349848
-0.16684871010385
-0.16670559652390
-0.16656198259876
-0.16641786816928
-0.16627325307703
-0.16612813716433
-0.16598252027425
-0.16583640225057
-0.16568978293783
-0.16554266218130
-0.16539503982699
-0.16524691572165
-0.16509828971278
-0.16494916164860
-0.16479953137809
-0.16464939875097
-0.16449876361770
-0.16434762582947
-0.16419598523824
-0.16404384169670
-0.16389119505828
-0.16373804517716
-0.16358439190828
-0.16343023510731
-0.16327557463066
-0.16312041033551
-0.16296474207978
-0.16280856972213
-0.16265189312199
-0.16249471213951
-0.16233702663561
-0.16217883647197
-0.16202014151099
-0.16186094161587
-0.16170123665050
-0.16154102647959
-0.16138031096855
-0.16121908998358
-0.16105736339161
-0.16089513106035
-0.16073239285823
-0.16056914865448
-0.16040539831906
-0.16024114172269
-0.16007637873685
-0.15991110923378
-0.15974533308648
-0.15957905016872
-0.15941226035500
-0.15924496352062
-0.15907715954160
-0.15890884829476
-0.15874002965765
-0.15857070350860
-0.15840086972672
-0.15823052819184
-0.15805967878459
-0.15788832138635
-0.15771645587927
-0.15754408214627
-0.15737120007102
-0.15719780953799
-0.15702391043237
-0.15684950264015
-0.15667458604810
-0.15649916054371
-0.15632322601530
-0.15614678235191
-0.15596982944337
-0.15579236718029
-0.15561439545404
-0.15543591415677
-0.15525692318138
-0.15507742242158
-0.15489741177181
-0.15471689112733
-0.15453586038413
-0.15435431943901
-0.15417226818952
-0.15398970653401
-0.15380663437158
-0.15362305160213
-0.15343895812632
-0.15325435384559
-0.15306923866218
-0.15288361247907
-0.15269747520006
-0.15251082672969
-0.15232366697332
-0.15213599583706
-0.15194781322781
-0.15175911905326
-0.15156991322187
-0.15138019564289
-0.15118996622635
-0.15099922488306
-0.15080797152463
-0.15061620606342
-0.15042392841261
-0.15023113848615
-0.15003783619878
-0.14984402146602
-0.14964969420418
-0.14945485433036
-0.14925950176244
-0.14906363641909
-0.14886725821978
-0.14867036708475
-0.14847296293504
-0.14827504569248
-0.14807661527970
-0.14787767162009
-0.14767821463785
-0.14747824425799
-0.14727776040627
-0.14707676300929
-0.14687525199440
-0.14667322728977
-0.14647068882435
-0.14626763652789
-0.14606407033094
-0.14585999016484
-0.14565539596171
-0.14545028765449
-0.14524466517690
-0.14503852846347
-0.14483187744952
-0.14462471207116
-0.14441703226531
-0.14420883796968
-0.14400012912278
-0.14379090566393
-0.14358116753323
-0.14337091467160
-0.14316014702075
-0.14294886452318
-0.14273706712222
-0.14252475476197
-0.14231192738736
-0.14209858494410
-0.14188472737871
-0.14167035463852
-0.14145546667165
-0.14124006342705
-0.14102414485444
-0.14080771090438
-0.14059076152820
-0.14037329667805
-0.14015531630691
-0.13993682036852
-0.13971780881747
-0.13949828160914
-0.13927823869970
-0.13905768004616
-0.13883660560631
-0.13861501533877
-0.13839290920296
-0.13817028715911
-0.13794714916826
-0.13772349519226
-0.13749932519376
-0.13727463913625
-0.13704943698400
-0.13682371870211
-0.13659748425648
-0.13637073361384
-0.13614346674172
-0.13591568360846
-0.13568738418322
-0.13545856843597
-0.13522923633750
-0.13499938785941
-0.13476902297412
-0.13453814165487
-0.13430674387569
-0.13407482961145
-0.13384239883783
-0.13360945153133
-0.13337598766927
-0.13314200722976
-0.13290751019178
-0.13267249653507
-0.13243696624023
-0.13220091928866
-0.13196435566259
-0.13172727534505
-0.13148967831992
-0.13125156457188
-0.13101293408643
-0.13077378684989
-0.13053412284941
-0.13029394207296
-0.13005324450934
-0.12981203014814
-0.12957029897981
-0.12932805099561
-0.12908528618761
-0.12884200454872
-0.12859820607266
-0.12835389075399
-0.12810905858809
-0.12786370957115
-0.12761784370020
-0.12737146097310
-0.12712456138853
-0.12687714494597
-0.12662921164578
-0.12638076148910
-0.12613179447791
-0.12588231061503
-0.12563230990410
-0.12538179234958
-0.12513075795677
-0.12487920673179
-0.12462713868159
-0.12437455381396
-0.12412145213750
-0.12386783366166
-0.12361369839671
-0.12335904635374
-0.12310387754469
-0.12284819198231
-0.12259198968021
-0.12233527065281
-0.12207803491536
-0.12182028248395
-0.12156201337551
-0.12130322760778
-0.12104392519935
-0.12078410616964
-0.12052377053891
-0.12026291832824
-0.12000154955954
-0.11973966425559
-0.11947726243995
-0.11921434413706
-0.11895090937218
-0.11868695817140
-0.11842249056165
-0.11815750657070
-0.11789200622714
-0.11762598956041
-0.11735945660080
-0.11709240737940
-0.11682484192818
-0.11655676027991
-0.11628816246822
-0.11601904852756
-0.11574941849325
-0.11547927240142
-0.11520861028904
-0.11493743219392
-0.11466573815474
-0.11439352821096
-0.11412080240295
-0.11384756077185
-0.11357380335969
-0.11329953020933
-0.11302474136445
-0.11274943686959
-0.11247361677013
-0.11219728111229
-0.11192042994312
-0.11164306331052
-0.11136518126324
-0.11108678385086
-0.11080787112380
-0.11052844313335
-0.11024849993161
-0.10996804157153
-0.10968706810691
-0.10940557959241
-0.10912357608349
-0.10884105763650
-0.10855802430861
-0.10827447615783
-0.10799041324303
-0.10770583562391
-0.10742074336104
-0.10713513651579
-0.10684901515043
-0.10656237932803
-0.10627522911254
-0.10598756456873
-0.10569938576223
-0.10541069275950
-0.10512148562788
-0.10483176443553
-0.10454152925145
-0.10425078014552
-0.10395951718844
-0.10366774045175
-0.10337545000787
-0.10308264593005
-0.10278932829238
-0.10249549716982
-0.10220115263815
-0.10190629477401
-0.10161092365492
-0.10131503935919
-0.10101864196603
-0.10072173155547
-0.10042430820841
-0.10012637200658
-0.09982792303257
-0.09952896136982
-0.09922948710261
-0.09892950031610
-0.09862900109625
-0.09832798952993
-0.09802646570481
-0.09772442970944
-0.09742188163321
-0.09711882156636
-0.09681524960000
-0.09651116582605
-0.09620657033734
-0.09590146322750
-0.09559584459103
-0.09528971452330
-0.09498307312050
-0.09467592047970
-0.09436825669880
-0.09406008187658
-0.09375139611264
-0.09344219950746
-0.09313249216236
-0.09282227417952
-0.09251154566196
-0.09220030671357
-0.09188855743908
-0.09157629794408
-0.09126352833503
-0.09095024871920
-0.09063645920477
-0.09032215990072
-0.09000735091693
-0.08969203236411
-0.08937620435382
-0.08905986699849
-0.08874302041140
-0.08842566470668
-0.08810779999932
-0.08778942640517
-0.08747054404092
-0.08715115302412
-0.08683125347319
-0.08651084550739
-0.08618992924684
-0.08586850481251
-0.08554657232625
-0.08522413191073
-0.08490118368950
-0.08457772778696
-0.08425376432837
-0.08392929343984
-0.08360431524833
-0.08327882988167
-0.08295283746855
-0.08262633813850
-0.08229933202191
-0.08197181925004
-0.08164379995499
-0.08131527426974
-0.08098624232810
-0.08065670426475
-0.08032666021523
-0.07999611031593
-0.07966505470410
-0.07933349351786
-0.07900142689616
-0.07866885497883
-0.07833577790654
-0.07800219582085
-0.07766810886414
-0.07733351717966
-0.07699842091153
-0.07666282020472
-0.07632671520505
-0.07599010605921
-0.07565299291473
-0.07531537592003
-0.07497725522436
-0.07463863097783
-0.07429950333142
-0.07395987243697
-0.07361973844716
-0.07327910151555
-0.07293796179654
-0.07259631944540
-0.07225417461825
-0.07191152747207
-0.07156837816471
-0.07122472685487
-0.07088057370211
-0.07053591886684
-0.07019076251033
-0.06984510479472
-0.06949894588301
-0.06915228593905
-0.06880512512753
-0.06845746361404
-0.06810930156500
-0.06776063914770
-0.06741147653027
-0.06706181388173
-0.06671165137193
-0.06636098917159
-0.06600982745230
-0.06565816638649
-0.06530600614746
-0.06495334690936
-0.06460018884721
-0.06424653213688
-0.06389237695510
-0.06353772347946
-0.06318257188841
-0.06282692236126
-0.06247077507817
-0.06211413022017
-0.06175698796914
-0.06139934850783
-0.06104121201983
-0.06068257868961
-0.06032344870248
-0.05996382224462
-0.05960369950306
-0.05924308066570
-0.05888196592129
-0.05852035545944
-0.05815824947062
-0.05779564814616
-0.05743255167824
-0.05706896025990
-0.05670487408506
-0.05634029334847
-0.05597521824574
-0.05560964897336
-0.05524358572866
-0.05487702870984
-0.05450997811594
-0.05414243414688
-0.05377439700342
-0.05340586688719
-0.05303684400067
-0.05266732854721
-0.05229732073100
-0.05192682075709
-0.05155582883141
-0.05118434516072
-0.05081236995266
-0.05043990341571
-0.05006694575921
-0.04969349719337
-0.04931955792924
-0.04894512817875
-0.04857020815466
-0.04819479807060
-0.04781889814107
-0.04744250858140
-0.04706562960780
-0.04668826143732
-0.04631040428788
-0.04593205837826
-0.04555322392807
-0.04517390115780
-0.04479409028880
-0.04441379154325
-0.04403300514421
-0.04365173131560
-0.04326997028217
-0.04288772226955
-0.04250498750420
-0.04212176621348
-0.04173805862555
-0.04135386496948
-0.04096918547514
-0.04058402037331
-0.04019836989558
-0.03981223427442
-0.03942561374316
-0.03903850853596
-0.03865091888786
-0.03826284503473
-0.03787428721332
-0.03748524566122
-0.03709572061688
-0.03670571231959
-0.03631522100952
-0.03592424692766
-0.03553279031589
-0.03514085141692
-0.03474843047432
-0.03435552773251
-0.03396214343677
-0.03356827783323
-0.03317393116888
-0.03277910369155
-0.03238379564992
-0.03198800729354
-0.03159173887281
-0.03119499063896
-0.03079776284411
-0.03040005574119
-0.03000186958401
-0.02960320462722
-0.02920406112633
-0.02880443933770
-0.02840433951854
-0.02800376192690
-0.02760270682169
-0.02720117446268
-0.02679916511048
-0.02639667902655
-0.02599371647321
-0.02559027771361
-0.02518636301177
-0.02478197263256
-0.02437710684168
-0.02397176590570
-0.02356595009203
-0.02315965966893
-0.02275289490551
-0.02234565607172
-0.02193794343839
-0.02152975727716
-0.02112109786053
-0.02071196546186
-0.02030236035535
-0.01989228281604
-0.01948173311984
-0.01907071154347
-0.01865921836455
-0.01824725386149
-0.01783481831358
-0.01742191200096
-0.01700853520460
-0.01659468820632
-0.01618037128879
-0.01576558473552
-0.01535032883089
-0.01493460386008
-0.01451841010915
-0.01410174786501
-0.01368461741538
-0.01326701904885
-0.01284895305485
-0.01243041972366
-0.01201141934639
-0.01159195221500
-0.01117201862229
-0.01075161886192
-0.01033075322838
-0.00990942201699
-0.00948762552394
-0.00906536404623
-0.00864263788174
-0.00821944732916
-0.00779579268804
-0.00737167425876
-0.00694709234255
-0.00652204724148
-0.00609653925845
-0.00567056869721
-0.00524413586235
-0.00481724105931
-0.00438988459434
-0.00396206677455
-0.00353378790790
-0.00310504830316
-0.00267584826997
-0.00224618811878
-0.00181606816090
-0.00138548870847
-0.00095445007446
-0.00052295257269
-0.00009099651780
0.00034141777470
0.00077428998851
0.00120761980645
0.00164140691052
0.00207565098190
0.00251035170092
0.00294550874707
0.00338112179901
0.00381719053457
0.00425371463073
0.00469069376366
0.00512812760869
0.00556601584029
0.00600435813212
0.00644315415701
0.00688240358695
0.00732210609310
0.00776226134578
0.00820286901449
0.00864392876788
0.00908544027380
0.00952740319923
0.00996981721035
0.01041268197250
0.01085599715018
0.01129976240707
0.01174397740603
0.01218864180907
0.01263375527739
0.01307931747134
0.01352532805046
0.01397178667345
0.01441869299821
0.01486604668176
0.01531384738035
0.01576209474937
0.01621078844338
0.01665992811614
0.01710951342056
0.01755954400873
0.01801001953193
0.01846093964060
0.01891230398436
0.01936411221200
0.01981636397149
0.02026905890999
0.02072219667382
0.02117577690847
0.02162979925864
0.02208426336817
0.02253916888010
0.02299451543666
0.02345030267922
0.02390653024837
0.02436319778385
0.02482030492460
0.02527785130874
0.02573583657354
0.02619426035550
0.02665312229026
0.02711242201266
0.02757215915673
0.02803233335566
0.02849294424184
0.02895399144683
0.02941547460139
0.02987739333546
0.03033974727815
0.03080253605778
0.03126575930182
0.03172941663695
0.03219350768904
0.03265803208313
0.03312298944346
0.03358837939344
0.03405420155569
0.03452045555200
0.03498714100335
0.03545425752992
0.03592180475106
0.03638978228533
0.03685818975047
0.03732702676341
0.03779629294026
0.03826598789634
0.03873611124615
0.03920666260338
0.03967764158093
0.04014904779086
0.04062088084446
0.04109314035218
0.04156582592368
0.04203893716782
0.04251247369264
0.04298643510539
0.04346082101249
0.04393563101959
0.04441086473150
0.04488652175226
0.04536260168509
0.04583910413241
0.04631602869583
0.04679337497618
0.04727114257345
0.04774933108687
0.04822794011485
0.04870696925501
0.04918641810415
0.04966628625828
0.05014657331263
0.05062727886161
0.05110840249884
0.05158994381713
0.05207190240852
0.05255427786423
0.05303706977469
0.05352027772954
0.05400390131761
0.05448794012696
0.05497239374484
0.05545726175769
0.05594254375120
0.05642823931022
0.05691434801883
0.05740086946033
0.05788780321720
0.05837514887115
0.05886290600310
0.05935107419316
0.05983965302066
0.06032864206416
0.06081804090141
0.06130784910937
0.06179806626422
0.06228869194135
0.06277972571537
0.06327116716010
0.06376301584856
0.06425527135300
0.06474793324488
0.06524100109489
0.06573447447291
0.06622835294805
0.06672263608863
0.06721732346221
0.06771241463554
0.06820790917461
0.06870380664460
0.06920010660994
0.06969680863427
0.07019391228044
0.07069141711054
0.07118932268586
0.07168762856693
0.07218633431349
0.07268543948451
0.07318494363817
0.07368484633191
0.07418514712234
0.07468584556535
0.07518694121601
0.07568843362864
0.07619032235680
0.07669260695323
0.07719528696995
0.07769836195817
0.07820183146836
0.07870569505018
0.07920995225256
0.07971460262363
0.08021964571077
0.08072508106059
0.08123090821891
0.08173712673081
0.08224373614058
0.08275073599176
0.08325812582712
0.08376590518866
0.08427407361762
0.08478263065447
0.08529157583891
0.08580090870990
0.08631062880561
0.08682073566348
0.08733122882014
0.08784210781151
0.08835337217271
0.08886502143813
0.08937705514138
0.08988947281531
0.09040227399204
0.09091545820289
0.09142902497845
0.09194297384856
0.09245730434227
0.09297201598791
0.09348710831304
0.09400258084446
0.09451843310823
0.09503466462963
0.09555127493323
0.09606826354280
0.09658562998140
0.09710337377132
0.09762149443409
0.09813999149050
0.09865886446061
0.09917811286369
0.09969773621829
0.10021773404222
0.10073810585251
0.10125885116548
0.10177996949668
0.10230146036092
0.10282332327228
0.10334555774407
0.10386816328888
0.10439113941854
0.10491448564415
0.10543820147606
0.10596228642390
0.10648673999651
0.10701156170206
0.10753675104791
0.10806230754074
0.10858823068645
0.10911451999023
0.10964117495653
0.11016819508904
0.11069557989073
0.11122332886386
0.11175144150991
0.11227991732966
0.11280875582314
0.11333795648965
0.11386751882777
0.11439744233534
0.11492772650947
0.11545837084653
0.11598937484219
0.11652073799135
0.11705245978822
0.11758453972626
0.11811697729821
0.11864977199609
0.11918292331118
0.11971643073405
0.12025029375454
0.12078451186177
0.12131908454412
0.12185401128927
0.12238929158418
0.12292492491506
0.12346091076743
0.12399724862607
0.12453393797506
0.12507097829775
0.12560836907677
0.12614610979404
0.12668419993076
0.12722263896741
0.12776142638377
0.12830056165890
0.12884004427113
0.12937987369809
0.12992004941670
0.13046057090317
0.13100143763299
0.13154264908094
0.13208420472111
0.13262610402685
0.13316834647082
0.13371093152498
0.13425385866056
0.13479712734810
0.13534073705743
0.13588468725769
0.13642897741729
0.13697360700394
0.13751857548468
0.13806388232580
0.13860952699293
0.13915550895097
0.13970182766414
0.14024848259594
0.14079547320920
0.14134279896603
0.14189045932784
0.14243845375536
0.14298678170862
0.14353544264694
0.14408443602897
0.14463376131264
0.14518341795521
0.14573340541324
0.14628372314258
0.14683437059842
0.14738534723525
0.14793665250684
0.14848828586633
0.14904024676612
0.14959253465794
0.15014514899284
0.15069808922119
0.15125135479265
0.15180494515622
0.15235885976019
0.15291309805221
0.15346765947920
0.15402254348743
0.15457774952247
0.15513327702924
0.15568912545193
0.15624529423411
0.15680178281863
0.15735859064767
0.15791571716276
0.15847316180471
0.15903092401371
0.15958900322922
0.16014739889006
0.16070611043438
0.16126513729965
0.16182447892265
0.16238413473951
0.16294410418570
0.16350438669601
0.16406498170455
0.16462588864477
0.16518710694947
0.16574863605077
0.16631047538011
0.16687262436831
0.16743508244547
0.16799784904107
0.16856092358391
0.16912430550214
0.16968799422323
0.17025198917402
0.17081628978066
0.17138089546865
0.17194580566286
0.17251101978747
0.17307653726601
0.17364235752137
0.17420847997577
0.17477490405079
0.17534162916735
0.17590865474572
0.17647598020552
0.17704360496571
0.17761152844461
0.17817975005990
0.17874826922859
0.17931708536706
0.17988619789104
0.18045560621561
0.18102530975521
0.18159530792364
0.18216560013404
0.18273618579892
0.18330706433016
0.18387823513897
0.18444969763595
0.18502145123104
0.18559349533355
0.18616582935216
0.18673845269490
0.18731136476917
0.18788456498173
0.18845805273872
0.18903182744563
0.18960588850732
0.19018023532804
0.19075486731137
0.19132978386029
0.19190498437715
0.19248046826365
0.19305623492089
0.19363228374932
0.19420861414877
0.19478522551846
0.19536211725697
0.19593928876225
0.19651673943165
0.19709446866187
0.19767247584902
0.19825076038857
0.19882932167538
0.19940815910368
0.19998727206708
0.20056665995860
0.20114632217061
0.20172625809490
0.20230646712261
0.20288694864429
0.20346770204987
0.20404872672867
0.20463002206939
0.20521158746014
0.20579342228841
0.20637552594107
0.20695789780439
0.20754053726405
0.20812344370511
0.20870661651201
0.20929005506862
0.20987375875818
0.21045772696333
0.21104195906613
0.21162645444802
0.21221121248983
0.21279623257182
0.21338151407364
0.21396705637433
0.21455285885235
0.21513892088556
0.21572524185122
0.21631182112600
0.21689865808599
0.21748575210667
0.21807310256293
0.21866070882908
0.21924857027884
0.21983668628533
0.22042505622109
0.22101367945808
0.22160255536767
0.22219168332064
0.22278106268718
0.22337069283692
0.22396057313890
0.22455070296155
0.22514108167276
0.22573170863982
0.22632258322945
0.22691370480778
0.22750507274037
0.22809668639220
0.22868854512770
0.22928064831069
0.22987299530443
0.23046558547162
0.23105841817438
0.23165149277425
0.23224480863222
0.23283836510869
0.23343216156351
0.23402619735596
0.23462047184474
0.23521498438800
0.23580973434333
0.23640472106773
0.23699994391768
0.23759540224905
0.23819109541720
0.23878702277689
0.23938318368234
0.23997957748721
0.24057620354460
0.24117306120706
0.24177014982659
0.24236746875462
0.24296501734203
0.24356279493916
0.24416080089580
0.24475903456117
0.24535749528397
0.24595618241231
0.24655509529380
0.24715423327548
0.24775359570383
0.24835318192481
0.24895299128384
0.24955302312577
0.25015327679493
0.25075375163510
0.25135444698952
0.25195536220091
0.25255649661142
0.25315784956269
0.25375942039581
0.25436120845134
0.25496321306931
0.25556543358920
0.25616786934997
0.25677051969007
0.25737338394737
0.25797646145926
0.25857975156257
0.25918325359362
0.25978696688818
0.26039089078154
0.26099502460842
0.26159936770303
0.26220391939907
0.26280867902971
0.26341364592759
0.26401881942485
0.26462419885310
0.26522978354343
0.26583557282642
0.26644156603212
0.26704776249009
0.26765416152935
0.26826076247844
0.26886756466534
0.26947456741757
0.27008177006211
0.27068917192544
0.27129677233353
0.27190457061184
0.27251256608533
0.27312075807845
0.27372914591516
0.27433772891890
0.27494650641261
0.27555547771874
0.27616464215924
0.27677399905554
0.27738354772859
0.27799328749884
0.27860321768626
0.27921333761028
0.27982364658989
0.28043414394356
0.28104482898925
0.28165570104447
0.28226675942621
0.28287800345098
0.28348943243481
0.28410104569323
0.28471284254128
0.28532482229354
0.28593698426409
0.28654932776652
0.28716185211395
0.28777455661902
0.28838744059388
0.28900050335020
0.28961374419919
0.29022716245157
0.29084075741759
0.29145452840701
0.29206847472914
0.29268259569279
0.29329689060633
0.29391135877764
0.29452599951413
0.29514081212274
0.29575579590996
0.29637095018179
0.29698627424377
0.29760176740100
0.29821742895808
0.29883325821917
0.29944925448797
0.30006541706771
0.30068174526116
0.30129823837063
0.30191489569800
0.30253171654465
0.30314870021153
0.30376584599915
0.30438315320753
0.30500062113627
0.30561824908451
0.30623603635092
0.30685398223376
0.30747208603080
0.30809034703940
0.30870876455644
0.30932733787839
0.30994606630126
0.31056494912060
0.31118398563155
0.31180317512879
0.31242251690656
0.31304201025868
0.31366165447852
0.31428144885899
0.31490139269262
0.31552148527145
0.31614172588712
0.31676211383084
0.31738264839336
0.31800332886503
0.31862415453575
0.31924512469501
0.31986623863187
0.32048749563495
0.32110889499245
0.32173043599216
0.32235211792145
0.32297394006724
0.32359590171605
0.32421800215398
0.32484024066672
0.32546261653952
0.32608512905723
0.32670777750429
0.32733056116471
0.32795347932211
0.32857653125966
0.32919971626016
0.32982303360599
0.33044648257910
0.33107006246106
0.33169377253301
0.33231761207571
0.33294158036950
0.33356567669432
0.33418990032970
0.33481425055479
0.33543872664832
0.33606332788863
0.33668805355366
0.33731290292096
0.33793787526767
0.33856296987056
0.33918818600599
0.33981352294992
0.34043897997794
0.34106455636523
0.34169025138660
0.34231606431646
0.34294199442883
0.34356804099736
0.34419420329531
0.34482048059554
0.34544687217056
0.34607337729246
0.34669999523299
0.34732672526349
0.34795356665494
0.34858051867793
0.34920758060269
0.34983475169907
0.35046203123654
0.35108941848420
0.35171691271078
0.35234451318465
0.35297221917379
0.35360002994584
0.35422794476805
0.35485596290731
0.35548408363016
0.35611230620275
0.35674062989090
0.35736905396004
0.35799757767526
0.35862620030128
0.35925492110247
0.35988373934283
0.36051265428603
0.36114166519535
0.36177077133376
0.36239997196384
0.36302926634784
0.36365865374765
0.36428813342483
0.36491770464056
0.36554736665570
0.36617711873076
0.36680696012590
0.36743689010094
0.36806690791536
0.36869701282830
0.36932720409856
0.36995748098459
0.37058784274452
0.37121828863614
0.37184881791690
0.37247942984391
0.37311012367396
0.37374089866351
0.37437175406868
0.37500268914526
0.37563370314872
0.37626479533420
0.37689596495651
0.37752721127014
0.37815853352926
0.37878993098771
0.37942140289901
0.38005294851637
0.38068456709266
0.38131625788045
0.38194802013199
0.38257985309922
0.38321175603375
0.38384372818689
0.38447576880963
0.38510787715266
0.38574005246634
0.38637229400075
0.38700460100565
0.38763697273047
0.38826940842438
0.38890190733621
0.38953446871450
0.39016709180750
0.39079977586313
0.39143252012904
0.39206532385258
0.39269818628077
0.39333110666038
0.39396408423786
0.39459711825936
0.39523020797075
0.39586335261762
0.39649655144525
0.39712980369864
0.39776310862250
0.39839646546125
0.39902987345904
0.39966333185972
0.40029683990687
0.40093039684377
0.40156400191344
0.40219765435860
0.40283135342172
0.40346509834497
0.40409888837025
0.40473272273918
0.40536660069313
0.40600052147316
0.40663448432010
0.40726848847448
0.40790253317657
0.40853661766637
0.40917074118363
0.40980490296781
0.41043910225813
0.41107333829353
0.41170761031270
0.41234191755405
0.41297625925576
0.41361063465573
0.41424504299161
0.41487948350079
0.41551395542042
0.41614845798739
0.41678299043832
0.41741755200960
0.41805214193737
0.41868675945751
0.41932140380566
0.41995607421722
0.42059076992733
0.42122549017089
0.42186023418258
0.42249500119680
0.42312979044774
0.42376460116934
0.42439943259530
0.42503428395910
0.42566915449396
0.42630404343289
0.42693895000864
0.42757387345376
0.42820881300054
0.42884376788106
0.42947873732717
0.43011372057048
0.43074871684239
0.43138372537407
0.43201874539647
0.43265377614030
0.43328881683607
0.43392386671407
0.43455892500436
0.43519399093679
0.43582906374099
0.43646414264637
0.43709922688215
0.43773431567732
0.43836940826065
0.43900450386072
0.43963960170588
0.44027470102430
0.44090980104392
0.44154490099248
0.44218000009752
0.44281509758639
0.44345019268622
0.44408528462394
0.44472037262628
0.44535545591980
0.44599053373082
0.44662560528551
0.44726066980980
0.44789572652947
0.44853077467007
0.44916581345700
0.44980084211543
0.45043585987037
0.45107086594663
0.45170585956885
0.45234083996147
0.45297580634874
0.45361075795476
0.45424569400341
0.45488061371842
0.45551551632334
0.45615040104152
0.45678526709616
0.45742011371027
0.45805494010670
0.45868974550810
0.45932452913700
0.45995929021570
0.46059402796638
0.46122874161103
0.46186343037147
0.46249809346938
0.46313273012625
0.46376733956342
0.46440192100207
0.46503647366322
0.46567099676772
0.46630548953629
0.46693995118946
0.46757438094763
0.46820877803105
0.46884314165978
0.46947747105378
0.47011176543282
0.47074602401655
0.47138024602445
0.47201443067587
0.47264857719000
0.47328268478591
0.47391675268251
0.47455078009857
0.47518476625272
0.47581871036346
0.47645261164915
0.47708646932800
0.47772028261810
0.47835405073741
0.47898777290374
0.47962144833479
0.48025507624811
0.48088865586114
0.48152218639117
0.48215566705540
0.48278909707086
0.48342247565450
0.48405580202310
0.48468907539338
0.48532229498187
0.48595546000505
0.48658856967923
0.48722162322063
0.48785461984535
0.48848755876937
0.48912043920858
0.48975326037872
0.49038602149546
0.49101872177434
0.49165136043079
0.49228393668014
0.49291644973763
0.49354889881837
0.49418128313739
0.49481360190960
0.49544585434982
0.49607803967278
0.49671015709310
0.49734220582530
0.49797418508382
0.49860609408299
0.49923793203708
0.49986969816022
0.50050139166650
0.50113301176988
0.50176455768426
0.50239602862345
0.50302742380116
0.50365874243103
0.50428998372662
0.50492114690140
0.50555223116876
0.50618323574203
0.50681415983444
0.50744500265916
0.50807576342927
0.50870644135779
0.50933703565767
0.50996754554178
0.51059797022291
0.51122830891381
0.51185856082715
0.51248872517552
0.51311880117147
0.51374878802747
0.51437868495594
0.51500849116922
0.51563820587961
0.51626782829935
0.51689735764061
0.51752679311552
0.51815613393614
0.51878537931450
0.51941452846255
0.52004358059221
0.52067253491535
0.52130139064377
0.52193014698925
0.52255880316352
0.52318735837825
0.52381581184509
0.52444416277562
0.52507241038140
0.52570055387395
0.52632859246476
0.52695652536525
0.52758435178684
0.52821207094091
0.52883968203878
0.52946718429178
0.53009457691118
0.53072185910823
0.53134903009415
0.53197608908015
0.53260303527738
0.53322986789701
0.53385658615015
0.53448318924791
0.53510967640137
0.53573604682160
0.53636229971965
0.53698843430655
0.53761444979332
0.53824034539096
0.53886612031046
0.53949177376280
0.54011730495896
0.54074271310990
0.54136799742657
0.54199315711992
0.54261819140090
0.54324309948045
0.54386788056950
0.54449253387901
0.54511705861990
0.54574145400313
0.54636571923963
0.54698985354035
0.54761385611625
0.54823772617829
0.54886146293744
0.54948506560468
0.55010853339099
0.55073186550739
0.55135506116489
0.55197811957451
0.55260103994730
0.55322382149433
0.55384646342668
0.55446896495545
0.55509132529177
0.55571354364677
0.55633561923162
0.55695755125753
0.55757933893570
0.55820098147740
0.55882247809388
0.55944382799646
0.56006503039648
0.56068608450530
0.56130698953434
0.56192774469502
0.56254834919882
0.56316880225726
0.56378910308189
0.56440925088429
0.56502924487612
0.56564908426903
0.56626876827476
0.56688829610506
0.56750766697176
0.56812688008671
0.56874593466182
0.56936482990906
0.56998356504043
0.57060213926801
0.57122055180391
0.57183880186031
0.57245688864944
0.57307481138360
0.57369256927513
0.57431016153645
0.57492758738003
0.57554484601841
0.57616193666419
0.57677885853004
0.57739561082870
0.57801219277296
0.57862860357571
0.57924484244988
0.57986090860850
0.58047680126465
0.58109251963151
0.58170806292231
0.58232343035038
0.58293862112912
0.58355363447199
0.58416846959258
0.58478312570451
0.58539760202151
0.58601189775740
0.58662601212608
0.58723994434153
0.58785369361784
0.58846725916916
0.58908064020976
0.58969383595398
0.59030684561628
0.59091966841119
0.59153230355336
0.59214475025752
0.59275700773850
0.59336907521124
0.59398095189079
0.59459263699228
0.59520412973096
0.59581542932218
0.59642653498140
0.59703744592420
0.59764816136625
0.59825868052333
0.59886900261135
0.59947912684633
0.60008905244439
0.60069877862179
0.60130830459487
0.60191762958014
0.60252675279418
0.60313567345373
0.60374439077563
0.60435290397685
0.60496121227448
0.60556931488576
0.60617721102802
0.60678489991874
0.60739238077555
0.60799965281617
0.60860671525848
0.60921356732049
0.60982020822035
0.61042663717632
0.61103285340684
0.61163885613046
0.61224464456588
0.61285021793193
0.61345557544761
0.61406071633203
0.61466563980448
0.61527034508438
0.61587483139129
0.61647909794493
0.61708314396517
0.61768696867204
0.61829057128571
0.61889395102652
0.61949710711494
0.62010003877162
0.62070274521736
0.62130522567313
0.62190747936005
0.62250950549941
0.62311130331265
0.62371287202140
0.62431421084742
0.62491531901268
0.62551619573928
0.62611684024953
0.62671725176587
0.62731742951094
0.62791737270754
0.62851708057866
0.62911655234746
0.62971578723726
0.63031478447160
0.63091354327416
0.63151206286881
0.63211034247963
0.63270838133086
0.63330617864692
0.63390373365243
0.63450104557221
0.63509811363124
0.63569493705471
0.63629151506800
0.63688784689668
0.63748393176651
0.63807976890346
0.63867535753368
0.63927069688354
0.63986578617958
0.64046062464857
0.64105521151747
0.64164954601344
0.64224362736385
0.64283745479627
0.64343102753848
0.64402434481848
0.64461740586446
0.64521020990484
0.64580275616824
0.64639504388349
0.64698707227966
0.64757884058601
0.64817034803202
0.64876159384741
0.64935257726210
0.64994329750623
0.65053375381017
0.65112394540453
0.65171387152011
0.65230353138797
0.65289292423937
0.65348204930582
0.65407090581906
0.65465949301104
0.65524781011396
0.65583585636026
0.65642363098261
0.65701113321390
0.65759836228728
0.65818531743613
0.65877199789407
0.65935840289496
0.65994453167291
0.66053038346228
0.66111595749766
0.66170125301388
0.66228626924605
0.66287100542951
0.66345546079984
0.66403963459289
0.66462352604475
0.66520713439179
0.66579045887060
0.66637349871805
0.66695625317127
0.66753872146763
0.66812090284478
0.66870279654063
0.66928440179334
0.66986571784134
0.67044674392334
0.67102747927831
0.67160792314547
0.67218807476434
0.67276793337469
0.67334749821656
0.67392676853029
0.67450574355646
0.67508442253595
0.67566280470991
0.67624088931977
0.67681867560724
0.67739616281430
0.67797335018323
0.67855023695659
0.67912682237721
0.67970310568822
0.68027908613304
0.68085476295537
0.68143013539921
0.68200520270883
0.68257996412881
0.68315441890403
0.68372856627965
0.68430240550114
0.68487593581424
0.68544915646503
0.68602206669985
0.68659466576537
0.68716695290856
0.68773892737666
0.68831058841727
0.68888193527825
0.68945296720779
0.69002368345438
0.69059408326683
0.69116416589426
0.69173393058608
0.69230337659205
0.69287250316222
0.69344130954696
0.69400979499697
0.69457795876325
0.69514580009713
0.69571331825027
0.69628051247463
0.69684738202253
0.69741392614658
0.69798014409972
0.69854603513524
0.69911159850675
0.69967683346817
0.70024173927378
0.70080631517818
0.70137056043629
0.70193447430340
0.70249805603510
0.70306130488734
0.70362422011640
0.70418680097890
0.70474904673181
0.70531095663242
0.70587252993841
0.70643376590774
0.70699466379878
0.70755522287020
0.70811544238104
0.70867532159070
0.70923485975891
0.70979405614576
0.71035291001170
0.71091142061753
0.71146958722440
0.71202740909383
0.71258488548770
0.71314201566823
0.71369879889801
0.71425523444002
0.71481132155755
0.71536705951431
0.71592244757434
0.71647748500206
0.71703217106226
0.71758650502009
0.71814048614109
0.71869411369114
0.71924738693654
0.71980030514392
0.72035286758031
0.72090507351311
0.72145692221011
0.72200841293946
0.72255954496970
0.72311031756976
0.72366073000895
0.72421078155695
0.72476047148385
0.72530979906010
0.72585876355656
0.72640736424448
0.72695560039548
0.72750347128158
0.72805097617522
0.72859811434919
0.72914488507672
0.72969128763139
0.73023732128722
0.73078298531861
0.73132827900036
0.73187320160767
0.73241775241616
0.73296193070183
0.73350573574110
0.73404916681080
0.73459222318815
0.73513490415080
0.73567720897679
0.73621913694460
0.73676068733309
0.73730185942155
0.73784265248970
0.73838306581764
0.73892309868591
0.73946275037548
0.74000202016772
0.74054090734442
0.74107941118781
0.74161753098054
0.74215526600566
0.74269261554667
0.74322957888751
0.74376615531250
0.74430234410645
0.74483814455455
0.74537355594244
0.74590857755622
0.74644320868238
0.74697744860787
0.74751129662007
0.74804475200682
0.74857781405635
0.74911048205739
0.74964275529906
0.75017463307096
0.75070611466311
0.75123719936598
0.75176788647051
0.75229817526806
0.75282806505044
0.75335755510992
0.75388664473922
0.75441533323152
0.75494361988043
0.75547150398004
0.75599898482488
0.75652606170995
0.75705273393069
0.75757900078302
0.75810486156331
0.75863031556839
0.75915536209555
0.75968000044257
0.76020422990767
0.76072804978953
0.76125145938732
0.76177445800067
0.76229704492968
0.76281921947493
0.76334098093745
0.76386232861876
0.76438326182086
0.76490377984622
0.76542388199779
0.76594356757898
0.76646283589370
0.76698168624634
0.76750011794177
0.76801813028534
0.76853572258288
0.76905289414072
0.76956964426566
0.77008597226499
0.77060187744651
0.77111735911848
0.77163241658968
0.77214704916935
0.77266125616727
0.77317503689366
0.77368839065928
0.77420131677537
0.77471381455367
0.77522588330641
0.77573752234634
0.77624873098670
0.77675950854122
0.77726985432417
0.77777976765030
0.77828924783486
0.77879829419363
0.77930690604288
0.77981508269941
0.78032282348050
0.78083012770398
0.78133699468816
0.78184342375190
0.78234941421453
0.78285496539594
0.78336007661651
0.78386474719716
0.78436897645931
0.78487276372492
0.78537610831646
0.78587900955693
0.78638146676986
0.78688347927929
0.78738504640980
0.78788616748649
0.78838684183501
0.78888706878152
0.78938684765271
0.78988617777582
0.79038505847861
0.79088348908938
0.79138146893697
0.79187899735076
0.79237607366065
0.79287269719710
0.79336886729111
0.79386458327421
0.79435984447848
0.79485465023655
0.79534899988158
0.79584289274729
0.79633632816794
0.79682930547836
0.79732182401390
0.79781388311048
0.79830548210456
0.79879662033316
0.79928729713386
0.79977751184480
0.80026726380465
0.80075655235266
0.80124537682864
0.80173373657296
0.80222163092653
0.80270905923085
0.80319602082797
0.80368251506051
0.80416854127164
0.80465409880513
0.80513918700529
0.80562380521699
0.80610795278571
0.80659162905747
0.80707483337887
0.80755756509709
0.80803982355987
0.80852160811554
0.80900291811301
0.80948375290175
0.80996411183182
0.81044399425387
0.81092339951911
0.81140232697934
0.81188077598696
0.81235874589494
0.81283623605683
0.81331324582678
0.81378977455952
0.81426582161037
0.81474138633525
0.81521646809066
0.81569106623369
0.81616518012203
0.81663880911396
0.81711195256837
0.81758460984473
0.81805678030312
0.81852846330420
0.81899965820925
0.81947036438015
0.81994058117936
0.82041030796997
0.82087954411566
0.82134828898073
0.82181654193006
0.82228430232916
0.82275156954414
0.82321834294173
0.82368462188925
0.82415040575465
0.82461569390649
0.82508048571394
0.82554478054678
0.82600857777542
0.82647187677088
0.82693467690480
0.82739697754944
0.82785877807767
0.82832007786299
0.82878087627954
0.82924117270204
0.82970096650588
0.83016025706706
0.83061904376219
0.83107732596853
0.83153510306397
0.83199237442700
0.83244913943678
0.83290539747308
0.83336114791630
0.83381639014750
0.83427112354835
0.83472534750115
0.83517906138888
0.83563226459510
0.83608495650406
0.83653713650063
0.83698880397032
0.83743995829928
0.83789059887431
0.83834072508286
0.83879033631301
0.83923943195351
0.83968801139373
0.84013607402372
0.84058361923416
0.84103064641638
0.84147715496236
0.84192314426476
0.84236861371686
0.84281356271261
0.84325799064663
0.84370189691417
0.84414528091115
0.84458814203417
0.84503047968046
0.84547229324792
0.84591358213512
0.84635434574130
0.84679458346633
0.84723429471080
0.84767347887591
0.84811213536357
0.84855026357634
0.84898786291745
0.84942493279080
0.84986147260097
0.85029748175321
0.85073295965343
0.85116790570825
0.85160231932491
0.85203619991139
0.85246954687629
0.85290235962894
0.85333463757931
0.85376638013806
0.85419758671656
0.85462825672683
0.85505838958158
0.85548798469421
0.85591704147882
0.85634555935017
0.85677353772372
0.85720097601562
0.85762787364272
0.85805423002254
0.85848004457330
0.85890531671393
0.85933004586402
0.85975423144389
0.86017787287453
0.86060096957764
0.86102352097562
0.86144552649155
0.86186698554923
0.86228789757316
0.86270826198853
0.86312807822124
0.86354734569789
0.86396606384579
0.86438423209295
0.86480184986810
0.86521891660065
0.86563543172075
0.86605139465924
0.86646680484768
0.86688166171833
0.86729596470418
0.86770971323892
0.86812290675696
0.86853554469342
0.86894762648414
0.86935915156569
0.86977011937534
0.87018052935108
0.87059038093163
0.87099967355643
0.87140840666563
0.87181657970013
0.87222419210153
0.87263124331215
0.87303773277506
0.87344365993405
0.87384902423363
0.87425382511903
0.87465806203624
0.87506173443195
0.87546484175360
0.87586738344936
0.87626935896813
0.87667076775954
0.87707160927397
0.87747188296252
0.87787158827705
0.87827072467013
0.87866929159508
0.87906728850598
0.87946471485763
0.87986157010556
0.88025785370609
0.88065356511623
0.88104870379377
0.88144326919723
0.88183726078588
0.88223067801975
0.88262352035960
0.88301578726695
0.88340747820407
0.88379859263398
0.88418913002046
0.88457908982801
0.88496847152194
0.88535727456827
0.88574549843379
0.88613314258606
0.88652020649337
0.88690668962480
0.88729259145016
0.88767791144005
0.88806264906580
0.88844680379953
0.88883037511412
0.88921336248319
0.88959576538116
0.88997758328318
0.89035881566519
0.89073946200390
0.89111952177678
0.89149899446207
0.89187787953878
0.89225617648670
0.89263388478637
0.89301100391914
0.89338753336710
0.89376347261313
0.89413882114089
0.89451357843480
0.89488774398008
0.89526131726271
0.89563429776947
0.89600668498789
0.89637847840630
0.89674967751382
0.89712028180034
0.89749029075654
0.89785970387387
0.89822852064460
0.89859674056174
0.89896436311913
0.89933138781137
0.89969781413386
0.90006364158280
0.90042886965515
0.90079349784870
0.90115752566201
0.90152095259443
0.90188377814611
0.90224600181802
0.90260762311187
0.90296864153023
0.90332905657642
0.90368886775458
0.90404807456965
0.90440667652736
0.90476467313426
0.90512206389767
0.90547884832575
0.90583502592743
0.90619059621248
0.90654555869143
0.90689991287567
0.90725365827735
0.90760679440946
0.90795932078577
0.90831123692089
0.90866254233023
0.90901323652998
0.90936331903720
0.90971278936972
0.91006164704619
0.91040989158608
0.91075752250969
0.91110453933812
0.91145094159328
0.91179672879790
0.91214190047556
0.91248645615062
0.91283039534828
0.91317371759455
0.91351642241628
0.91385850934112
0.91419997789757
0.91454082761493
0.91488105802333
0.91522066865375
0.91555965903796
0.91589802870858
0.91623577719906
0.91657290404368
0.91690940877752
0.91724529093654
0.91758055005749
0.91791518567798
0.91824919733643
0.91858258457212
0.91891534692514
0.91924748393643
0.91957899514777
0.91990988010176
0.92024013834185
0.92056976941234
0.92089877285834
0.92122714822583
0.92155489506161
0.92188201291334
0.92220850132950
0.92253435985944
0.92285958805334
0.92318418546222
0.92350815163796
0.92383148613327
0.92415418850172
0.92447625829773
0.92479769507655
0.92511849839431
0.92543866780796
0.92575820287532
0.92607710315506
0.92639536820670
0.92671299759061
0.92702999086801
0.92734634760100
0.92766206735250
0.92797714968632
0.92829159416710
0.92860540036036
0.92891856783247
0.92923109615065
0.92954298488300
0.92985423359846
0.93016484186685
0.93047480925883
0.93078413534596
0.93109281970062
0.93140086189610
0.93170826150651
0.93201501810686
0.93232113127301
0.93262660058170
0.93293142561053
0.93323560593796
0.93353914114335
0.93384203080690
0.93414427450968
0.93444587183367
0.93474682236168
0.93504712567742
0.93534678136547
0.93564578901126
0.93594414820113
0.93624185852228
0.93653891956280
0.93683533091163
0.93713109215861
0.93742620289446
0.93772066271078
0.93801447120003
0.93830762795558
0.93860013257167
0.93889198464341
0.93918318376681
0.93947372953877
0.93976362155705
0.94005285942032
0.94034144272812
0.94062937108089
0.94091664407994
0.94120326132749
0.94148922242663
0.94177452698135
0.94205917459654
0.94234316487795
0.94262649743225
0.94290917186699
0.94319118779062
0.94347254481249
0.94375324254281
0.94403328059273
0.94431265857428
0.94459137610036
0.94486943278481
0.94514682824233
0.94542356208855
0.94569963393998
0.94597504341403
0.94624979012903
0.94652387370418
0.94679729375960
0.94707004991631
0.94734214179625
0.94761356902222
0.94788433121798
0.94815442800815
0.94842385901827
0.94869262387480
0.94896072220509
0.94922815363741
0.94949491780092
0.94976101432571
0.95002644284277
0.95029120298400
0.95055529438221
0.95081871667112
0.95108146948537
0.95134355246050
0.95160496523299
0.95186570744019
0.95212577872041
0.95238517871285
0.95264390705763
0.95290196339578
0.95315934736927
0.95341605862096
0.95367209679465
0.95392746153505
0.95418215248778
0.95443616929939
0.95468951161736
0.95494217909008
0.95519417136686
0.95544548809795
0.95569612893449
0.95594609352857
0.95619538153321
0.95644399260234
0.95669192639081
0.95693918255441
0.95718576074986
0.95743166063479
0.95767688186777
0.95792142410830
0.95816528701680
0.95840847025464
0.95865097348409
0.95889279636838
0.95913393857165
0.95937439975898
0.95961417959639
0.95985327775083
0.96009169389017
0.96032942768324
0.96056647879977
0.96080284691047
0.96103853168695
0.96127353280176
0.96150784992842
0.96174148274135
0.96197443091592
0.96220669412844
0.96243827205618
0.96266916437732
0.96289937077098
0.96312889091726
0.96335772449716
0.96358587119263
0.96381333068659
0.96404010266288
0.96426618680628
0.96449158280252
0.96471629033829
0.96494030910121
0.96516363877985
0.96538627906372
0.96560822964330
0.96582949020998
0.96605006045614
0.96626994007508
0.96648912876106
0.96670762620929
0.96692543211593
0.96714254617808
0.96735896809382
0.96757469756214
0.96778973428303
0.96800407795739
0.96821772828710
0.96843068497500
0.96864294772485
0.96885451624140
0.96906539023034
0.96927556939832
0.96948505345294
0.96969384210277
0.96990193505733
0.97010933202709
0.97031603272350
0.97052203685895
0.97072734414679
0.97093195430134
0.97113586703789
0.97133908207266
0.97154159912286
0.97174341790666
0.97194453814316
0.97214495955248
0.97234468185565
0.97254370477469
0.97274202803258
0.97293965135327
0.97313657446167
0.97333279708366
0.97352831894608
0.97372313977674
0.97391725930441
0.97411067725886
0.97430339337079
0.97449540737188
0.97468671899479
0.97487732797314
0.97506723404152
0.97525643693551
0.97544493639162
0.97563273214737
0.97581982394124
0.97600621151269
0.97619189460212
0.97637687295095
0.97656114630154
0.97674471439724
0.97692757698236
0.97710973380222
0.97729118460308
0.97747192913218
0.97765196713775
0.97783129836900
0.97800992257610
0.97818783951021
0.97836504892346
0.97854155056897
0.97871734420084
0.97889242957413
0.97906680644489
0.97924047457017
0.97941343370797
0.97958568361730
0.97975722405812
0.97992805479140
0.98009817557908
0.98026758618408
0.98043628637031
0.98060427590267
0.98077155454703
0.98093812207025
0.98110397824018
0.98126912282565
0.98143355559648
0.98159727632346
0.98176028477839
0.98192258073405
0.98208416396419
0.98224503424358
0.98240519134795
0.98256463505403
0.98272336513954
0.98288138138319
0.98303868356467
0.98319527146467
0.98335114486486
0.98350630354792
0.98366074729751
0.98381447589827
0.98396748913585
0.98411978679689
0.98427136866901
0.98442223454083
0.98457238420198
0.98472181744305
0.98487053405565
0.98501853383238
0.98516581656684
0.98531238205360
0.98545823008826
0.98560336046739
0.98574777298856
0.98589146745036
0.98603444365234
0.98617670139509
0.98631824048015
0.98645906071010
0.98659916188850
0.98673854381990
0.98687720630986
0.98701514916495
0.98715237219272
0.98728887520174
0.98742465800155
0.98755972040272
0.98769406221681
0.98782768325639
0.98796058333501
0.98809276226724
0.98822421986866
0.98835495595583
0.98848497034633
0.98861426285874
0.98874283331263
0.98887068152860
0.98899780732823
0.98912421053412
0.98924989096987
0.98937484846008
0.98949908283036
0.98962259390733
0.98974538151862
0.98986744549284
0.98998878565964
0.99010940184966
0.99022929389454
0.99034846162696
0.99046690488056
0.99058462349003
0.99070161729105
0.99081788612031
0.99093342981550
0.99104824821535
0.99116234115956
0.99127570848887
0.99138835004502
0.99150026567075
0.99161145520983
0.99172191850703
0.99183165540813
0.99194066575993
0.99204894941022
0.99215650620784
0.99226333600261
0.99236943864537
0.99247481398798
0.99257946188331
0.99268338218525
0.99278657474868
0.99288903942952
0.99299077608469
0.99309178457214
0.99319206475080
0.99329161648067
0.99339043962271
0.99348853403892
0.99358589959233
0.99368253614695
0.99377844356784
0.99387362172106
0.99396807047369
0.99406178969382
0.99415477925056
0.99424703901406
0.99433856885545
0.99442936864690
0.99451943826159
0.99460877757373
0.99469738645853
0.99478526479223
0.99487241245209
0.99495882931639
0.99504451526442
0.99512947017650
0.99521369393395
0.99529718641914
0.99537994751544
0.99546197710724
0.99554327507996
0.99562384132004
0.99570367571492
0.99578277815309
0.99586114852405
0.99593878671831
0.99601569262742
0.99609186614394
0.99616730716146
0.99624201557458
0.99631599127894
0.99638923417118
0.99646174414899
0.99653352111106
0.99660456495710
0.99667487558788
0.99674445290515
0.99681329681170
0.99688140721135
0.99694878400895
0.99701542711035
0.99708133642243
0.99714651185313
0.99721095331136
0.99727466070709
0.99733763395131
0.99739987295602
0.99746137763427
0.99752214790012
0.99758218366865
0.99764148485597
0.99770005137923
0.99775788315660
0.99781498010725
0.99787134215141
0.99792696921032
0.99798186120625
0.99803601806250
0.99808943970338
0.99814212605426
0.99819407704151
0.99824529259253
0.99829577263575
0.99834551710063
0.99839452591767
0.99844279901837
0.99849033633527
0.99853713780195
0.99858320335300
0.99862853292405
0.99867312645176
0.99871698387380
0.99876010512889
0.99880249015676
0.99884413889819
0.99888505129497
0.99892522728993
0.99896466682693
0.99900336985083
0.99904133630757
0.99907856614408
0.99911505930834
0.99915081574934
0.99918583541711
0.99922011826272
0.99925366423826
0.99928647329684
0.99931854539262
0.99934988048077
0.99938047851750
0.99941033946006
0.99943946326672
0.99946784989676
0.99949549931053
0.99952241146938
0.99954858633571
0.99957402387294
0.99959872404552
0.99962268681893
0.99964591215969
0.99966840003534
0.99969015041445
0.99971116326664
0.99973143856253
0.99975097627380
0.99976977637315
0.99978783883431
0.99980516363203
0.99982175074211
0.99983760014138
0.99985271180768
0.99986708571991
0.99988072185798
0.99989362020284
0.99990578073647
0.99991720344189
0.99992788830313
0.99993783530527
0.99994704443441
0.99995551567770
0.99996324902330
0.99997024446041
0.99997650197927
0.99998202157114
0.99998680322831
0.99999084694412
0.99999415271291
0.99999672053009
0.99999855039206
0.99999964229630
0.99999999624128
0.99999961222651
0.99999849025255
0.99999663032099
0.99999403243442
0.99999069659650
0.99998662281189
0.99998181108631
0.99997626142650
0.99996997384023
0.99996294833629
0.99995518492452
0.99994668361579
0.99993744442199
0.99992746735605
0.99991675243194
0.99990529966464
0.99989310907017
0.99988018066559
0.99986651446899
0.99985211049948
0.99983696877721
0.99982108932336
0.99980447216014
0.99978711731080
0.99976902479960
0.99975019465185
0.99973062689390
0.99971032155309
0.99968927865784
0.99966749823757
0.99964498032273
0.99962172494483
0.99959773213638
0.99957300193094
0.99954753436308
0.99952132946842
0.99949438728361
0.99946670784631
0.99943829119524
0.99940913737013
0.99937924641174
0.99934861836187
0.99931725326335
0.99928515116004
0.99925231209681
0.99921873611959
0.99918442327532
0.99914937361197
0.99911358717856
0.99907706402512
0.99903980420270
0.99900180776341
0.99896307476038
0.99892360524774
0.99888339928069
0.99884245691543
0.99880077820920
0.99875836322028
0.99871521200795
0.99867132463256
0.99862670115544
0.99858134163898
0.99853524614660
0.99848841474274
0.99844084749285
0.99839254446344
0.99834350572204
0.99829373133718
0.99824322137846
0.99819197591647
0.99813999502286
0.99808727877027
0.99803382723241
0.99797964048399
0.99792471860074
0.99786906165944
0.99781266973788
0.99775554291488
0.99769768127030
0.99763908488501
0.99757975384090
0.99751968822091
0.99745888810899
0.99739735359011
0.99733508475028
0.99727208167653
0.99720834445691
0.99714387318050
0.99707866793741
0.99701272881875
0.99694605591670
0.99687864932442
0.99681050913612
0.99674163544702
0.99667202835337
0.99660168795245
0.99653061434255
0.99645880762299
0.99638626789412
0.99631299525731
0.99623898981494
0.99616425167043
0.99608878092821
0.99601257769374
0.99593564207350
0.99585797417499
0.99577957410673
0.99570044197827
0.99562057790018
0.99553998198404
0.99545865434246
0.99537659508906
0.99529380433851
0.99521028220648
0.99512602880964
0.99504104426571
0.99495532869343
0.99486888221254
0.99478170494381
0.99469379700903
0.99460515853101
0.99451578963358
0.99442569044157
0.99433486108086
0.99424330167832
0.99415101236186
0.99405799326039
0.99396424450384
0.99386976622317
0.99377455855035
0.99367862161836
0.99358195556120
0.99348456051389
0.99338643661247
0.99328758399398
0.99318800279649
0.99308769315909
0.99298665522187
0.99288488912593
0.99278239501342
0.99267917302745
0.99257522331220
0.99247054601283
0.99236514127551
0.99225900924745
0.99215215007685
0.99204456391294
0.99193625090594
0.99182721120710
0.99171744496869
0.99160695234397
0.99149573348722
0.99138378855373
0.99127111769981
0.99115772108278
0.99104359886095
0.99092875119366
0.99081317824126
0.99069688016511
0.99057985712755
0.99046210929198
0.99034363682276
0.99022443988530
0.99010451864598
0.98998387327222
0.98986250393242
0.98974041079602
0.98961759403343
0.98949405381609
0.98936979031645
0.98924480370794
0.98911909416503
0.98899266186318
0.98886550697884
0.98873762968948
0.98860903017359
0.98847970861063
0.98834966518110
0.98821890006647
0.98808741344923
0.98795520551287
0.98782227644190
0.98768862642181
0.98755425563909
0.98741916428125
0.98728335253679
0.98714682059521
0.98700956864702
0.98687159688372
0.98673290549781
0.98659349468281
0.98645336463322
0.98631251554453
0.98617094761325
0.98602866103688
0.98588565601392
0.98574193274387
0.98559749142721
0.98545233226544
0.98530645546105
0.98515986121752
0.98501254973932
0.98486452123194
0.98471577590184
0.98456631395649
0.98441613560434
0.98426524105486
0.98411363051849
0.98396130420668
0.98380826233184
0.98365450510742
0.98350003274783
0.98334484546849
0.98318894348579
0.98303232701713
0.98287499628090
0.98271695149647
0.98255819288420
0.98239872066545
0.98223853506258
0.98207763629890
0.98191602459874
0.98175370018741
0.98159066329121
0.98142691413743
0.98126245295433
0.98109727997118
0.98093139541822
0.98076479952668
0.98059749252878
0.98042947465772
0.98026074614768
0.98009130723384
0.97992115815234
0.97975029914033
0.97957873043592
0.97940645227822
0.97923346490731
0.97905976856426
0.97888536349111
0.97871024993090
0.97853442812763
0.97835789832628
0.97818066077284
0.97800271571424
0.97782406339842
0.97764470407427
0.97746463799168
0.97728386540150
0.97710238655558
0.97692020170673
0.97673731110874
0.97655371501637
0.97636941368536
0.97618440737243
0.97599869633526
0.97581228083253
0.97562516112386
0.97543733746986
0.97524881013212
0.97505957937320
0.97486964545661
0.97467900864686
0.97448766920941
0.97429562741070
0.97410288351814
0.97390943780010
0.97371529052593
0.97352044196595
0.97332489239143
0.97312864207463
0.97293169128877
0.97273404030802
0.97253568940753
0.97233663886342
0.97213688895278
0.97193643995364
0.97173529214500
0.97153344580686
0.97133090122013
0.97112765866672
0.97092371842948
0.97071908079225
0.97051374603979
0.97030771445786
0.97010098633316
0.96989356195334
0.96968544160705
0.96947662558384
0.96926711417427
0.96905690766983
0.96884600636297
0.96863441054711
0.96842212051662
0.96820913656680
0.96799545899395
0.96778108809530
0.96756602416902
0.96735026751427
0.96713381843113
0.96691667722066
0.96669884418484
0.96648031962662
0.96626110384992
0.96604119715957
0.96582059986138
0.96559931226209
0.96537733466942
0.96515466739199
0.96493131073941
0.96470726502223
0.96448253055192
0.96425710764092
0.96403099660262
0.96380419775134
0.96357671140235
0.96334853787186
0.96311967747703
0.96289013053597
0.96265989736770
0.96242897829223
0.96219737363047
0.96196508370430
0.96173210883651
0.96149844935085
0.96126410557201
0.96102907782562
0.96079336643822
0.96055697173734
0.96031989405138
0.96008213370974
0.95984369104272
0.95960456638155
0.95936476005842
0.95912427240643
0.95888310375964
0.95864125445301
0.95839872482245
0.95815551520481
0.95791162593786
0.95766705736029
0.95742180981175
0.95717588363278
0.95692927916488
0.95668199675047
0.95643403673289
0.95618539945641
0.95593608526623
0.95568609450847
0.95543542753019
0.95518408467934
0.95493206630484
0.95467937275650
0.95442600438507
0.95417196154220
0.95391724458048
0.95366185385342
0.95340578971546
0.95314905252192
0.95289164262908
0.95263356039413
0.95237480617516
0.95211538033120
0.95185528322217
0.95159451520893
0.95133307665324
0.95107096791779
0.95080818936617
0.95054474136289
0.95028062427337
0.95001583846394
0.94975038430184
0.94948426215524
0.94921747239320
0.94895001538568
0.94868189150358
0.94841310111869
0.94814364460370
0.94787352233223
0.94760273467878
0.94733128201878
0.94705916472854
0.94678638318530
0.94651293776719
0.94623882885324
0.94596405682339
0.94568862205847
0.94541252494024
0.94513576585132
0.94485834517525
0.94458026329649
0.94430152060036
0.94402211747310
0.94374205430184
0.94346133147462
0.94317994938035
0.94289790840885
0.94261520895085
0.94233185139794
0.94204783614263
0.94176316357831
0.94147783409927
0.94119184810068
0.94090520597861
0.94061790813002
0.94032995495274
0.94004134684552
0.93975208420797
0.93946216744060
0.93917159694480
0.93888037312287
0.93858849637794
0.93829596711409
0.93800278573623
0.93770895265019
0.93741446826266
0.93711933298121
0.93682354721431
0.93652711137129
0.93623002586237
0.93593229109864
0.93563390749209
0.93533487545556
0.93503519540277
0.93473486774833
0.93443389290772
0.93413227129729
0.93383000333427
0.93352708943675
0.93322353002369
0.93291932551495
0.93261447633124
0.93230898289413
0.93200284562608
0.93169606495041
0.93138864129130
0.93108057507381
0.93077186672385
0.93046251666822
0.93015252533456
0.92984189315138
0.92953062054807
0.92921870795486
0.92890615580285
0.92859296452402
0.92827913455117
0.92796466631800
0.92764956025904
0.92733381680969
0.92701743640621
0.92670041948572
0.92638276648617
0.92606447784640
0.92574555400608
0.92542599540574
0.92510580248677
0.92478497569141
0.92446351546273
0.92414142224469
0.92381869648205
0.92349533862047
0.92317134910643
0.92284672838725
0.92252147691112
0.92219559512705
0.92186908348493
0.92154194243546
0.92121417243019
0.92088577392154
0.92055674736273
0.92022709320786
0.91989681191184
0.91956590393044
0.91923436972025
0.91890220973873
0.91856942444414
0.91823601429559
0.91790197975305
0.91756732127727
0.91723203932990
0.91689613437337
0.91655960687097
0.91622245728682
0.91588468608586
0.91554629373385
0.91520728069742
0.91486764744400
0.91452739444183
0.91418652216002
0.91384503106847
0.91350292163792
0.91316019433994
0.91281684964691
0.91247288803205
0.91212830996938
0.91178311593375
0.91143730640085
0.91109088184715
0.91074384274998
0.91039618958746
0.91004792283853
0.90969904298297
0.90934955050134
0.90899944587504
0.90864872958627
0.90829740211805
0.90794546395421
0.90759291557940
0.90723975747906
0.90688599013946
0.90653161404767
0.90617662969157
0.90582103755983
0.90546483814196
0.90510803192824
0.90475061940979
0.90439260107850
0.90403397742708
0.90367474894904
0.90331491613870
0.90295447949115
0.90259343950232
0.90223179666891
0.90186955148843
0.90150670445918
0.90114325608026
0.90077920685157
0.90041455727378
0.90004930784840
0.89968345907768
0.89931701146469
0.89894996551330
0.89858232172815
0.89821408061467
0.89784524267909
0.89747580842842
0.89710577837046
0.89673515301379
0.89636393286778
0.89599211844257
0.89561971024912
0.89524670879912
0.89487311460509
0.89449892818029
0.89412415003879
0.89374878069542
0.89337282066579
0.89299627046630
0.89261913061412
0.89224140162718
0.89186308402420
0.89148417832466
0.89110468504883
0.89072460471775
0.89034393785321
0.88996268497778
0.88958084661482
0.88919842328842
0.88881541552346
0.88843182384558
0.88804764878120
0.88766289085748
0.88727755060235
0.88689162854452
0.88650512521344
0.88611804113933
0.88573037685317
0.88534213288670
0.88495330977240
0.88456390804354
0.88417392823412
0.88378337087891
0.88339223651342
0.88300052567391
0.88260823889742
0.88221537672172
0.88182193968534
0.88142792832754
0.88103334318835
0.88063818480854
0.88024245372963
0.87984615049387
0.87944927564429
0.87905182972463
0.87865381327938
0.87825522685378
0.87785607099381
0.87745634624620
0.87705605315838
0.87665519227857
0.87625376415570
0.87585176933943
0.87544920838017
0.87504608182907
0.87464239023798
0.87423813415953
0.87383331414705
0.87342793075460
0.87302198453699
0.87261547604974
0.87220840584911
0.87180077449208
0.87139258253636
0.87098383054039
0.87057451906331
0.87016464866502
0.86975421990610
0.86934323334790
0.86893168955245
0.86851958908251
0.86810693250157
0.86769372037383
0.86727995326420
0.86686563173831
0.86645075636251
0.86603532770386
0.86561934633013
0.86520281280981
0.86478572771207
0.86436809160684
0.86394990506472
0.86353116865703
0.86311188295579
0.86269204853374
0.86227166596432
0.86185073582166
0.86142925868061
0.86100723511672
0.86058466570622
0.86016155102606
0.85973789165389
0.85931368816804
0.85888894114757
0.85846365117219
0.85803781882234
0.85761144467915
0.85718452932442
0.85675707334068
0.85632907731110
0.85590054181959
0.85547146745071
0.85504185478974
0.85461170442263
0.85418101693601
0.85374979291720
0.85331803295422
0.85288573763574
0.85245290755115
0.85201954329049
0.85158564544449
0.85115121460457
0.85071625136281
0.85028075631197
0.84984473004550
0.84940817315751
0.84897108624279
0.84853346989680
0.84809532471568
0.84765665129622
0.84721745023590
0.84677772213286
0.84633746758592
0.84589668719454
0.84545538155888
0.84501355127972
0.84457119695856
0.84412831919750
0.84368491859936
0.84324099576758
0.84279655130628
0.84235158582022
0.84190609991484
0.84146009419622
0.84101356927110
0.84056652574687
0.84011896423159
0.83967088533394
0.83922228966329
0.83877317782964
0.83832355044362
0.83787340811654
0.83742275146035
0.83697158108763
0.83651989761162
0.83606770164620
0.83561499380588
0.83516177470584
0.83470804496187
0.83425380519042
0.83379905600857
0.83334379803404
0.83288803188519
0.83243175818099
0.83197497754109
0.83151769058574
0.83105989793583
0.83060160021288
0.83014279803903
0.82968349203709
0.82922368283044
0.82876337104313
0.82830255729982
0.82784124222579
0.82737942644695
0.82691711058984
0.82645429528160
0.82599098115002
0.82552716882348
0.82506285893100
0.82459805210221
0.82413274896735
0.82366695015727
0.82320065630347
0.82273386803801
0.82226658599361
0.82179881080356
0.82133054310180
0.82086178352285
0.82039253270183
0.81992279127451
0.81945255987721
0.81898183914690
0.81851062972113
0.81803893223806
0.81756674733643
0.81709407565562
0.81662091783558
0.81614727451686
0.81567314634061
0.81519853394859
0.81472343798312
0.81424785908715
0.81377179790420
0.81329525507839
0.81281823125443
0.81234072707762
0.81186274319383
0.81138428024955
0.81090533889183
0.81042591976831
0.80994602352721
0.80946565081735
0.80898480228811
0.80850347858947
0.80802168037197
0.80753940828673
0.80705666298547
0.80657344512046
0.80608975534455
0.80560559431117
0.80512096267432
0.80463586108857
0.80415029020907
0.80366425069152
0.80317774319220
0.80269076836795
0.80220332687619
0.80171541937490
0.80122704652260
0.80073820897841
0.80024890740197
0.79975914245353
0.79926891479386
0.79877822508429
0.79828707398672
0.79779546216362
0.79730339027797
0.79681085899334
0.79631786897385
0.79582442088416
0.79533051538948
0.79483615315557
0.79434133484874
0.79384606113585
0.79335033268430
0.79285415016204
0.79235751423755
0.79186042557987
0.79136288485857
0.79086489274376
0.79036644990610
0.78986755701677
0.78936821474749
0.78886842377053
0.78836818475868
0.78786749838527
0.78736636532415
0.78686478624972
0.78636276183690
0.78586029276112
0.78535737969838
0.78485402332517
0.78435022431851
0.78384598335595
0.78334130111557
0.78283617827596
0.78233061551624
0.78182461351603
0.78131817295550
0.78081129451530
0.78030397887662
0.77979622672116
0.77928803873114
0.77877941558927
0.77827035797880
0.77776086658346
0.77725094208752
0.77674058517573
0.77622979653336
0.77571857684619
0.77520692680049
0.77469484708305
0.77418233838115
0.77366940138256
0.77315603677559
0.77264224524899
0.77212802749206
0.77161338419457
0.77109831604679
0.77058282373948
0.77006690796389
0.76955056941177
0.76903380877537
0.76851662674740
0.76799902402108
0.76748100129011
0.76696255924868
0.76644369859146
0.76592442001359
0.76540472421072
0.76488461187896
0.76436408371490
0.76384314041563
0.76332178267869
0.76280001120211
0.76227782668439
0.76175522982450
0.76123222132191
0.76070880187652
0.76018497218872
0.75966073295939
0.75913608488983
0.75861102868185
0.75808556503770
0.75755969466011
0.75703341825227
0.75650673651781
0.75597965016086
0.75545215988597
0.75492426639817
0.75439597040296
0.75386727260626
0.75333817371447
0.75280867443444
0.75227877547347
0.75174847753931
0.75121778134016
0.75068668758467
0.75015519698193
0.74962331024150
0.74909102807336
0.74855835118794
0.74802528029612
0.74749181610922
0.74695795933899
0.74642371069762
0.74588907089777
0.74535404065248
0.74481862067528
0.74428281168011
0.74374661438133
0.74321002949376
0.74267305773262
0.74213569981360
0.74159795645278
0.74105982836669
0.74052131627226
0.73998242088689
0.73944314292835
0.73890348311488
0.73836344216511
0.73782302079810
0.73728221973332
0.73674103969068
0.73619948139048
0.73565754555346
0.73511523290075
0.73457254415390
0.73402948003489
0.73348604126608
0.73294222857026
0.73239804267062
0.73185348429076
0.73130855415468
0.73076325298679
0.73021758151190
0.72967154045523
0.72912513054237
0.72857835249935
0.72803120705258
0.72748369492886
0.72693581685539
0.72638757355977
0.72583896576998
0.72528999421442
0.72474065962185
0.72419096272143
0.72364090424271
0.72309048491563
0.72253970547051
0.72198856663806
0.72143706914937
0.72088521373590
0.72033300112951
0.71978043206244
0.71922750726730
0.71867422747706
0.71812059342510
0.71756660584516
0.71701226547135
0.71645757303814
0.71590252928040
0.71534713493336
0.71479139073260
0.71423529741408
0.71367885571414
0.71312206636946
0.71256493011710
0.71200744769448
0.71144961983937
0.71089144728992
0.71033293078461
0.70977407106232
0.70921486886224
0.70865532492394
0.70809543998735
0.70753521479273
0.70697465008070
0.70641374659224
0.70585250506868
0.70529092625167
0.70472901088325
0.70416675970575
0.70360417346190
0.70304125289473
0.70247799874764
0.70191441176435
0.70135049268893
0.70078624226578
0.70022166123964
0.69965675035560
0.69909151035905
0.69852594199574
0.69796004601175
0.69739382315347
0.69682727416764
0.69626039980131
0.69569320080188
0.69512567791706
0.69455783189487
0.69398966348367
0.69342117343216
0.69285236248931
0.69228323140445
0.69171378092722
0.69114401180756
0.69057392479575
0.69000352064235
0.68943280009827
0.68886176391471
0.68829041284318
0.68771874763550
0.68714676904380
0.68657447782052
0.68600187471841
0.68542896049049
0.68485573589013
0.68428220167098
0.68370835858697
0.68313420739235
0.68255974884168
0.68198498368979
0.68140991269182
0.68083453660320
0.68025885617964
0.67968287217717
0.67910658535208
0.67852999646097
0.67795310626071
0.67737591550847
0.67679842496170
0.67622063537814
0.67564254751579
0.67506416213296
0.67448547998822
0.67390650184042
0.67332722844870
0.67274766057248
0.67216779897141
0.67158764440548
0.67100719763490
0.67042645942017
0.66984543052207
0.66926411170163
0.66868250372015
0.66810060733921
0.66751842332064
0.66693595242654
0.66635319541926
0.66577015306144
0.66518682611595
0.66460321534594
0.66401932151478
0.66343514538615
0.66285068772394
0.66226594929232
0.66168093085569
0.66109563317871
0.66051005702631
0.65992420316363
0.65933807235609
0.65875166536933
0.65816498296925
0.65757802592199
0.65699079499394
0.65640329095170
0.65581551456215
0.65522746659238
0.65463914780972
0.65405055898175
0.65346170087626
0.65287257426131
0.65228317990515
0.65169351857628
0.65110359104343
0.65051339807557
0.64992294044186
0.64933221891172
0.64874123425477
0.64814998724088
0.64755847864011
0.64696670922276
0.64637467975935
0.64578239102061
0.64518984377747
0.64459703880112
0.64400397686291
0.64341065873445
0.64281708518753
0.64222325699415
0.64162917492655
0.64103483975713
0.64044025225854
0.63984541320362
0.63925032336539
0.63865498351710
0.63805939443219
0.63746355688431
0.63686747164729
0.63627113949518
0.63567456120220
0.63507773754279
0.63448066929156
0.63388335722333
0.63328580211309
0.63268800473605
0.63208996586759
0.63149168628326
0.63089316675883
0.63029440807023
0.62969541099358
0.62909617630518
0.62849670478152
0.62789699719925
0.62729705433522
0.62669687696644
0.62609646587011
0.62549582182357
0.62489494560439
0.62429383799025
0.62369249975905
0.62309093168882
0.62248913455779
0.62188710914433
0.62128485622700
0.62068237658450
0.62007967099571
0.61947674023965
0.61887358509553
0.61827020634269
0.61766660476064
0.61706278112906
0.61645873622775
0.61585447083669
0.61524998573601
0.61464528170599
0.61404035952705
0.61343521997976
0.61282986384484
0.61222429190317
0.61161850493575
0.61101250372374
0.61040628904843
0.60979986169126
0.60919322243381
0.60858637205779
0.60797931134505
0.60737204107758
0.60676456203749
0.60615687500705
0.60554898076863
0.60494088010475
0.60433257379805
0.60372406263131
0.60311534738742
0.60250642884941
0.60189730780041
0.60128798502371
0.60067846130269
0.60006873742087
0.59945881416187
0.59884869230943
0.59823837264743
0.59762785595983
0.59701714303073
0.59640623464434
0.59579513158497
0.59518383463703
0.59457234458507
0.59396066221372
0.59334878830773
0.59273672365195
0.59212446903132
0.59151202523092
0.59089939303588
0.59028657323147
0.58967356660303
0.58906037393603
0.58844699601600
0.58783343362858
0.58721968755951
0.58660575859460
0.58599164751979
0.58537735512105
0.58476288218450
0.58414822949630
0.58353339784273
0.58291838801012
0.58230320078490
0.58168783695359
0.58107229730278
0.58045658261914
0.57984069368941
0.57922463130042
0.57860839623906
0.57799198929232
0.57737541124723
0.57675866289090
0.57614174501053
0.57552465839336
0.57490740382673
0.57428998209800
0.57367239399464
0.57305464030417
0.57243672181415
0.57181863931222
0.57120039358609
0.57058198542350
0.56996341561227
0.56934468494027
0.56872579419542
0.56810674416569
0.56748753563911
0.56686816940376
0.56624864624776
0.56562896695930
0.56500913232658
0.56438914313788
0.56376900018151
0.56314870424581
0.56252825611920
0.56190765659009
0.56128690644697
0.56066600647834
0.56004495747276
0.55942376021880
0.55880241550508
0.55818092412026
0.55755928685301
0.55693750449204
0.55631557782610
0.55569350764394
0.55507129473437
0.55444893988619
0.55382644388825
0.55320380752942
0.55258103159857
0.55195811688461
0.55133506417646
0.55071187426307
0.55008854793338
0.54946508597636
0.54884148918100
0.54821775833630
0.54759389423125
0.54696989765488
0.54634576939621
0.54572151024426
0.54509712098807
0.54447260241668
0.54384795531914
0.54322318048449
0.54259827870177
0.54197325076003
0.54134809744831
0.54072281955564
0.54009741787107
0.53947189318362
0.53884624628231
0.53822047795616
0.53759458899416
0.53696858018531
0.53634245231859
0.53571620618296
0.53508984256737
0.53446336226076
0.53383676605204
0.53321005473012
0.53258322908388
0.53195628990216
0.53132923797380
0.53070207408762
0.53007479903240
0.52944741359689
0.52881991856984
0.52819231473995
0.52756460289588
0.52693678382627
0.52630885831974
0.52568082716487
0.52505269115018
0.52442445106418
0.52379610769534
0.52316766183209
0.52253911426280
0.52191046577582
0.52128171715945
0.52065286920195
0.52002392269152
0.51939487841635
0.51876573716453
0.51813649972413
0.51750716688318
0.51687773942964
0.51624821815141
0.51561860383636
0.51498889727229
0.51435909924693
0.51372921054799
0.51309923196308
0.51246916427977
0.51183900828557
0.51120876476792
0.51057843451419
0.50994801831169
0.50931751694767
0.50868693120930
0.50805626188370
0.50742550975789
0.50679467561883
0.50616376025343
0.50553276444848
0.50490168899074
0.50427053466686
0.50363930226343
0.50300799256695
0.50237660636384
0.50174514444045
0.50111360758302
0.50048199657775
0.49985031221070
0.49921855526789
0.49858672653521
0.49795482679850
0.49732285684348
0.49669081745579
0.49605870942097
0.49542653352448
0.49479429055167
0.49416198128778
0.49352960651799
0.49289716702734
0.49226466360080
0.49163209702322
0.49099946807935
0.49036677755383
0.48973402623120
0.48910121489590
0.48846834433225
0.48783541532446
0.48720242865664
0.48656938511277
0.48593628547674
0.48530313053230
0.48466992106309
0.48403665785266
0.48340334168440
0.48276997334161
0.48213655360745
0.48150308326497
0.48086956309710
0.48023599388662
0.47960237641622
0.47896871146843
0.47833499982567
0.47770124227022
0.47706743958424
0.47643359254976
0.47579970194865
0.47516576856268
0.47453179317345
0.47389777656246
0.47326371951103
0.47262962280037
0.47199548721155
0.47136131352548
0.47072710252292
0.47009285498453
0.46945857169076
0.46882425342197
0.46818990095834
0.46755551507990
0.46692109656655
0.46628664619802
0.46565216475388
0.46501765301357
0.46438311175635
0.46374854176134
0.46311394380749
0.46247931867360
0.46184466713830
0.46120998998006
0.46057528797719
0.45994056190783
0.45930581254996
0.45867104068140
0.45803624707977
0.45740143252256
0.45676659778707
0.45613174365043
0.45549687088959
0.45486198028134
0.45422707260227
0.45359214862883
0.45295720913726
0.45232225490364
0.45168728670384
0.45105230531360
0.45041731150842
0.44978230606365
0.44914728975445
0.44851226335578
0.44787722764244
0.44724218338900
0.44660713136988
0.44597207235927
0.44533700713121
0.44470193645950
0.44406686111779
0.44343178187949
0.44279669951785
0.44216161480590
0.44152652851647
0.44089144142219
0.44025635429549
0.43962126790861
0.43898618303356
0.43835110044215
0.43771602090599
0.43708094519649
0.43644587408482
0.43581080834197
0.43517574873871
0.43454069604557
0.43390565103290
0.43327061447083
0.43263558712924
0.43200056977784
0.43136556318607
0.43073056812319
0.43009558535822
0.42946061565996
0.42882565979698
0.42819071853763
0.42755579265003
0.42692088290208
0.42628599006144
0.42565111489554
0.42501625817159
0.42438142065655
0.42374660311716
0.42311180631992
0.42247703103110
0.42184227801671
0.42120754804255
0.42057284187416
0.41993816027685
0.41930350401567
0.41866887385546
0.41803427056077
0.41739969489595
0.41676514762506
0.41613062951194
0.41549614132018
0.41486168381310
0.41422725775379
0.41359286390507
0.41295850302951
0.41232417588942
0.41168988324687
0.41105562586366
0.41042140450133
0.40978721992116
0.40915307288416
0.40851896415111
0.40788489448248
0.40725086463850
0.40661687537915
0.40598292746410
0.40534902165280
0.40471515870438
0.40408133937774
0.40344756443148
0.40281383462395
0.40218015071321
0.40154651345705
0.40091292361297
0.40027938193821
0.39964588918972
0.39901244612418
0.39837905349798
0.39774571206722
0.39711242258773
0.39647918581505
0.39584600250443
0.39521287341083
0.39457979928893
0.39394678089312
0.39331381897750
0.39268091429585
0.39204806760171
0.39141527964827
0.39078255118846
0.39014988297490
0.38951727575991
0.38888473029553
0.38825224733347
0.38761982762515
0.38698747192170
0.38635518097393
0.38572295553236
0.38509079634718
0.38445870416830
0.38382667974530
0.38319472382747
0.38256283716376
0.38193102050285
0.38129927459307
0.38066760018244
0.38003599801869
0.37940446884921
0.37877301342107
0.37814163248104
0.37751032677556
0.37687909705075
0.37624794405239
0.37561686852597
0.37498587121663
0.37435495286920
0.37372411422816
0.37309335603769
0.37246267904161
0.37183208398345
0.37120157160638
0.37057114265323
0.36994079786651
0.36931053798841
0.36868036376075
0.36805027592504
0.36742027522244
0.36679036239378
0.36616053817952
0.36553080331982
0.36490115855448
0.36427160462293
0.36364214226429
0.36301277221733
0.36238349522045
0.36175431201172
0.36112522332886
0.36049622990922
0.35986733248983
0.35923853180734
0.35860982859805
0.35798122359792
0.35735271754254
0.35672431116714
0.35609600520660
0.35546780039544
0.35483969746780
0.35421169715750
0.35358380019794
0.35295600732221
0.35232831926300
0.35170073675264
0.35107326052310
0.35044589130598
0.34981862983250
0.34919147683352
0.34856443303953
0.34793749918062
0.34731067598655
0.34668396418666
0.34605736450995
0.34543087768502
0.34480450444009
0.34417824550301
0.34355210160125
0.34292607346190
0.34230016181164
0.34167436737681
0.34104869088332
0.34042313305673
0.33979769462219
0.33917237630446
0.33854717882793
0.33792210291658
0.33729714929400
0.33667231868340
0.33604761180758
0.33542302938895
0.33479857214954
0.33417424081095
0.33355003609440
0.33292595872072
0.33230200941033
0.33167818888323
0.33105449785904
0.33043093705697
0.32980750719583
0.32918420899401
0.32856104316950
0.32793801043988
0.32731511152233
0.32669234713361
0.32606971799006
0.32544722480763
0.32482486830183
0.32420264918778
0.32358056818017
0.32295862599327
0.32233682334093
0.32171516093661
0.32109363949331
0.32047225972362
0.31985102233973
0.31922992805339
0.31860897757591
0.31798817161820
0.31736751089073
0.31674699610354
0.31612662796626
0.31550640718807
0.31488633447772
0.31426641054353
0.31364663609340
0.31302701183479
0.31240753847470
0.31178821671973
0.31116904727603
0.31055003084930
0.30993116814481
0.30931245986739
0.30869390672142
0.30807550941086
0.30745726863919
0.30683918510948
0.30622125952434
0.30560349258593
0.30498588499597
0.30436843745571
0.30375115066598
0.30313402532714
0.30251706213911
0.30190026180135
0.30128362501285
0.30066715247218
0.30005084487742
0.29943470292622
0.29881872731575
0.29820291874273
0.29758727790342
0.29697180549362
0.29635650220866
0.29574136874342
0.29512640579230
0.29451161404924
0.29389699420772
0.29328254696075
0.29266827300086
0.29205417302013
0.29144024771014
0.29082649776204
0.29021292386646
0.28959952671360
0.28898630699316
0.28837326539436
0.28776040260596
0.28714771931624
0.28653521621299
0.28592289398352
0.28531075331468
0.28469879489281
0.28408701940378
0.28347542753299
0.28286401996532
0.28225279738521
0.28164176047657
0.28103090992285
0.28042024640700
0.27980977061148
0.27919948321826
0.27858938490882
0.27797947636414
0.27736975826472
0.27676023129056
0.27615089612114
0.27554175343549
0.27493280391210
0.27432404822897
0.27371548706362
0.27310712109306
0.27249895099378
0.27189097744179
0.27128320111257
0.27067562268114
0.27006824282196
0.26946106220903
0.26885408151580
0.26824730141525
0.26764072257983
0.26703434568147
0.26642817139160
0.26582220038115
0.26521643332052
0.26461087087959
0.26400551372774
0.26340036253383
0.26279541796618
0.26219068069263
0.26158615138046
0.26098183069647
0.26037771930690
0.25977381787750
0.25917012707347
0.25856664755950
0.25796337999975
0.25736032505787
0.25675748339694
0.25615485567957
0.25555244256779
0.25495024472312
0.25434826280656
0.25374649747856
0.25314494939904
0.25254361922740
0.25194250762248
0.25134161524261
0.25074094274557
0.25014049078860
0.24954026002840
0.24894025112114
0.24834046472244
0.24774090148739
0.24714156207053
0.24654244712585
0.24594355730680
0.24534489326629
0.24474645565668
0.24414824512978
0.24355026233685
0.24295250792862
0.24235498255523
0.24175768686632
0.24116062151094
0.24056378713759
0.23996718439424
0.23937081392828
0.23877467638655
0.23817877241536
0.23758310266041
0.23698766776689
0.23639246837941
0.23579750514201
0.23520277869820
0.23460828969089
0.23401403876245
0.23342002655469
0.23282625370884
0.23223272086556
0.23163942866497
0.23104637774659
0.23045356874939
0.22986100231178
0.22926867907158
0.22867659966604
0.22808476473184
0.22749317490511
0.22690183082136
0.22631073311558
0.22571988242213
0.22512927937483
0.22453892460690
0.22394881875101
0.22335896243922
0.22276935630303
0.22218000097335
0.22159089708050
0.22100204525424
0.22041344612372
0.21982510031752
0.21923700846363
0.21864917118946
0.21806158912183
0.21747426288696
0.21688719311049
0.21630038041748
0.21571382543239
0.21512752877907
0.21454149108080
0.21395571296027
0.21337019503956
0.21278493794015
0.21219994228295
0.21161520868825
0.21103073777576
0.21044653016456
0.20986258647316
0.20927890731946
0.20869549332076
0.20811234509375
0.20752946325453
0.20694684841859
0.20636450120080
0.20578242221545
0.20520061207621
0.20461907139614
0.20403780078770
0.20345680086273
0.20287607223247
0.20229561550754
0.20171543129796
0.20113552021313
0.20055588286183
0.19997651985224
0.19939743179192
0.19881861928780
0.19824008294621
0.19766182337287
0.19708384117285
0.19650613695063
0.19592871131005
0.19535156485435
0.19477469818612
0.19419811190736
0.19362180661942
0.19304578292304
0.19247004141833
0.19189458270477
0.19131940738122
0.19074451604590
0.19016990929643
0.18959558772977
0.18902155194226
0.18844780252962
0.18787434008691
0.18730116520860
0.18672827848848
0.18615568051975
0.18558337189494
0.18501135320595
0.18443962504407
0.18386818799992
0.18329704266350
0.18272618962416
0.18215562947062
0.18158536279096
0.18101539017260
0.18044571220235
0.17987632946634
0.17930724255009
0.17873845203844
0.17816995851562
0.17760176256519
0.17703386477008
0.17646626571254
0.17589896597422
0.17533196613608
0.17476526677845
0.17419886848100
0.17363277182274
0.17306697738206
0.17250148573665
0.17193629746360
0.17137141313929
0.17080683333948
0.17024255863926
0.16967858961308
0.16911492683470
0.16855157087724
0.16798852231317
0.16742578171428
0.16686334965172
0.16630122669595
0.16573941341679
0.16517791038339
0.16461671816423
0.16405583732714
0.16349526843927
0.16293501206711
0.16237506877647
0.16181543913251
0.16125612369972
0.16069712304190
0.16013843772220
0.15958006830310
0.15902201534639
0.15846427941321
0.15790686106400
0.15734976085855
0.15679297935597
0.15623651711468
0.15568037469244
0.15512455264632
0.15456905153273
0.15401387190738
0.15345901432532
0.15290447934091
0.15235026750783
0.15179637937907
0.15124281550697
0.15068957644314
0.15013666273854
0.14958407494343
0.14903181360740
0.14847987927934
0.14792827250746
0.14737699383929
0.14682604382164
0.14627542300068
0.14572513192185
0.14517517112991
0.14462554116895
0.14407624258234
0.14352727591278
0.14297864170226
0.14243034049209
0.14188237282286
0.14133473923451
0.14078744026624
0.14024047645658
0.13969384834334
0.13914755646367
0.13860160135398
0.13805598355000
0.13751070358677
0.13696576199860
0.13642115931913
0.13587689608127
0.13533297281725
0.13478939005860
0.13424614833611
0.13370324817990
0.13316069011937
0.13261847468322
0.13207660239944
0.13153507379530
0.13099388939740
0.13045304973158
0.12991255532300
0.12937240669612
0.12883260437466
0.12829314888164
0.12775404073938
0.12721528046947
0.12667686859280
0.12613880562953
0.12560109209912
0.12506372852031
0.12452671541112
0.12399005328885
0.12345374267009
0.12291778407071
0.12238217800587
0.12184692498998
0.12131202553677
0.12077748015921
0.12024328936959
0.11970945367944
0.11917597359958
0.11864284964012
0.11811008231043
0.11757767211916
0.11704561957424
0.11651392518286
0.11598258945150
0.11545161288590
0.11492099599107
0.11439073927131
0.11386084323017
0.11333130837049
0.11280213519436
0.11227332420314
0.11174487589748
0.11121679077727
0.11068906934169
0.11016171208918
0.10963471951742
0.10910809212340
0.10858183040335
0.10805593485275
0.10753040596636
0.10700524423822
0.10648045016160
0.10595602422904
0.10543196693236
0.10490827876262
0.10438496021014
0.10386201176451
0.10333943391456
0.10281722714842
0.10229539195341
0.10177392881618
0.10125283822258
0.10073212065773
0.10021177660603
0.09969180655110
0.09917221097584
0.09865299036238
0.09813414519212
0.09761567594570
0.09709758310302
0.09657986714324
0.09606252854474
0.09554556778517
0.09502898534143
0.09451278168967
0.09399695730527
0.09348151266288
0.09296644823639
0.09245176449891
0.09193746192284
0.09142354097979
0.09091000214064
0.09039684587548
0.08988407265369
0.08937168294384
0.08885967721379
0.08834805593061
0.08783681956062
0.08732596856938
0.08681550342171
0.08630542458162
0.08579573251242
0.08528642767661
0.08477751053594
0.08426898155142
0.08376084118327
0.08325308989096
0.08274572813318
0.08223875636787
0.08173217505221
0.08122598464259
0.08072018559465
0.08021477836327
0.07970976340254
0.07920514116580
0.07870091210561
0.07819707667377
0.07769363532130
0.07719058849846
0.07668793665474
0.07618568023884
0.07568381969871
0.07518235548152
0.07468128803366
0.07418061780075
0.07368034522764
0.07318047075840
0.07268099483634
0.07218191790397
0.07168324040305
0.07118496277453
0.07068708545862
0.07018960889472
0.06969253352149
0.06919585977676
0.06869958809763
0.06820371892039
0.06770825268057
0.06721318981289
0.06671853075132
0.06622427592904
0.06573042577843
0.06523698073112
0.06474394121792
0.06425130766889
0.06375908051328
0.06326726017956
0.06277584709544
0.06228484168782
0.06179424438281
0.06130405560574
0.06081427578117
0.06032490533286
0.05983594468377
0.05934739425609
0.05885925447120
0.05837152574972
0.05788420851146
0.05739730317544
0.05691081015990
0.05642472988228
0.05593906275923
0.05545380920661
0.05496896963949
0.05448454447213
0.05400053411802
0.05351693898985
0.05303375949950
0.05255099605807
0.05206864907587
0.05158671896240
0.05110520612637
0.05062411097569
0.05014343391748
0.04966317535805
0.04918333570294
0.04870391535685
0.04822491472372
0.04774633420666
0.04726817420801
0.04679043512928
0.04631311737121
0.04583622133371
0.04535974741590
0.04488369601611
0.04440806753186
0.04393286235985
0.04345808089601
0.04298372353543
0.04250979067243
0.04203628270050
0.04156320001234
0.04109054299984
0.04061831205408
0.04014650756535
0.03967512992312
0.03920417951605
0.03873365673199
0.03826356195802
0.03779389558035
0.03732465798444
0.03685584955490
0.03638747067555
0.03591952172940
0.03545200309865
0.03498491516468
0.03451825830808
0.03405203290859
0.03358623934519
0.03312087799600
0.03265594923836
0.03219145344878
0.03172739100298
0.03126376227583
0.03080056764141
0.03033780747299
0.02987548214302
0.02941359202312
0.02895213748411
0.02849111889599
0.02803053662796
0.02757039104837
0.02711068252479
0.02665141142394
0.02619257811174
0.02573418295330
0.02527622631289
0.02481870855397
0.02436163003920
0.02390499113039
0.02344879218855
0.02299303357386
0.02253771564569
0.02208283876259
0.02162840328226
0.02117440956163
0.02072085795676
0.02026774882291
0.01981508251453
0.01936285938521
0.01891107978775
0.01845974407411
0.01800885259545
0.01755840570206
0.01710840374346
0.01665884706830
0.01620973602443
0.01576107095887
0.01531285221781
0.01486508014662
0.01441775508983
0.01397087739116
0.01352444739350
0.01307846543890
0.01263293186860
0.01218784702300
0.01174321124167
0.01129902486336
0.01085528822599
0.01041200166664
0.00996916552157
0.00952678012622
0.00908484581518
0.00864336292222
0.00820233178028
0.00776175272146
0.00732162607704
0.00688195217746
0.00644273135233
0.00600396393044
0.00556565023973
0.00512779060732
0.00469038535948
0.00425343482166
0.00381693931848
0.00338089917372
0.00294531471033
0.00251018625041
0.00207551411524
0.00164129862527
0.00120754010010
0.00077423885850
0.00034139521841
-0.00009099050308
-0.00052291798969
-0.00095438692601
-0.00138539699745
-0.00181594789025
-0.00224603929150
-0.00267567088912
-0.00310484237188
-0.00353355342937
-0.00396180375203
-0.00438959303113
-0.00481692095880
-0.00524378722799
-0.00567019153248
-0.00609613356692
-0.00652161302678
-0.00694662960838
-0.00737118300885
-0.00779527292622
-0.00821889905930
-0.00864206110777
-0.00906475877216
-0.00948699175382
-0.00990875975496
-0.01033006247861
-0.01075089962867
-0.01117127090987
-0.01159117602778
-0.01201061468880
-0.01242958660021
-0.01284809147009
-0.01326612900740
-0.01368369892193
-0.01410080092430
-0.01451743472599
-0.01493360003934
-0.01534929657749
-0.01576452405447
-0.01617928218513
-0.01659357068517
-0.01700738927114
-0.01742073766044
-0.01783361557130
-0.01824602272280
-0.01865795883489
-0.01906942362833
-0.01948041682476
-0.01989093814664
-0.02030098731730
-0.02071056406089
-0.02111966810244
-0.02152829916781
-0.02193645698370
-0.02234414127768
-0.02275135177814
-0.02315808821435
-0.02356435031641
-0.02397013781526
-0.02437545044272
-0.02478028793142
-0.02518465001488
-0.02558853642743
-0.02599194690428
-0.02639488118147
-0.02679733899590
-0.02719932008533
-0.02760082418835
-0.02800185104440
-0.02840240039380
-0.02880247197769
-0.02920206553806
-0.02960118081779
-0.02999981756056
-0.03039797551094
-0.03079565441433
-0.03119285401699
-0.03158957406603
-0.03198581430942
-0.03238157449596
-0.03277685437534
-0.03317165369806
-0.03356597221550
-0.03395980967988
-0.03435316584429
-0.03474604046265
-0.03513843328975
-0.03553034408122
-0.03592177259356
-0.03631271858411
-0.03670318181107
-0.03709316203349
-0.03748265901127
-0.03787167250518
-0.03826020227684
-0.03864824808870
-0.03903580970409
-0.03942288688718
-0.03980947940302
-0.04019558701749
-0.04058120949732
-0.04096634661011
-0.04135099812433
-0.04173516380926
-0.04211884343507
-0.04250203677279
-0.04288474359428
-0.04326696367227
-0.04364869678035
-0.04402994269295
-0.04441070118537
-0.04479097203377
-0.04517075501514
-0.04555004990736
-0.04592885648914
-0.04630717454006
-0.04668500384055
-0.04706234417190
-0.04743919531626
-0.04781555705663
-0.04819142917687
-0.04856681146169
-0.04894170369667
-0.04931610566824
-0.04969001716368
-0.05006343797114
-0.05043636787962
-0.05080880667897
-0.05118075415992
-0.05155221011404
-0.05192317433375
-0.05229364661234
-0.05266362674397
-0.05303311452362
-0.05340210974718
-0.05377061221134
-0.05413862171369
-0.05450613805267
-0.05487316102756
-0.05523969043852
-0.05560572608655
-0.05597126777352
-0.05633631530215
-0.05670086847603
-0.05706492709959
-0.05742849097814
-0.05779155991783
-0.05815413372568
-0.05851621220956
-0.05887779517820
-0.05923888244119
-0.05959947380898
-0.05995956909288
-0.06031916810506
-0.06067827065853
-0.06103687656718
-0.06139498564575
-0.06175259770984
-0.06210971257591
-0.06246633006128
-0.06282244998411
-0.06317807216345
-0.06353319641919
-0.06388782257208
-0.06424195044372
-0.06459557985660
-0.06494871063402
-0.06530134260019
-0.06565347558014
-0.06600510939978
-0.06635624388587
-0.06670687886603
-0.06705701416874
-0.06740664962334
-0.06775578506002
-0.06810442030985
-0.06845255520473
-0.06880018957743
-0.06914732326160
-0.06949395609171
-0.06984008790312
-0.07018571853203
-0.07053084781551
-0.07087547559149
-0.07121960169874
-0.07156322597691
-0.07190634826649
-0.07224896840886
-0.07259108624621
-0.07293270162163
-0.07327381437905
-0.07361442436326
-0.07395453141992
-0.07429413539552
-0.07463323613744
-0.07497183349390
-0.07530992731399
-0.07564751744764
-0.07598460374565
-0.07632118605968
-0.07665726424225
-0.07699283814673
-0.07732790762734
-0.07766247253919
-0.07799653273820
-0.07833008808119
-0.07866313842582
-0.07899568363061
-0.07932772355493
-0.07965925805903
-0.07999028700398
-0.08032081025174
-0.08065082766512
-0.08098033910777
-0.08130934444423
-0.08163784353986
-0.08196583626090
-0.08229332247445
-0.08262030204845
-0.08294677485171
-0.08327274075388
-0.08359819962549
-0.08392315133792
-0.08424759576339
-0.08457153277499
-0.08489496224667
-0.08521788405322
-0.08554029807031
-0.08586220417444
-0.08618360224299
-0.08650449215417
-0.08682487378708
-0.08714474702164
-0.08746411173864
-0.08778296781974
-0.08810131514743
-0.08841915360507
-0.08873648307688
-0.08905330344792
-0.08936961460411
-0.08968541643224
-0.09000070881993
-0.09031549165566
-0.09062976482879
-0.09094352822951
-0.09125678174886
-0.09156952527875
-0.09188175871194
-0.09219348194204
-0.09250469486352
-0.09281539737169
-0.09312558936272
-0.09343527073365
-0.09374444138235
-0.09405310120756
-0.09436125010886
-0.09466888798668
-0.09497601474233
-0.09528263027794
-0.09558873449651
-0.09589432730189
-0.09619940859877
-0.09650397829272
-0.09680803629014
-0.09711158249827
-0.09741461682524
-0.09771713918000
-0.09801914947236
-0.09832064761299
-0.09862163351339
-0.09892210708593
-0.09922206824382
-0.09952151690113
-0.09982045297278
-0.10011887637453
-0.10041678702299
-0.10071418483563
-0.10101106973078
-0.10130744162758
-0.10160330044606
-0.10189864610708
-0.10219347853234
-0.10248779764443
-0.10278160336673
-0.10307489562352
-0.10336767433990
-0.10365993944182
-0.10395169085608
-0.10424292851035
-0.10453365233311
-0.10482386225371
-0.10511355820235
-0.10540274011006
-0.10569140790874
-0.10597956153112
-0.10626720091077
-0.10655432598212
-0.10684093668045
-0.10712703294188
-0.10741261470337
-0.10769768190272
-0.10798223447860
-0.10826627237051
-0.10854979551878
-0.10883280386462
-0.10911529735005
-0.10939727591795
-0.10967873951205
-0.10995968807691
-0.11024012155794
-0.11052003990140
-0.11079944305438
-0.11107833096483
-0.11135670358152
-0.11163456085408
-0.11191190273298
-0.11218872916952
-0.11246504011587
-0.11274083552501
-0.11301611535077
-0.11329087954784
-0.11356512807173
-0.11383886087879
-0.11411207792623
-0.11438477917208
-0.11465696457523
-0.11492863409538
-0.11519978769310
-0.11547042532978
-0.11574054696767
-0.11601015256983
-0.11627924210018
-0.11654781552347
-0.11681587280528
-0.11708341391206
-0.11735043881106
-0.11761694747038
-0.11788293985897
-0.11814841594660
-0.11841337570388
-0.11867781910227
-0.11894174611405
-0.11920515671233
-0.11946805087109
-0.11973042856510
-0.11999228976999
-0.12025363446223
-0.12051446261912
-0.12077477421878
-0.12103456924017
-0.12129384766310
-0.12155260946819
-0.12181085463691
-0.12206858315156
-0.12232579499527
-0.12258249015199
-0.12283866860652
-0.12309433034449
-0.12334947535235
-0.12360410361739
-0.12385821512773
-0.12411180987232
-0.12436488784093
-0.12461744902419
-0.12486949341351
-0.12512102100118
-0.12537203178029
-0.12562252574477
-0.12587250288937
-0.12612196320967
-0.12637090670209
-0.12661933336386
-0.12686724319304
-0.12711463618854
-0.12736151235006
-0.12760787167815
-0.12785371417419
-0.12809903984038
-0.12834384867972
-0.12858814069607
-0.12883191589411
-0.12907517427933
-0.12931791585804
-0.12956014063740
-0.12980184862537
-0.13004303983074
-0.13028371426312
-0.13052387193296
-0.13076351285151
-0.13100263703084
-0.13124124448387
-0.13147933522431
-0.13171690926671
-0.13195396662644
-0.13219050731966
-0.13242653136340
-0.13266203877547
-0.13289702957452
-0.13313150378001
-0.13336546141221
-0.13359890249223
-0.13383182704198
-0.13406423508420
-0.13429612664242
-0.13452750174104
-0.13475836040521
-0.13498870266095
-0.13521852853507
-0.13544783805520
-0.13567663124978
-0.13590490814808
-0.13613266878017
-0.13635991317693
-0.13658664137007
-0.13681285339210
-0.13703854927634
-0.13726372905695
-0.13748839276887
-0.13771254044786
-0.13793617213049
-0.13815928785416
-0.13838188765706
-0.13860397157820
-0.13882553965738
-0.13904659193524
-0.13926712845321
-0.13948714925354
-0.13970665437926
-0.13992564387425
-0.14014411778317
-0.14036207615150
-0.14057951902551
-0.14079644645228
-0.14101285847972
-0.14122875515652
-0.14144413653219
-0.14165900265703
-0.14187335358215
-0.14208718935947
-0.14230051004171
-0.14251331568240
-0.14272560633585
-0.14293738205720
-0.14314864290238
-0.14335938892812
-0.14356962019194
-0.14377933675219
-0.14398853866800
-0.14419722599930
-0.14440539880683
-0.14461305715211
-0.14482020109748
-0.14502683070607
-0.14523294604180
-0.14543854716940
-0.14564363415438
-0.14584820706307
-0.14605226596259
-0.14625581092083
-0.14645884200651
-0.14666135928912
-0.14686336283896
-0.14706485272711
-0.14726582902547
-0.14746629180669
-0.14766624114426
-0.14786567711243
-0.14806459978625
-0.14826300924156
-0.14846090555501
-0.14865828880400
-0.14885515906677
-0.14905151642230
-0.14924736095040
-0.14944269273165
-0.14963751184741
-0.14983181837984
-0.15002561241190
-0.15021889402731
-0.15041166331059
-0.15060392034705
-0.15079566522278
-0.15098689802464
-0.15117761884031
-0.15136782775822
-0.15155752486761
-0.15174671025849
-0.15193538402164
-0.15212354624865
-0.15231119703188
-0.15249833646446
-0.15268496464032
-0.15287108165415
-0.15305668760144
-0.15324178257844
-0.15342636668221
-0.15361044001054
-0.15379400266206
-0.15397705473611
-0.15415959633287
-0.15434162755325
-0.15452314849895
-0.15470415927247
-0.15488465997705
-0.15506465071672
-0.15524413159629
-0.15542310272133
-0.15560156419820
-0.15577951613401
-0.15595695863667
-0.15613389181484
-0.15631031577796
-0.15648623063624
-0.15666163650066
-0.15683653348296
-0.15701092169568
-0.15718480125210
-0.15735817226626
-0.15753103485301
-0.15770338912792
-0.15787523520736
-0.15804657320844
-0.15821740324907
-0.15838772544790
-0.15855753992433
-0.15872684679857
-0.15889564619156
-0.15906393822500
-0.15923172302138
-0.15939900070393
-0.15956577139664
-0.15973203522428
-0.15989779231236
-0.16006304278717
-0.16022778677574
-0.16039202440588
-0.16055575580613
-0.16071898110581
-0.16088170043500
-0.16104391392452
-0.16120562170597
-0.16136682391167
-0.16152752067473
-0.16168771212900
-0.16184739840908
-0.16200657965034
-0.16216525598888
-0.16232342756158
-0.16248109450605
-0.16263825696065
-0.16279491506451
-0.16295106895750
-0.16310671878024
-0.16326186467410
-0.16341650678119
-0.16357064524439
-0.16372428020731
-0.16387741181431
-0.16403004021050
-0.16418216554173
-0.16433378795461
-0.16448490759647
-0.16463552461541
-0.16478563916026
-0.16493525138061
-0.16508436142675
-0.16523296944977
-0.16538107560146
-0.16552868003437
-0.16567578290177
-0.16582238435770
-0.16596848455692
-0.16611408365493
-0.16625918180798
-0.16640377917303
-0.16654787590781
-0.16669147217077
-0.16683456812109
-0.16697716391871
-0.16711925972427
-0.16726085569917
-0.16740195200553
-0.16754254880622
-0.16768264626482
-0.16782224454566
-0.16796134381380
-0.16809994423500
-0.16823804597580
-0.16837564920344
-0.16851275408589
-0.16864936079184
-0.16878546949074
-0.16892108035273
-0.16905619354871
-0.16919080925027
-0.16932492762976
-0.16945854886023
-0.16959167311546
-0.16972430056996
-0.16985643139897
-0.16998806577843
-0.17011920388502
-0.17024984589613
-0.17037999198988
-0.17050964234511
-0.17063879714136
-0.17076745655891
-0.17089562077875
-0.17102328998260
-0.17115046435287
-0.17127714407271
-0.17140332932598
-0.17152902029725
-0.17165421717180
-0.17177892013564
-0.17190312937549
-0.17202684507876
-0.17215006743360
-0.17227279662885
-0.17239503285408
-0.17251677629956
-0.17263802715627
-0.17275878561589
-0.17287905187082
-0.17299882611418
-0.17311810853976
-0.17323689934208
-0.17335519871638
-0.17347300685857
-0.17359032396530
-0.17370715023389
-0.17382348586239
-0.17393933104953
-0.17405468599477
-0.17416955089825
-0.17428392596080
-0.17439781138399
-0.17451120737005
-0.17462411412192
-0.17473653184325
-0.17484846073838
-0.17495990101234
-0.17507085287086
-0.17518131652037
-0.17529129216798
-0.17540078002153
-0.17550978028951
-0.17561829318112
-0.17572631890626
-0.17583385767552
-0.17594090970017
-0.17604747519217
-0.17615355436419
-0.17625914742956
-0.17636425460232
-0.17646887609719
-0.17657301212957
-0.17667666291556
-0.17677982867194
-0.17688250961617
-0.17698470596639
-0.17708641794144
-0.17718764576083
-0.17728838964476
-0.17738864981410
-0.17748842649042
-0.17758771989594
-0.17768653025359
-0.17778485778696
-0.17788270272034
-0.17798006527866
-0.17807694568756
-0.17817334417334
-0.17826926096299
-0.17836469628415
-0.17845965036516
-0.17855412343501
-0.17864811572339
-0.17874162746064
-0.17883465887777
-0.17892721020648
-0.17901928167911
-0.17911087352871
-0.17920198598897
-0.17929261929424
-0.17938277367956
-0.17947244938063
-0.17956164663380
-0.17965036567612
-0.17973860674526
-0.17982637007959
-0.17991365591812
-0.18000046450053
-0.18008679606717
-0.18017265085904
-0.18025802911780
-0.18034293108577
-0.18042735700594
-0.18051130712195
-0.18059478167808
-0.18067778091930
-0.18076030509122
-0.18084235444009
-0.18092392921283
-0.18100502965703
-0.18108565602089
-0.18116580855331
-0.18124548750381
-0.18132469312256
-0.18140342566040
-0.18148168536881
-0.18155947249992
-0.18163678730650
-0.18171363004197
-0.18179000096041
-0.18186590031653
-0.18194132836569
-0.18201628536389
-0.18209077156779
-0.18216478723468
-0.18223833262248
-0.18231140798978
-0.18238401359579
-0.18245614970037
-0.18252781656401
-0.18259901444784
-0.18266974361363
-0.18274000432380
-0.18280979684139
-0.18287912143008
-0.18294797835418
-0.18301636787864
-0.18308429026905
-0.18315174579162
-0.18321873471319
-0.18328525730125
-0.18335131382390
-0.18341690454988
-0.18348202974856
-0.18354668968993
-0.18361088464462
-0.18367461488387
-0.18373788067956
-0.18380068230419
-0.18386302003088
-0.18392489413338
-0.18398630488606
-0.18404725256392
-0.18410773744256
-0.18416775979823
-0.18422731990778
-0.18428641804868
-0.18434505449903
-0.18440322953753
-0.18446094344352
-0.18451819649692
-0.18457498897832
-0.18463132116886
-0.18468719335035
-0.18474260580518
-0.18479755881636
-0.18485205266752
-0.18490608764288
-0.18495966402731
-0.18501278210623
-0.18506544216573
-0.18511764449246
-0.18516938937370
-0.18522067709734
-0.18527150795185
-0.18532188222635
-0.18537180021051
-0.18542126219463
-0.18547026846963
-0.18551881932700
-0.18556691505883
-0.18561455595785
-0.18566174231734
-0.18570847443121
-0.18575475259395
-0.18580057710066
-0.18584594824704
-0.18589086632935
-0.18593533164449
-0.18597934448994
-0.18602290516374
-0.18606601396457
-0.18610867119167
-0.18615087714488
-0.18619263212464
-0.18623393643196
-0.18627479036844
-0.18631519423629
-0.18635514833828
-0.18639465297777
-0.18643370845873
-0.18647231508568
-0.18651047316374
-0.18654818299861
-0.18658544489658
-0.18662225916451
-0.18665862610985
-0.18669454604061
-0.18673001926539
-0.18676504609339
-0.18679962683434
-0.18683376179860
-0.18686745129705
-0.18690069564119
-0.18693349514307
-0.18696585011532
-0.18699776087114
-0.18702922772430
-0.18706025098914
-0.18709083098057
-0.18712096801409
-0.18715066240572
-0.18717991447210
-0.18720872453040
-0.18723709289837
-0.18726501989433
-0.18729250583714
-0.18731955104626
-0.18734615584167
-0.18737232054395
-0.18739804547422
-0.18742333095416
-0.18744817730602
-0.18747258485260
-0.18749655391725
-0.18752008482389
-0.18754317789699
-0.18756583346158
-0.18758805184324
-0.18760983336809
-0.18763117836284
-0.18765208715470
-0.18767256007148
-0.18769259744150
-0.18771219959366
-0.18773136685739
-0.18775009956267
-0.18776839804004
-0.18778626262056
-0.18780369363586
-0.18782069141810
-0.18783725629999
-0.18785338861478
-0.18786908869626
-0.18788435687877
-0.18789919349716
-0.18791359888687
-0.18792757338383
-0.18794111732453
-0.18795423104599
-0.18796691488578
-0.18797916918200
-0.18799099427325
-0.18800239049872
-0.18801335819809
-0.18802389771159
-0.18803400937997
-0.18804369354452
-0.18805295054706
-0.18806178072992
-0.18807018443599
-0.18807816200864
-0.18808571379181
-0.18809284012995
-0.18809954136802
-0.18810581785151
-0.18811166992645
-0.18811709793937
-0.18812210223733
-0.18812668316791
-0.18813084107920
-0.18813457631981
-0.18813788923889
-0.18814078018607
-0.18814324951151
-0.18814529756590
-0.18814692470043
-0.18814813126679
-0.18814891761721
-0.18814928410441
-0.18814923108163
-0.18814875890261
-0.18814786792161
-0.18814655849339
-0.18814483097321
-0.18814268571686
-0.18814012308061
-0.18813714342125
-0.18813374709606
-0.18812993446283
-0.18812570587985
-0.18812106170592
-0.18811600230032
-0.18811052802285
-0.18810463923379
-0.18809833629393
-0.18809161956455
-0.18808448940743
-0.18807694618483
-0.18806899025953
-0.18806062199478
-0.18805184175433
-0.18804264990243
-0.18803304680380
-0.18802303282366
-0.18801260832773
-0.18800177368219
-0.18799052925374
-0.18797887540954
-0.18796681251725
-0.18795434094500
-0.18794146106141
-0.18792817323559
-0.18791447783712
-0.18790037523607
-0.18788586580298
-0.18787094990888
-0.18785562792526
-0.18783990022410
-0.18782376717786
-0.18780722915948
-0.18779028654234
-0.18777293970033
-0.18775518900780
-0.18773703483956
-0.18771847757092
-0.18769951757764
-0.18768015523593
-0.18766039092251
-0.18764022501454
-0.18761965788965
-0.18759868992594
-0.18757732150197
-0.18755555299677
-0.18753338478983
-0.18751081726109
-0.18748785079096
-0.18746448576033
-0.18744072255051
-0.18741656154331
-0.18739200312096
-0.18736704766616
-0.18734169556208
-0.18731594719232
-0.18728980294096
-0.18726326319251
-0.18723632833195
-0.18720899874469
-0.18718127481661
-0.18715315693403
-0.18712464548372
-0.18709574085290
-0.18706644342922
-0.18703675360081
-0.18700667175622
-0.18697619828443
-0.18694533357490
-0.18691407801751
-0.18688243200257
-0.18685039592086
-0.18681797016358
-0.18678515512237
-0.18675195118931
-0.18671835875691
-0.18668437821813
-0.18665000996636
-0.18661525439540
-0.18658011189952
-0.18654458287341
-0.18650866771216
-0.18647236681134
-0.18643568056692
-0.18639860937530
-0.18636115363332
-0.18632331373822
-0.18628509008770
-0.18624648307986
-0.18620749311324
-0.18616812058678
-0.18612836589987
-0.18608822945230
-0.18604771164429
-0.18600681287647
-0.18596553354991
-0.18592387406608
-0.18588183482685
-0.18583941623455
-0.18579661869188
-0.18575344260198
-0.18570988836840
-0.18566595639508
-0.18562164708641
-0.18557696084716
-0.18553189808251
-0.18548645919806
-0.18544064459981
-0.18539445469417
-0.18534788988796
-0.18530095058839
-0.18525363720309
-0.18520595014008
-0.18515788980779
-0.18510945661504
-0.18506065097106
-0.18501147328547
-0.18496192396830
-0.18491200342998
-0.18486171208131
-0.18481105033351
-0.18476001859818
-0.18470861728733
-0.18465684681334
-0.18460470758899
-0.18455220002748
-0.18449932454234
-0.18444608154754
-0.18439247145742
-0.18433849468670
-0.18428415165050
-0.18422944276430
-0.18417436844400
-0.18411892910585
-0.18406312516651
-0.18400695704300
-0.18395042515272
-0.18389352991347
-0.18383627174341
-0.18377865106107
-0.18372066828539
-0.18366232383565
-0.18360361813153
-0.18354455159307
-0.18348512464067
-0.18342533769514
-0.18336519117763
-0.18330468550966
-0.18324382111314
-0.18318259841032
-0.18312101782384
-0.18305907977671
-0.18299678469228
-0.18293413299427
-0.18287112510679
-0.18280776145429
-0.18274404246157
-0.18267996855382
-0.18261554015658
-0.18255075769572
-0.18248562159752
-0.18242013228856
-0.18235429019583
-0.18228809574663
-0.18222154936864
-0.18215465148989
-0.18208740253875
-0.18201980294395
-0.18195185313456
-0.18188355354003
-0.18181490459012
-0.18174590671496
-0.18167656034501
-0.18160686591109
-0.18153682384437
-0.18146643457633
-0.18139569853884
-0.18132461616408
-0.18125318788456
-0.18118141413317
-0.18110929534311
-0.18103683194791
-0.18096402438147
-0.18089087307800
-0.18081737847204
-0.18074354099849
-0.18066936109256
-0.18059483918981
-0.18051997572611
-0.18044477113768
-0.18036922586106
-0.18029334033311
-0.18021711499104
-0.18014055027237
-0.18006364661494
-0.17998640445692
-0.17990882423683
-0.17983090639346
-0.17975265136597
-0.17967405959381
-0.17959513151677
-0.17951586757494
-0.17943626820874
-0.17935633385891
-0.17927606496649
-0.17919546197286
-0.17911452531968
-0.17903325544895
-0.17895165280297
-0.17886971782437
-0.17878745095605
-0.17870485264127
-0.17862192332355
-0.17853866344675
-0.17845507345502
-0.17837115379283
-0.17828690490494
-0.17820232723642
-0.17811742123264
-0.17803218733928
-0.17794662600230
-0.17786073766797
-0.17777452278288
-0.17768798179389
-0.17760111514816
-0.17751392329316
-0.17742640667664
-0.17733856574665
-0.17725040095154
-0.17716191273994
-0.17707310156077
-0.17698396786325
-0.17689451209689
-0.17680473471148
-0.17671463615709
-0.17662421688410
-0.17653347734315
-0.17644241798518
-0.17635103926141
-0.17625934162333
-0.17616732552274
-0.17607499141168
-0.17598233974251
-0.17588937096784
-0.17579608554057
-0.17570248391388
-0.17560856654121
-0.17551433387629
-0.17541978637311
-0.17532492448595
-0.17522974866934
-0.17513425937810
-0.17503845706731
-0.17494234219233
-0.17484591520876
-0.17474917657250
-0.17465212673970
-0.17455476616677
-0.17445709531039
-0.17435911462751
-0.17426082457533
-0.17416222561132
-0.17406331819321
-0.17396410277897
-0.17386457982686
-0.17376474979537
-0.17366461314325
-0.17356417032954
-0.17346342181348
-0.17336236805459
-0.17326100951266
-0.17315934664770
-0.17305737991999
-0.17295510979004
-0.17285253671864
-0.17274966116680
-0.17264648359578
-0.17254300446711
-0.17243922424252
-0.17233514338403
-0.17223076235387
-0.17212608161452
-0.17202110162872
-0.17191582285943
-0.17181024576984
-0.17170437082341
-0.17159819848380
-0.17149172921493
-0.17138496348095
-0.17127790174625
-0.17117054447542
-0.17106289213334
-0.17095494518506
-0.17084670409591
-0.17073816933141
-0.17062934135733
-0.17052022063967
-0.17041080764465
-0.17030110283871
-0.17019110668851
-0.17008081966095
-0.16997024222314
-0.16985937484242
-0.16974821798635
-0.16963677212269
-0.16952503771944
-0.16941301524482
-0.16930070516725
-0.16918810795537
-0.16907522407804
-0.16896205400433
-0.16884859820353
-0.16873485714513
-0.16862083129883
-0.16850652113456
-0.16839192712243
-0.16827704973278
-0.16816188943615
-0.16804644670328
-0.16793072200512
-0.16781471581283
-0.16769842859776
-0.16758186083147
-0.16746501298572
-0.16734788553247
-0.16723047894387
-0.16711279369229
-0.16699483025028
-0.16687658909058
-0.16675807068614
-0.16663927551011
-0.16652020403580
-0.16640085673676
-0.16628123408668
-0.16616133655949
-0.16604116462927
-0.16592071877031
-0.16579999945707
-0.16567900716423
-0.16555774236661
-0.16543620553925
-0.16531439715735
-0.16519231769632
-0.16506996763173
-0.16494734743933
-0.16482445759505
-0.16470129857502
-0.16457787085553
-0.16445417491303
-0.16433021122418
-0.16420598026580
-0.16408148251487
-0.16395671844857
-0.16383168854423
-0.16370639327936
-0.16358083313165
-0.16345500857892
-0.16332892009921
-0.16320256817069
-0.16307595327172
-0.16294907588081
-0.16282193647662
-0.16269453553802
-0.16256687354399
-0.16243895097371
-0.16231076830649
-0.16218232602183
-0.16205362459936
-0.16192466451889
-0.16179544626037
-0.16166597030391
-0.16153623712978
-0.16140624721839
-0.16127600105033
-0.16114549910631
-0.16101474186721
-0.16088372981405
-0.16075246342800
-0.16062094319039
-0.16048916958268
-0.16035714308648
-0.16022486418355
-0.16009233335580
-0.15995955108527
-0.15982651785413
-0.15969323414473
-0.15955970043952
-0.15942591722112
-0.15929188497226
-0.15915760417584
-0.15902307531485
-0.15888829887247
-0.15875327533197
-0.15861800517677
-0.15848248889042
-0.15834672695662
-0.15821071985917
-0.15807446808201
-0.15793797210922
-0.15780123242499
-0.15766424951365
-0.15752702385966
-0.15738955594758
-0.15725184626211
-0.15711389528808
-0.15697570351043
-0.15683727141421
-0.15669859948463
-0.15655968820697
-0.15642053806666
-0.15628114954923
-0.15614152314034
-0.15600165932575
-0.15586155859135
-0.15572122142313
-0.15558064830719
-0.15543983972976
-0.15529879617716
-0.15515751813582
-0.15501600609230
-0.15487426053324
-0.15473228194540
-0.15459007081565
-0.15444762763096
-0.15430495287839
-0.15416204704512
-0.15401891061842
-0.15387554408567
-0.15373194793435
-0.15358812265203
-0.15344406872637
-0.15329978664516
-0.15315527689624
-0.15301053996759
-0.15286557634725
-0.15272038652337
-0.15257497098418
-0.15242933021801
-0.15228346471329
-0.15213737495851
-0.15199106144227
-0.15184452465326
-0.15169776508024
-0.15155078321207
-0.15140357953768
-0.15125615454609
-0.15110850872641
-0.15096064256782
-0.15081255655958
-0.15066425119105
-0.15051572695164
-0.15036698433085
-0.15021802381826
-0.15006884590352
-0.14991945107637
-0.14976983982660
-0.14962001264408
-0.14946997001876
-0.14931971244065
-0.14916924039985
-0.14901855438651
-0.14886765489085
-0.14871654240316
-0.14856521741380
-0.14841368041319
-0.14826193189182
-0.14810997234023
-0.14795780224903
-0.14780542210891
-0.14765283241059
-0.14750003364486
-0.14734702630258
-0.14719381087466
-0.14704038785205
-0.14688675772579
-0.14673292098695
-0.14657887812665
-0.14642462963608
-0.14627017600648
-0.14611551772912
-0.14596065529535
-0.14580558919655
-0.14565031992415
-0.14549484796963
-0.14533917382452
-0.14518329798038
-0.14502722092884
-0.14487094316155
-0.14471446517021
-0.14455778744657
-0.14440091048241
-0.14424383476954
-0.14408656079985
-0.14392908906521
-0.14377142005758
-0.14361355426891
-0.14345549219122
-0.14329723431655
-0.14313878113698
-0.14298013314460
-0.14282129083155
-0.14266225469001
-0.14250302521217
-0.14234360289025
-0.14218398821651
-0.14202418168322
-0.14186418378269
-0.14170399500725
-0.14154361584925
-0.14138304680107
-0.14122228835509
-0.14106134100375
-0.14090020523947
-0.14073888155472
-0.14057737044197
-0.14041567239371
-0.14025378790245
-0.14009171746070
-0.13992946156102
-0.13976702069595
-0.13960439535805
-0.13944158603990
-0.13927859323408
-0.13911541743319
-0.13895205912983
-0.13878851881661
-0.13862479698616
-0.13846089413109
-0.13829681074403
-0.13813254731762
-0.13796810434450
-0.13780348231730
-0.13763868172866
-0.13747370307122
-0.13730854683763
-0.13714321352051
-0.13697770361251
-0.13681201760626
-0.13664615599438
-0.13648011926951
-0.13631390792424
-0.13614752245120
-0.13598096334299
-0.13581423109220
-0.13564732619140
-0.13548024913318
-0.13531300041010
-0.13514558051469
-0.13497798993950
-0.13481022917705
-0.13464229871984
-0.13447419906035
-0.13430593069107
-0.13413749410443
-0.13396888979289
-0.13380011824884
-0.13363117996468
-0.13346207543279
-0.13329280514551
-0.13312336959517
-0.13295376927406
-0.13278400467447
-0.13261407628863
-0.13244398460878
-0.13227373012710
-0.13210331333577
-0.13193273472690
-0.13176199479261
-0.13159109402496
-0.13142003291601
-0.13124881195773
-0.13107743164212
-0.13090589246110
-0.13073419490658
-0.13056233947040
-0.13039032664441
-0.13021815692037
-0.13004583079003
-0.12987334874509
-0.12970071127722
-0.12952791887803
-0.12935497203910
-0.12918187125195
-0.12900861700808
-0.12883520979891
-0.12866165011584
-0.12848793845021
-0.12831407529331
-0.12814006113639
-0.12796589647063
-0.12779158178718
-0.12761711757713
-0.12744250433151
-0.12726774254130
-0.12709283269742
-0.12691777529074
-0.12674257081207
-0.12656721975217
-0.12639172260172
-0.12621607985136
-0.12604029199167
-0.12586435951315
-0.12568828290625
-0.12551206266136
-0.12533569926879
-0.12515919321881
-0.12498254500160
-0.12480575510728
-0.12462882402591
-0.12445175224747
-0.12427454026188
-0.12409718855898
-0.12391969762854
-0.12374206796027
-0.12356430004380
-0.12338639436867
-0.12320835142437
-0.12303017170029
-0.12285185568576
-0.12267340387003
-0.12249481674228
-0.12231609479158
-0.12213723850694
-0.12195824837730
-0.12177912489150
-0.12159986853830
-0.12142047980638
-0.12124095918433
-0.12106130716067
-0.12088152422381
-0.12070161086208
-0.12052156756374
-0.12034139481693
-0.12016109310973
-0.11998066293011
-0.11980010476595
-0.11961941910504
-0.11943860643508
-0.11925766724367
-0.11907660201833
-0.11889541124645
-0.11871409541535
-0.11853265501225
-0.11835109052427
-0.11816940243842
-0.11798759124162
-0.11780565742068
-0.11762360146231
-0.11744142385313
-0.11725912507964
-0.11707670562823
-0.11689416598521
-0.11671150663676
-0.11652872806896
-0.11634583076778
-0.11616281521909
-0.11597968190863
-0.11579643132205
-0.11561306394487
-0.11542958026252
-0.11524598076028
-0.11506226592336
-0.11487843623683
-0.11469449218563
-0.11451043425462
-0.11432626292850
-0.11414197869189
-0.11395758202927
-0.11377307342499
-0.11358845336331
-0.11340372232833
-0.11321888080406
-0.11303392927436
-0.11284886822298
-0.11266369813355
-0.11247841948955
-0.11229303277436
-0.11210753847121
-0.11192193706321
-0.11173622903334
-0.11155041486446
-0.11136449503928
-0.11117847004038
-0.11099234035022
-0.11080610645111
-0.11061976882523
-0.11043332795463
-0.11024678432123
-0.11006013840679
-0.10987339069295
-0.10968654166120
-0.10949959179289
-0.10931254156925
-0.10912539147133
-0.10893814198007
-0.10875079357626
-0.10856334674053
-0.10837580195339
-0.10818815969517
-0.10800042044609
-0.10781258468620
-0.10762465289541
-0.10743662555347
-0.10724850313999
-0.10706028613443
-0.10687197501608
-0.10668357026412
-0.10649507235752
-0.10630648177514
-0.10611779899566
-0.10592902449762
-0.10574015875939
-0.10555120225919
-0.10536215547507
-0.10517301888495
-0.10498379296655
-0.10479447819746
-0.10460507505510
-0.10441558401671
-0.10422600555940
-0.10403634016007
-0.10384658829551
-0.10365675044230
-0.10346682707687
-0.10327681867548
-0.10308672571423
-0.10289654866904
-0.10270628801565
-0.10251594422967
-0.10232551778648
-0.10213500916134
-0.10194441882930
-0.10175374726527
-0.10156299494395
-0.10137216233988
-0.10118124992742
-0.10099025818078
-0.10079918757394
-0.10060803858074
-0.10041681167482
-0.10022550732967
-0.10003412601855
-0.09984266821459
-0.09965113439069
-0.09945952501959
-0.09926784057385
-0.09907608152584
-0.09888424834774
-0.09869234151153
-0.09850036148903
-0.09830830875185
-0.09811618377142
-0.09792398701897
-0.09773171896556
-0.09753938008203
-0.09734697083906
-0.09715449170710
-0.09696194315642
-0.09676932565712
-0.09657663967906
-0.09638388569194
-0.09619106416525
-0.09599817556827
-0.09580522037009
-0.09561219903960
-0.09541911204551
-0.09522595985628
-0.09503274294022
-0.09483946176539
-0.09464611679970
-0.09445270851079
-0.09425923736616
-0.09406570383305
-0.09387210837854
-0.09367845146945
-0.09348473357244
-0.09329095515394
-0.09309711668016
-0.09290321861711
-0.09270926143060
-0.09251524558620
-0.09232117154929
-0.09212703978503
-0.09193285075836
-0.09173860493401
-0.09154430277648
-0.09134994475008
-0.09115553131887
-0.09096106294672
-0.09076654009727
-0.09057196323392
-0.09037733281988
-0.09018264931813
-0.08998791319140
-0.08979312490224
-0.08959828491295
-0.08940339368561
-0.08920845168207
-0.08901345936395
-0.08881841719267
-0.08862332562939
-0.08842818513505
-0.08823299617038
-0.08803775919586
-0.08784247467173
-0.08764714305802
-0.08745176481452
-0.08725634040079
-0.08706087027615
-0.08686535489967
-0.08666979473023
-0.08647419022642
-0.08627854184664
-0.08608285004901
-0.08588711529144
-0.08569133803160
-0.08549551872690
-0.08529965783453
-0.08510375581143
-0.08490781311429
-0.08471183019956
-0.08451580752347
-0.08431974554198
-0.08412364471080
-0.08392750548542
-0.08373132832105
-0.08353511367268
-0.08333886199505
-0.08314257374263
-0.08294624936966
-0.08274988933013
-0.08255349407776
-0.08235706406603
-0.08216059974817
-0.08196410157715
-0.08176757000570
-0.08157100548628
-0.08137440847109
-0.08117777941209
-0.08098111876098
-0.08078442696918
-0.08058770448789
-0.08039095176801
-0.08019416926021
-0.07999735741489
-0.07980051668219
-0.07960364751197
-0.07940675035386
-0.07920982565719
-0.07901287387105
-0.07881589544427
-0.07861889082539
-0.07842186046270
-0.07822480480422
-0.07802772429770
-0.07783061939062
-0.07763349053020
-0.07743633816337
-0.07723916273681
-0.07704196469692
-0.07684474448983
-0.07664750256139
-0.07645023935718
-0.07625295532250
-0.07605565090240
-0.07585832654162
-0.07566098268464
-0.07546361977567
-0.07526623825863
-0.07506883857716
-0.07487142117462
-0.07467398649411
-0.07447653497843
-0.07427906707010
-0.07408158321136
-0.07388408384417
-0.07368656941020
-0.07348904035084
-0.07329149710720
-0.07309394012010
-0.07289636983006
-0.07269878667734
-0.07250119110189
-0.07230358354337
-0.07210596444118
-0.07190833423440
-0.07171069336182
-0.07151304226197
-0.07131538137304
-0.07111771113297
-0.07092003197939
-0.07072234434963
-0.07052464868073
-0.07032694540945
-0.07012923497222
-0.06993151780520
-0.06973379434425
-0.06953606502492
-0.06933833028248
-0.06914059055188
-0.06894284626778
-0.06874509786454
-0.06854734577621
-0.06834959043656
-0.06815183227902
-0.06795407173675
-0.06775630924260
-0.06755854522909
-0.06736078012847
-0.06716301437266
-0.06696524839328
-0.06676748262165
-0.06656971748875
-0.06637195342530
-0.06617419086168
-0.06597643022796
-0.06577867195391
-0.06558091646898
-0.06538316420230
-0.06518541558272
-0.06498767103873
-0.06478993099855
-0.06459219589005
-0.06439446614081
-0.06419674217808
-0.06399902442880
-0.06380131331957
-0.06360360927671
-0.06340591272620
-0.06320822409370
-0.06301054380455
-0.06281287228377
-0.06261520995606
-0.06241755724581
-0.06221991457706
-0.06202228237355
-0.06182466105868
-0.06162705105555
-0.06142945278690
-0.06123186667517
-0.06103429314247
-0.06083673261056
-0.06063918550092
-0.06044165223464
-0.06024413323254
-0.06004662891506
-0.05984913970236
-0.05965166601421
-0.05945420827010
-0.05925676688917
-0.05905934229021
-0.05886193489170
-0.05866454511178
-0.05846717336824
-0.05826982007856
-0.05807248565986
-0.05787517052895
-0.05767787510227
-0.05748059979594
-0.05728334502575
-0.05708611120713
-0.05688889875519
-0.05669170808468
-0.05649453961003
-0.05629739374531
-0.05610027090427
-0.05590317150028
-0.05570609594640
-0.05550904465535
-0.05531201803946
-0.05511501651077
-0.05491804048094
-0.05472109036129
-0.05452416656279
-0.05432726949608
-0.05413039957144
-0.05393355719878
-0.05373674278770
-0.05353995674742
-0.05334319948683
-0.05314647141444
-0.05294977293844
-0.05275310446665
-0.05255646640654
-0.05235985916522
-0.05216328314945
-0.05196673876565
-0.05177022641986
-0.05157374651778
-0.05137729946474
-0.05118088566573
-0.05098450552537
-0.05078815944793
-0.05059184783729
-0.05039557109702
-0.05019932963030
-0.05000312383995
-0.04980695412843
-0.04961082089784
-0.04941472454992
-0.04921866548604
-0.04902264410722
-0.04882666081410
-0.04863071600696
-0.04843481008571
-0.04823894344991
-0.04804311649873
-0.04784732963100
-0.04765158324515
-0.04745587773928
-0.04726021351107
-0.04706459095789
-0.04686901047669
-0.04667347246408
-0.04647797731628
-0.04628252542915
-0.04608711719817
-0.04589175301845
-0.04569643328474
-0.04550115839138
-0.04530592873237
-0.04511074470133
-0.04491560669149
-0.04472051509570
-0.04452547030646
-0.04433047271587
-0.04413552271565
-0.04394062069716
-0.04374576705137
-0.04355096216886
-0.04335620643985
-0.04316150025416
-0.04296684400125
-0.04277223807018
-0.04257768284963
-0.04238317872791
-0.04218872609293
-0.04199432533222
-0.04179997683293
-0.04160568098184
-0.04141143816530
-0.04121724876931
-0.04102311317949
-0.04082903178104
-0.04063500495879
-0.04044103309719
-0.04024711658029
-0.04005325579174
-0.03985945111482
-0.03966570293242
-0.03947201162702
-0.03927837758072
-0.03908480117523
-0.03889128279186
-0.03869782281154
-0.03850442161478
-0.03831107958173
-0.03811779709212
-0.03792457452530
-0.03773141226020
-0.03753831067539
-0.03734527014902
-0.03715229105883
-0.03695937378220
-0.03676651869608
-0.03657372617703
-0.03638099660122
-0.03618833034440
-0.03599572778194
-0.03580318928880
-0.03561071523954
-0.03541830600830
-0.03522596196886
-0.03503368349456
-0.03484147095834
-0.03464932473276
-0.03445724518995
-0.03426523270164
-0.03407328763917
-0.03388141037345
-0.03368960127501
-0.03349786071395
-0.03330618905998
-0.03311458668238
-0.03292305395005
-0.03273159123145
-0.03254019889467
-0.03234887730735
-0.03215762683673
-0.03196644784967
-0.03177534071257
-0.03158430579145
-0.03139334345191
-0.03120245405914
-0.03101163797791
-0.03082089557258
-0.03063022720710
-0.03043963324498
-0.03024911404936
-0.03005866998293
-0.02986830140797
-0.02967800868634
-0.02948779217950
-0.02929765224848
-0.02910758925389
-0.02891760355592
-0.02872769551435
-0.02853786548853
-0.02834811383741
-0.02815844091948
-0.02796884709286
-0.02777933271521
-0.02758989814378
-0.02740054373540
-0.02721126984647
-0.02702207683298
-0.02683296505048
-0.02664393485412
-0.02645498659859
-0.02626612063818
-0.02607733732675
-0.02588863701773
-0.02570002006414
-0.02551148681854
-0.02532303763309
-0.02513467285951
-0.02494639284910
-0.02475819795272
-0.02457008852081
-0.02438206490339
-0.02419412745001
-0.02400627650985
-0.02381851243160
-0.02363083556355
-0.02344324625357
-0.02325574484905
-0.02306833169701
-0.02288100714398
-0.02269377153609
-0.02250662521902
-0.02231956853804
-0.02213260183795
-0.02194572546314
-0.02175893975755
-0.02157224506469
-0.02138564172764
-0.02119913008903
-0.02101271049106
-0.02082638327550
-0.02064014878365
-0.02045400735642
-0.02026795933424
-0.02008200505711
-0.01989614486460
-0.01971037909584
-0.01952470808951
-0.01933913218384
-0.01915365171665
-0.01896826702529
-0.01878297844667
-0.01859778631727
-0.01841269097311
-0.01822769274978
-0.01804279198243
-0.01785798900575
-0.01767328415399
-0.01748867776095
-0.01730417016001
-0.01711976168407
-0.01693545266559
-0.01675124343661
-0.01656713432869
-0.01638312567296
-0.01619921780010
-0.01601541104033
-0.01583170572344
-0.01564810217875
-0.01546460073515
-0.01528120172106
-0.01509790546447
-0.01491471229290
-0.01473162253343
-0.01454863651269
-0.01436575455686
-0.01418297699164
-0.01400030414231
-0.01381773633368
-0.01363527389012
-0.01345291713553
-0.01327066639337
-0.01308852198663
-0.01290648423785
-0.01272455346913
-0.01254273000209
-0.01236101415791
-0.01217940625730
-0.01199790662054
-0.01181651556741
-0.01163523341727
-0.01145406048901
-0.01127299710105
-0.01109204357136
-0.01091120021746
-0.01073046735639
-0.01054984530476
-0.01036933437868
-0.01018893489383
-0.01000864716542
-0.00982847150820
-0.00964840823645
-0.00946845766400
-0.00928862010420
-0.00910889586996
-0.00892928527371
-0.00874978862743
-0.00857040624262
-0.00839113843032
-0.00821198550112
-0.00803294776512
-0.00785402553198
-0.00767521911089
-0.00749652881055
-0.00731795493921
-0.00713949780467
-0.00696115771424
-0.00678293497476
-0.00660482989263
-0.00642684277375
-0.00624897392357
-0.00607122364707
-0.00589359224876
-0.00571608003267
-0.00553868730237
-0.00536141436096
-0.00518426151107
-0.00500722905486
-0.00483031729401
-0.00465352652974
-0.00447685706279
-0.00430030919344
-0.00412388322149
-0.00394757944625
-0.00377139816659
-0.00359533968088
-0.00341940428704
-0.00324359228249
-0.00306790396420
-0.00289233962864
-0.00271689957183
-0.00254158408930
-0.00236639347611
-0.00219132802685
-0.00201638803562
-0.00184157379604
-0.00166688560128
-0.00149232374402
-0.00131788851644
-0.00114358021028
-0.00096939911677
-0.00079534552668
-0.00062141973030
-0.00044762201744
-0.00027395267743
-0.00010041199911
0.00007299972914
0.00024628221944
0.00041943518437
0.00059245833701
0.00076535139090
0.00093811406008
0.00111074605907
0.00128324710286
0.00145561690693
0.00162785518723
0.00179996166023
0.00197193604282
0.00214377805244
0.00231548740697
0.00248706382478
0.00265850702475
0.00282981672620
0.00300099264898
0.00317203451339
0.00334294204024
0.00351371495081
0.00368435296687
0.00385485581067
0.00402522320497
0.00419545487298
0.00436555053842
0.00453550992550
0.00470533275891
0.00487501876382
0.00504456766590
0.00521397919130
0.00538325306666
0.00555238901912
0.00572138677629
0.00589024606628
0.00605896661769
0.00622754815960
0.00639599042160
0.00656429313374
0.00673245602659
0.00690047883120
0.00706836127909
0.00723610310232
0.00740370403338
0.00757116380530
0.00773848215159
0.00790565880623
0.00807269350372
0.00823958597903
0.00840633596766
0.00857294320555
0.00873940742917
0.00890572837548
0.00907190578192
0.00923793938644
0.00940382892747
0.00956957414395
0.00973517477529
0.00990063056142
0.01006594124275
0.01023110656020
0.01039612625517
0.01056100006956
0.01072572774577
0.01089030902670
0.01105474365573
0.01121903137676
0.01138317193416
0.01154716507283
0.01171101053813
0.01187470807595
0.01203825743266
0.01220165835513
0.01236491059074
0.01252801388735
0.01269096799332
0.01285377265754
0.01301642762935
0.01317893265864
0.01334128749575
0.01350349189156
0.01366554559743
0.01382744836522
0.01398919994729
0.01415080009652
0.01431224856627
0.01447354511039
0.01463468948327
0.01479568143977
0.01495652073526
0.01511720712560
0.01527774036719
0.01543812021688
0.01559834643205
0.01575841877060
0.01591833699089
0.01607810085182
0.01623771011278
0.01639716453365
0.01655646387483
0.01671560789722
0.01687459636223
0.01703342903175
0.01719210566819
0.01735062603448
0.01750898989404
0.01766719701077
0.01782524714912
0.01798314007401
0.01814087555089
0.01829845334570
0.01845587322488
0.01861313495539
0.01877023830469
0.01892718304075
0.01908396893204
0.01924059574753
0.01939706325672
0.01955337122960
0.01970951943666
0.01986550764890
0.02002133563785
0.02017700317552
0.02033251003443
0.02048785598763
0.02064304080865
0.02079806427154
0.02095292615087
0.02110762622169
0.02126216425959
0.02141654004065
0.02157075334145
0.02172480393910
0.02187869161120
0.02203241613589
0.02218597729177
0.02233937485799
0.02249260861420
0.02264567834055
0.02279858381770
0.02295132482684
0.02310390114964
0.02325631256831
0.02340855886554
0.02356063982456
0.02371255522909
0.02386430486336
0.02401588851213
0.02416730596065
0.02431855699470
0.02446964140056
0.02462055896501
0.02477130947536
0.02492189271943
0.02507230848555
0.02522255656254
0.02537263673977
0.02552254880710
0.02567229255489
0.02582186777404
0.02597127425595
0.02612051179253
0.02626958017620
0.02641847919990
0.02656720865709
0.02671576834171
0.02686415804825
0.02701237757170
0.02716042670756
0.02730830525184
0.02745601300107
0.02760354975230
0.02775091530309
0.02789810945149
0.02804513199610
0.02819198273601
0.02833866147084
0.02848516800070
0.02863150212624
0.02877766364862
0.02892365236950
0.02906946809106
0.02921511061601
0.02936057974755
0.02950587528941
0.02965099704584
0.02979594482158
0.02994071842192
0.03008531765263
0.03022974232002
0.03037399223092
0.03051806719264
0.03066196701304
0.03080569150048
0.03094924046384
0.03109261371251
0.03123581105641
0.03137883230596
0.03152167727211
0.03166434576630
0.03180683760052
0.03194915258725
0.03209129053951
0.03223325127080
0.03237503459518
0.03251664032719
0.03265806828190
0.03279931827491
0.03294039012232
0.03308128364075
0.03322199864733
0.03336253495972
0.03350289239609
0.03364307077513
0.03378306991604
0.03392288963855
0.03406252976288
0.03420199010980
0.03434127050058
0.03448037075700
0.03461929070138
0.03475803015653
0.03489658894580
0.03503496689305
0.03517316382265
0.03531117955948
0.03544901392898
0.03558666675705
0.03572413787015
0.03586142709523
0.03599853425979
0.03613545919180
0.03627220171980
0.03640876167282
0.03654513888039
0.03668133317260
0.03681734438002
0.03695317233377
0.03708881686546
0.03722427780723
0.03735955499174
0.03749464825216
0.03762955742219
0.03776428233604
0.03789882282843
0.03803317873462
0.03816734989036
0.03830133613195
0.03843513729618
0.03856875322036
0.03870218374234
0.03883542870047
0.03896848793363
0.03910136128120
0.03923404858309
0.03936654967973
0.03949886441207
0.03963099262157
0.03976293415020
0.03989468884048
0.04002625653541
0.04015763707853
0.04028883031390
0.04041983608609
0.04055065424018
0.04068128462179
0.04081172707704
0.04094198145258
0.04107204759556
0.04120192535367
0.04133161457511
0.04146111510860
0.04159042680336
0.04171954950915
0.04184848307625
0.04197722735543
0.04210578219802
0.04223414745582
0.04236232298119
0.04249030862698
0.04261810424658
0.04274570969388
0.04287312482329
0.04300034948976
0.04312738354872
0.04325422685614
0.04338087926852
0.04350734064285
0.04363361083666
0.04375968970798
0.04388557711538
0.04401127291792
0.04413677697520
0.04426208914733
0.04438720929494
0.04451213727917
0.04463687296168
0.04476141620466
0.04488576687080
0.04500992482331
0.04513388992592
0.04525766204290
0.04538124103900
0.04550462677950
0.04562781913021
0.04575081795745
0.04587362312805
0.04599623450936
0.04611865196925
0.04624087537611
0.04636290459884
0.04648473950686
0.04660637997012
0.04672782585905
0.04684907704463
0.04697013339835
0.04709099479221
0.04721166109874
0.04733213219095
0.04745240794242
0.04757248822721
0.04769237291990
0.04781206189559
0.04793155502991
0.04805085219898
0.04816995327946
0.04828885814851
0.04840756668381
0.04852607876356
0.04864439426647
0.04876251307177
0.04888043505921
0.04899816010904
0.04911568810204
0.04923301891950
0.04935015244323
0.04946708855554
0.04958382713927
0.04970036807778
0.04981671125492
0.04993285655509
0.05004880386317
0.05016455306458
0.05028010404524
0.05039545669159
0.05051061089058
0.05062556652969
0.05074032349689
0.05085488168069
0.05096924097009
0.05108340125461
0.05119736242431
0.05131112436972
0.05142468698192
0.05153805015249
0.05165121377351
0.05176417773761
0.05187694193788
0.05198950626798
0.05210187062205
0.05221403489474
0.05232599898123
0.05243776277721
0.05254932617887
0.05266068908292
0.05277185138659
0.05288281298761
0.05299357378422
0.05310413367520
0.05321449255981
0.05332465033783
0.05343460690957
0.05354436217582
0.05365391603791
0.05376326839767
0.05387241915743
0.05398136822006
0.05409011548892
0.05419866086788
0.05430700426132
0.05441514557415
0.05452308471178
0.05463082158011
0.05473835608558
0.05484568813513
0.05495281763620
0.05505974449676
0.05516646862527
0.05527298993071
0.05537930832257
0.05548542371085
0.05559133600604
0.05569704511918
0.05580255096178
0.05590785344587
0.05601295248401
0.05611784798923
0.05622253987511
0.05632702805570
0.05643131244559
0.05653539295985
0.05663926951408
0.05674294202439
0.05684641040737
0.05694967458015
0.05705273446034
0.05715558996608
0.05725824101599
0.05736068752924
0.05746292942545
0.05756496662480
0.05766679904795
0.05776842661606
0.05786984925081
0.05797106687439
0.05807207940947
0.05817288677926
0.05827348890744
0.05837388571823
0.05847407713634
0.05857406308697
0.05867384349585
0.05877341828920
0.05887278739375
0.05897195073673
0.05907090824588
0.05916965984943
0.05926820547613
0.05936654505524
0.05946467851649
0.05956260579015
0.05966032680697
0.05975784149822
0.05985514979566
0.05995225163154
0.06004914693865
0.06014583565026
0.06024231770013
0.06033859302254
0.06043466155227
0.06053052322459
0.06062617797529
0.06072162574064
0.06081686645743
0.06091190006294
0.06100672649495
0.06110134569174
0.06119575759210
0.06128996213532
0.06138395926117
0.06147774890994
0.06157133102241
0.06166470553986
0.06175787240407
0.06185083155733
0.06194358294240
0.06203612650258
0.06212846218163
0.06222058992382
0.06231250967393
0.06240422137722
0.06249572497947
0.06258702042692
0.06267810766636
0.06276898664502
0.06285965731068
0.06295011961156
0.06304037349643
0.06313041891453
0.06322025581559
0.06330988414984
0.06339930386802
0.06348851492136
0.06357751726156
0.06366631084085
0.06375489561193
0.06384327152801
0.06393143854278
0.06401939661044
0.06410714568566
0.06419468572364
0.06428201668003
0.06436913851100
0.06445605117321
0.06454275462382
0.06462924882045
0.06471553372125
0.06480160928483
0.06488747547033
0.06497313223734
0.06505857954598
0.06514381735681
0.06522884563094
0.06531366432993
0.06539827341584
0.06548267285123
0.06556686259914
0.06565084262310
0.06573461288713
0.06581817335574
0.06590152399394
0.06598466476719
0.06606759564150
0.06615031658331
0.06623282755958
0.06631512853774
0.06639721948574
0.06647910037197
0.06656077116534
0.06664223183524
0.06672348235154
0.06680452268460
0.06688535280527
0.06696597268487
0.06704638229523
0.06712658160865
0.06720657059791
0.06728634923628
0.06736591749752
0.06744527535588
0.06752442278607
0.06760335976330
0.06768208626326
0.06776060226213
0.06783890773656
0.06791700266369
0.06799488702115
0.06807256078703
0.06815002393992
0.06822727645889
0.06830431832349
0.06838114951374
0.06845777001015
0.06853417979372
0.06861037884591
0.06868636714868
0.06876214468445
0.06883771143614
0.06891306738712
0.06898821252127
0.06906314682294
0.06913787027694
0.06921238286858
0.06928668458364
0.06936077540837
0.06943465532951
0.06950832433427
0.06958178241033
0.06965502954587
0.06972806572951
0.06980089095038
0.06987350519806
0.06994590846262
0.07001810073460
0.07009008200502
0.07016185226537
0.07023341150760
0.07030475972417
0.07037589690797
0.07044682305239
0.07051753815129
0.07058804219900
0.07065833519032
0.07072841712052
0.07079828798535
0.07086794778103
0.07093739650423
0.07100663415213
0.07107566072234
0.07114447621298
0.07121308062260
0.07128147395025
0.07134965619543
0.07141762735812
0.07148538743877
0.07155293643828
0.07162027435805
0.07168740119992
0.07175431696621
0.07182102165969
0.07188751528364
0.07195379784175
0.07201986933821
0.07208572977768
0.07215137916527
0.07221681750655
0.07228204480759
0.07234706107487
0.07241186631539
0.07247646053657
0.07254084374632
0.07260501595300
0.07266897716545
0.07273272739295
0.07279626664526
0.07285959493260
0.07292271226563
0.07298561865551
0.07304831411382
0.07311079865264
0.07317307228447
0.07323513502231
0.07329698687960
0.07335862787023
0.07342005800857
0.07348127730943
0.07354228578809
0.07360308346029
0.07366367034222
0.07372404645053
0.07378421180233
0.07384416641518
0.07390391030711
0.07396344349659
0.07402276600256
0.07408187784440
0.07414077904196
0.07419946961554
0.07425794958589
0.07431621897422
0.07437427780219
0.07443212609191
0.07448976386595
0.07454719114734
0.07460440795954
0.07466141432649
0.07471821027255
0.07477479582255
0.07483117100178
0.07488733583597
0.07494329035129
0.07499903457438
0.07505456853231
0.07510989225262
0.07516500576328
0.07521990909272
0.07527460226981
0.07532908532389
0.07538335828471
0.07543742118249
0.07549127404791
0.07554491691206
0.07559834980652
0.07565157276327
0.07570458581477
0.07575738899391
0.07580998233403
0.07586236586892
0.07591453963278
0.07596650366031
0.07601825798660
0.07606980264722
0.07612113767816
0.07617226311587
0.07622317899721
0.07627388535953
0.07632438224058
0.07637466967856
0.07642474771213
0.07647461638036
0.07652427572278
0.07657372577936
0.07662296659049
0.07667199819703
0.07672082064024
0.07676943396184
0.07681783820399
0.07686603340928
0.07691401962073
0.07696179688181
0.07700936523642
0.07705672472889
0.07710387540399
0.07715081730692
0.07719755048333
0.07724407497928
0.07729039084129
0.07733649811628
0.07738239685164
0.07742808709516
0.07747356889508
0.07751884230007
0.07756390735922
0.07760876412207
0.07765341263858
0.07769785295912
0.07774208513454
0.07778610921606
0.07782992525537
0.07787353330457
0.07791693341620
0.07796012564322
0.07800311003901
0.07804588665740
0.07808845555262
0.07813081677934
0.07817297039265
0.07821491644808
0.07825665500156
0.07829818610947
0.07833950982859
0.07838062621615
0.07842153532978
0.07846223722753
0.07850273196791
0.07854301960980
0.07858310021255
0.07862297383589
0.07866264054001
0.07870210038548
0.07874135343332
0.07878039974496
0.07881923938225
0.07885787240746
0.07889629888327
0.07893451887278
0.07897253243952
0.07901033964743
0.07904794056086
0.07908533524459
0.07912252376380
0.07915950618409
0.07919628257149
0.07923285299242
0.07926921751373
0.07930537620270
0.07934132912698
0.07937707635466
0.07941261795425
0.07944795399467
0.07948308454522
0.07951800967565
0.07955272945611
0.07958724395714
0.07962155324972
0.07965565740522
0.07968955649543
0.07972325059254
0.07975673976916
0.07979002409829
0.07982310365335
0.07985597850817
0.07988864873698
0.07992111441441
0.07995337561551
0.07998543241573
0.08001728489091
0.08004893311733
0.08008037717164
0.08011161713091
0.08014265307260
0.08017348507459
0.08020411321515
0.08023453757295
0.08026475822709
0.08029477525702
0.08032458874263
0.08035419876420
0.08038360540242
0.08041280873834
0.08044180885346
0.08047060582965
0.08049919974918
0.08052759069471
0.08055577874933
0.08058376399649
0.08061154652004
0.08063912640426
0.08066650373378
0.08069367859366
0.08072065106933
0.08074742124664
0.08077398921179
0.08080035505143
0.08082651885255
0.08085248070257
0.08087824068928
0.08090379890088
0.08092915542593
0.08095431035341
0.08097926377268
0.08100401577348
0.08102856644596
0.08105291588064
0.08107706416844
0.08110101140065
0.08112475766896
0.08114830306546
0.08117164768260
0.08119479161323
0.08121773495058
0.08124047778828
0.08126302022032
0.08128536234108
0.08130750424535
0.08132944602827
0.08135118778537
0.08137272961258
0.08139407160620
0.08141521386289
0.08143615647974
0.08145689955416
0.08147744318400
0.08149778746744
0.08151793250306
0.08153787838983
0.08155762522708
0.08157717311452
0.08159652215224
0.08161567244071
0.08163462408077
0.08165337717364
0.08167193182091
0.08169028812455
0.08170844618690
0.08172640611067
0.08174416799896
0.08176173195523
0.08177909808331
0.08179626648741
0.08181323727209
0.08183001054232
0.08184658640341
0.08186296496105
0.08187914632129
0.08189513059056
0.08191091787566
0.08192650828374
0.08194190192235
0.08195709889937
0.08197209932308
0.08198690330209
0.08200151094541
0.08201592236240
0.08203013766279
0.08204415695665
0.08205798035445
0.08207160796700
0.08208503990549
0.08209827628144
0.08211131720677
0.08212416279374
0.08213681315498
0.08214926840346
0.08216152865254
0.08217359401592
0.08218546460767
0.08219714054219
0.08220862193428
0.08221990889907
0.08223100155205
0.08224190000907
0.08225260438635
0.08226311480043
0.08227343136824
0.08228355420704
0.08229348343446
0.08230321916849
0.08231276152744
0.08232211063000
0.08233126659520
0.08234022954244
0.08234899959145
0.08235757686232
0.08236596147548
0.08237415355172
0.08238215321218
0.08238996057834
0.08239757577204
0.08240499891545
0.08241223013109
0.08241926954186
0.08242611727095
0.08243277344195
0.08243923817875
0.08244551160561
0.08245159384712
0.08245748502824
0.08246318527424
0.08246869471075
0.08247401346374
0.08247914165952
0.08248407942473
0.08248882688638
0.08249338417179
0.08249775140863
0.08250192872491
0.08250591624898
0.08250971410953
0.08251332243557
0.08251674135647
0.08251997100192
0.08252301150195
0.08252586298694
0.08252852558759
0.08253099943492
0.08253328466032
0.08253538139548
0.08253728977244
0.08253900992356
0.08254054198156
0.08254188607946
0.08254304235062
0.08254401092873
0.08254479194782
0.08254538554223
0.08254579184666
0.08254601099610
0.08254604312588
0.08254588837169
0.08254554686949
0.08254501875561
0.08254430416668
0.08254340323968
0.08254231611190
0.08254104292094
0.08253958380474
0.08253793890157
0.08253610835001
0.08253409228897
0.08253189085766
0.08252950419564
0.08252693244277
0.08252417573924
0.08252123422557
0.08251810804256
0.08251479733137
0.08251130223346
0.08250762289060
0.08250375944490
0.08249971203876
0.08249548081490
0.08249106591638
0.08248646748654
0.08248168566906
0.08247672060793
0.08247157244743
0.08246624133218
0.08246072740709
0.08245503081741
0.08244915170867
0.08244309022673
0.08243684651776
0.08243042072822
0.08242381300489
0.08241702349487
0.08241005234556
0.08240289970465
0.08239556572016
0.08238805054041
0.08238035431402
0.08237247718992
0.08236441931733
0.08235618084580
0.08234776192517
0.08233916270557
0.08233038333746
0.08232142397158
0.08231228475897
0.08230296585099
0.08229346739928
0.08228378955579
0.08227393247277
0.08226389630277
0.08225368119863
0.08224328731349
0.08223271480079
0.08222196381427
0.08221103450795
0.08219992703616
0.08218864155353
0.08217717821496
0.08216553717567
0.08215371859116
0.08214172261722
0.08212954940994
0.08211719912571
0.08210467192118
0.08209196795331
0.08207908737937
0.08206603035688
0.08205279704368
0.08203938759788
0.08202580217788
0.08201204094237
0.08199810405035
0.08198399166105
0.08196970393405
0.08195524102917
0.08194060310652
0.08192579032652
0.08191080284985
0.08189564083748
0.08188030445066
0.08186479385092
0.08184910920008
0.08183325066023
0.08181721839374
0.08180101256328
0.08178463333177
0.08176808086243
0.08175135531875
0.08173445686448
0.08171738566369
0.08170014188068
0.08168272568006
0.08166513722669
0.08164737668572
0.08162944422257
0.08161134000293
0.08159306419277
0.08157461695833
0.08155599846611
0.08153720888291
0.08151824837576
0.08149911711199
0.08147981525920
0.08146034298525
0.08144070045825
0.08142088784663
0.08140090531902
0.08138075304438
0.08136043119189
0.08133993993102
0.08131927943150
0.08129844986332
0.08127745139673
0.08125628420227
0.08123494845071
0.08121344431310
0.08119177196075
0.08116993156522
0.08114792329835
0.08112574733222
0.08110340383919
0.08108089299186
0.08105821496311
0.08103536992605
0.08101235805407
0.08098917952080
0.08096583450015
0.08094232316626
0.08091864569354
0.08089480225665
0.08087079303051
0.08084661819027
0.08082227791137
0.08079777236948
0.08077310174052
0.08074826620066
0.08072326592634
0.08069810109422
0.08067277188124
0.08064727846458
0.08062162102164
0.08059579973012
0.08056981476791
0.08054366631320
0.08051735454438
0.08049087964012
0.08046424177932
0.08043744114112
0.08041047790492
0.08038335225034
0.08035606435726
0.08032861440581
0.08030100257633
0.08027322904943
0.08024529400596
0.08021719762698
0.08018894009383
0.08016052158805
0.08013194229146
0.08010320238607
0.08007430205417
0.08004524147826
0.08001602084108
0.07998664032562
0.07995710011509
0.07992740039293
0.07989754134283
0.07986752314871
0.07983734599470
0.07980701006519
0.07977651554480
0.07974586261835
0.07971505147093
0.07968408228783
0.07965295525459
0.07962167055696
0.07959022838093
0.07955862891271
0.07952687233875
0.07949495884570
0.07946288862048
0.07943066185018
0.07939827872216
0.07936573942397
0.07933304414342
0.07930019306851
0.07926718638747
0.07923402428877
0.07920070696107
0.07916723459328
0.07913360737452
0.07909982549411
0.07906588914162
0.07903179850683
0.07899755377971
0.07896315515048
0.07892860280957
0.07889389694762
0.07885903775548
0.07882402542422
0.07878886014512
0.07875354210970
0.07871807150965
0.07868244853691
0.07864667338360
0.07861074624208
0.07857466730490
0.07853843676484
0.07850205481487
0.07846552164817
0.07842883745814
0.07839200243839
0.07835501678273
0.07831788068517
0.07828059433993
0.07824315794145
0.07820557168435
0.07816783576349
0.07812995037388
0.07809191571080
0.07805373196967
0.07801539934615
0.07797691803610
0.07793828823556
0.07789951014079
0.07786058394823
0.07782150985455
0.07778228805659
0.07774291875140
0.07770340213622
0.07766373840850
0.07762392776588
0.07758397040619
0.07754386652746
0.07750361632792
0.07746322000598
0.07742267776025
0.07738198978955
0.07734115629287
0.07730017746939
0.07725905351850
0.07721778463976
0.07717637103294
0.07713481289799
0.07709311043504
0.07705126384442
0.07700927332665
0.07696713908242
0.07692486131263
0.07688244021834
0.07683987600082
0.07679716886151
0.07675431900204
0.07671132662422
0.07666819193004
0.07662491512168
0.07658149640151
0.07653793597205
0.07649423403603
0.07645039079635
0.07640640645609
0.07636228121851
0.07631801528704
0.07627360886531
0.07622906215710
0.07618437536639
0.07613954869732
0.07609458235420
0.07604947654154
0.07600423146400
0.07595884732643
0.07591332433384
0.07586766269143
0.07582186260455
0.07577592427873
0.07572984791969
0.07568363373329
0.07563728192557
0.07559079270275
0.07554416627122
0.07549740283750
0.07545050260834
0.07540346579059
0.07535629259133
0.07530898321775
0.07526153787723
0.07521395677734
0.07516624012576
0.07511838813037
0.07507040099920
0.07502227894045
0.07497402216248
0.07492563087381
0.07487710528310
0.07482844559921
0.07477965203113
0.07473072478801
0.07468166407917
0.07463247011407
0.07458314310236
0.07453368325381
0.07448409077836
0.07443436588610
0.07438450878730
0.07433451969234
0.07428439881180
0.07423414635637
0.07418376253693
0.07413324756448
0.07408260165019
0.07403182500537
0.07398091784149
0.07392988037017
0.07387871280317
0.07382741535239
0.07377598822991
0.07372443164792
0.07367274581877
0.07362093095497
0.07356898726915
0.07351691497412
0.07346471428279
0.07341238540824
0.07335992856370
0.07330734396252
0.07325463181820
0.07320179234439
0.07314882575488
0.07309573226359
0.07304251208457
0.07298916543204
0.07293569252034
0.07288209356394
0.07282836877746
0.07277451837565
0.07272054257340
0.07266644158573
0.07261221562781
0.07255786491492
0.07250338966249
0.07244879008608
0.07239406640138
0.07233921882421
0.07228424757054
0.07222915285643
0.07217393489812
0.07211859391194
0.07206313011438
0.07200754372202
0.07195183495161
0.07189600402000
0.07184005114417
0.07178397654123
0.07172778042843
0.07167146302312
0.07161502454279
0.07155846520504
0.07150178522760
0.07144498482835
0.07138806422524
0.07133102363637
0.07127386327998
0.07121658337438
0.07115918413806
0.07110166578957
0.07104402854763
0.07098627263104
0.07092839825873
0.07087040564976
0.07081229502330
0.07075406659861
0.07069572059510
0.07063725723227
0.07057867672976
0.07051997930730
0.07046116518473
0.07040223458203
0.07034318771927
0.07028402481662
0.07022474609440
0.07016535177300
0.07010584207293
0.07004621721483
0.06998647741942
0.06992662290755
0.06986665390015
0.06980657061828
0.06974637328311
0.06968606211589
0.06962563733800
0.06956509917090
0.06950444783617
0.06944368355549
0.06938280655065
0.06932181704352
0.06926071525610
0.06919950141046
0.06913817572879
0.06907673843338
0.06901518974662
0.06895352989097
0.06889175908903
0.06882987756346
0.06876788553706
0.06870578323267
0.06864357087328
0.06858124868193
0.06851881688179
0.06845627569610
0.06839362534821
0.06833086606155
0.06826799805964
0.06820502156610
0.06814193680465
0.06807874399907
0.06801544337327
0.06795203515121
0.06788851955696
0.06782489681469
0.06776116714862
0.06769733078310
0.06763338794252
0.06756933885141
0.06750518373433
0.06744092281597
0.06737655632107
0.06731208447448
0.06724750750112
0.06718282562598
0.06711803907417
0.06705314807083
0.06698815284122
0.06692305361067
0.06685785060457
0.06679254404843
0.06672713416780
0.06666162118832
0.06659600533571
0.06653028683577
0.06646446591436
0.06639854279744
0.06633251771103
0.06626639088121
0.06620016253417
0.06613383289615
0.06606740219346
0.06600087065248
0.06593423849968
0.06586750596160
0.06580067326482
0.06573374063601
0.06566670830193
0.06559957648937
0.06553234542522
0.06546501533641
0.06539758644997
0.06533005899295
0.06526243319252
0.06519470927587
0.06512688747028
0.06505896800309
0.06499095110169
0.06492283699356
0.06485462590621
0.06478631806724
0.06471791370429
0.06464941304508
0.06458081631738
0.06451212374901
0.06444333556786
0.06437445200189
0.06430547327910
0.06423639962754
0.06416723127535
0.06409796845069
0.06402861138180
0.06395916029696
0.06388961542452
0.06381997699287
0.06375024523046
0.06368042036580
0.06361050262742
0.06354049224395
0.06347038944404
0.06340019445639
0.06332990750977
0.06325952883297
0.06318905865486
0.06311849720435
0.06304784471037
0.06297710140194
0.06290626750810
0.06283534325794
0.06276432888060
0.06269322460526
0.06262203066116
0.06255074727755
0.06247937468377
0.06240791310916
0.06233636278312
0.06226472393510
0.06219299679458
0.06212118159108
0.06204927855418
0.06197728791346
0.06190520989857
0.06183304473919
0.06176079266505
0.06168845390589
0.06161602869151
0.06154351725174
0.06147091981644
0.06139823661551
0.06132546787888
0.06125261383652
0.06117967471843
0.06110665075465
0.06103354217524
0.06096034921030
0.06088707208995
0.06081371104437
0.06074026630373
0.06066673809825
0.06059312665819
0.06051943221383
0.06044565499545
0.06037179523341
0.06029785315805
0.06022382899976
0.06014972298895
0.06007553535606
0.06000126633155
0.05992691614590
0.05985248502962
0.05977797321324
0.05970338092732
0.05962870840242
0.05955395586914
0.05947912355811
0.05940421169996
0.05932922052535
0.05925415026495
0.05917900114945
0.05910377340958
0.05902846727606
0.05895308297963
0.05887762075107
0.05880208082115
0.05872646342066
0.05865076878042
0.05857499713125
0.05849914870399
0.05842322372948
0.05834722243860
0.05827114506221
0.05819499183120
0.05811876297648
0.05804245872894
0.05796607931952
0.05788962497912
0.05781309593871
0.05773649242920
0.05765981468157
0.05758306292677
0.05750623739576
0.05742933831952
0.05735236592902
0.05727532045525
0.05719820212921
0.05712101118187
0.05704374784423
0.05696641234729
0.05688900492206
0.05681152579953
0.05673397521072
0.05665635338661
0.05657866055822
0.05650089695655
0.05642306281261
0.05634515835739
0.05626718382190
0.05618913943714
0.05611102543410
0.05603284204377
0.05595458949714
0.05587626802519
0.05579787785890
0.05571941922924
0.05564089236718
0.05556229750367
0.05548363486968
0.05540490469614
0.05532610721399
0.05524724265415
0.05516831124755
0.05508931322509
0.05501024881768
0.05493111825619
0.05485192177150
0.05477265959449
0.05469333195598
0.05461393908684
0.05453448121788
0.05445495857990
0.05437537140371
0.05429571992009
0.05421600435981
0.05413622495360
0.05405638193221
0.05397647552635
0.05389650596671
0.05381647348398
0.05373637830881
0.05365622067186
0.05357600080373
0.05349571893503
0.05341537529633
0.05333497011821
0.05325450363119
0.05317397606579
0.05309338765251
0.05301273862180
0.05293202920411
0.05285125962987
0.05277043012947
0.05268954093327
0.05260859227162
0.05252758437484
0.05244651747322
0.05236539179701
0.05228420757645
0.05220296504176
0.05212166442309
0.05204030595061
0.05195888985442
0.05187741636461
0.05179588571124
0.05171429812433
0.05163265383387
0.05155095306982
0.05146919606210
0.05138738304060
0.05130551423519
0.05122358987567
0.05114161019185
0.05105957541347
0.05097748577024
0.05089534149184
0.05081314280792
0.05073088994807
0.05064858314187
0.05056622261883
0.05048380860845
0.05040134134016
0.05031882104338
0.05023624794748
0.05015362228176
0.05007094427553
0.04998821415801
0.04990543215841
0.04982259850588
0.04973971342952
0.04965677715841
0.04957378992156
0.04949075194795
0.04940766346652
0.04932452470613
0.04924133589563
0.04915809726381
0.04907480903941
0.04899147145111
0.04890808472757
0.04882464909738
0.04874116478909
0.04865763203118
0.04857405105210
0.04849042208024
0.04840674534395
0.04832302107151
0.04823924949115
0.04815543083106
0.04807156531936
0.04798765318414
0.04790369465340
0.04781968995511
0.04773563931718
0.04765154296746
0.04756740113374
0.04748321404377
0.04739898192522
0.04731470500571
0.04723038351280
0.04714601767400
0.04706160771676
0.04697715386845
0.04689265635640
0.04680811540787
0.04672353125006
0.04663890411010
0.04655423421508
0.04646952179201
0.04638476706783
0.04629997026942
0.04621513162361
0.04613025135716
0.04604532969675
0.04596036686900
0.04587536310047
0.04579031861765
0.04570523364696
0.04562010841476
0.04553494314734
0.04544973807090
0.04536449341160
0.04527920939552
0.04519388624865
0.04510852419695
0.04502312346627
0.04493768428240
0.04485220687108
0.04476669145794
0.04468113826856
0.04459554752844
0.04450991946302
0.04442425429763
0.04433855225757
0.04425281356803
0.04416703845413
0.04408122714094
0.04399537985341
0.04390949681645
0.04382357825487
0.04373762439341
0.04365163545673
0.04356561166941
0.04347955325595
0.04339346044077
0.04330733344821
0.04322117250253
0.04313497782790
0.04304874964842
0.04296248818810
0.04287619367087
0.04278986632057
0.04270350636097
0.04261711401574
0.04253068950848
0.04244423306268
0.04235774490177
0.04227122524908
0.04218467432786
0.04209809236128
0.04201147957239
0.04192483618419
0.04183816241957
0.04175145850134
0.04166472465221
0.04157796109481
0.04149116805168
0.04140434574526
0.04131749439790
0.04123061423187
0.04114370546934
0.04105676833238
0.04096980304297
0.04088280982301
0.04079578889429
0.04070874047852
0.04062166479729
0.04053456207212
0.04044743252443
0.04036027637553
0.04027309384664
0.04018588515889
0.04009865053330
0.04001139019081
0.03992410435224
0.03983679323832
0.03974945706968
0.03966209606686
0.03957471045028
0.03948730044027
0.03939986625707
0.03931240812079
0.03922492625147
0.03913742086902
0.03904989219327
0.03896234044392
0.03887476584059
0.03878716860279
0.03869954894991
0.03861190710126
0.03852424327602
0.03843655769327
0.03834885057201
0.03826112213108
0.03817337258927
0.03808560216522
0.03799781107749
0.03790999954450
0.03782216778459
0.03773431601598
0.03764644445677
0.03755855332497
0.03747064283846
0.03738271321501
0.03729476467230
0.03720679742787
0.03711881169916
0.03703080770350
0.03694278565809
0.03685474578005
0.03676668828634
0.03667861339385
0.03659052131932
0.03650241227939
0.03641428649059
0.03632614416931
0.03623798553184
0.03614981079437
0.03606162017293
0.03597341388346
0.03588519214179
0.03579695516359
0.03570870316446
0.03562043635985
0.03553215496509
0.03544385919541
0.03535554926589
0.03526722539150
0.03517888778711
0.03509053666742
0.03500217224706
0.03491379474051
0.03482540436211
0.03473700132611
0.03464858584661
0.03456015813759
0.03447171841293
0.03438326688634
0.03429480377143
0.03420632928169
0.03411784363047
0.03402934703099
0.03394083969635
0.03385232183952
0.03376379367334
0.03367525541052
0.03358670726364
0.03349814944515
0.03340958216737
0.03332100564250
0.03323242008259
0.03314382569957
0.03305522270524
0.03296661131125
0.03287799172914
0.03278936417031
0.03270072884602
0.03261208596739
0.03252343574543
0.03243477839099
0.03234611411479
0.03225744312743
0.03216876563936
0.03208008186090
0.03199139200222
0.03190269627336
0.03181399488424
0.03172528804462
0.03163657596412
0.03154785885224
0.03145913691832
0.03137041037158
0.03128167942109
0.03119294427577
0.03110420514442
0.03101546223569
0.03092671575807
0.03083796591994
0.03074921292951
0.03066045699487
0.03057169832395
0.03048293712454
0.03039417360430
0.03030540797072
0.03021664043116
0.03012787119285
0.03003910046284
0.02995032844807
0.02986155535530
0.02977278139117
0.02968400676216
0.02959523167460
0.02950645633469
0.02941768094846
0.02932890572181
0.02924013086047
0.02915135657003
0.02906258305595
0.02897381052351
0.02888503917785
0.02879626922398
0.02870750086671
0.02861873431076
0.02852996976064
0.02844120742075
0.02835244749531
0.02826369018841
0.02817493570397
0.02808618424576
0.02799743601739
0.02790869122234
0.02781995006390
0.02773121274522
0.02764247946931
0.02755375043900
0.02746502585698
0.02737630592577
0.02728759084774
0.02719888082510
0.02711017605991
0.02702147675407
0.02693278310930
0.02684409532718
0.02675541360914
0.02666673815644
0.02657806917016
0.02648940685126
0.02640075140050
0.02631210301850
0.02622346190572
0.02613482826244
0.02604620228881
0.02595758418477
0.02586897415015
0.02578037238458
0.02569177908753
0.02560319445833
0.02551461869611
0.02542605199986
0.02533749456840
0.02524894660039
0.02516040829431
0.02507187984848
0.02498336146105
0.02489485333002
0.02480635565320
0.02471786862825
0.02462939245265
0.02454092732371
0.02445247343859
0.02436403099426
0.02427560018753
0.02418718121503
0.02409877427325
0.02401037955848
0.02392199726685
0.02383362759430
0.02374527073664
0.02365692688947
0.02356859624823
0.02348027900819
0.02339197536446
0.02330368551195
0.02321540964541
0.02312714795941
0.02303890064837
0.02295066790650
0.02286244992786
0.02277424690633
0.02268605903560
0.02259788650921
0.02250972952049
0.02242158826263
0.02233346292863
0.02224535371129
0.02215726080326
0.02206918439701
0.02198112468481
0.02189308185879
0.02180505611085
0.02171704763276
0.02162905661608
0.02154108325219
0.02145312773232
0.02136519024749
0.02127727098854
0.02118937014615
0.02110148791079
0.02101362447277
0.02092578002221
0.02083795474906
0.02075014884306
0.02066236249379
0.02057459589064
0.02048684922281
0.02039912267933
0.02031141644903
0.02022373072057
0.02013606568241
0.02004842152284
0.01996079842995
0.01987319659165
0.01978561619567
0.01969805742955
0.01961052048063
0.01952300553608
0.01943551278288
0.01934804240781
0.01926059459747
0.01917316953828
0.01908576741646
0.01899838841803
0.01891103272886
0.01882370053459
0.01873639202068
0.01864910737241
0.01856184677487
0.01847461041295
0.01838739847134
0.01830021113456
0.01821304858693
0.01812591101257
0.01803879859541
0.01795171151920
0.01786464996749
0.01777761412363
0.01769060417078
0.01760362029190
0.01751666266977
0.01742973148697
0.01734282692588
0.01725594916869
0.01716909839739
0.01708227479378
0.01699547853946
0.01690870981583
0.01682196880411
0.01673525568529
0.01664857064021
0.01656191384946
0.01647528549348
0.01638868575248
0.01630211480648
0.01621557283531
0.01612906001859
0.01604257653574
0.01595612256601
0.01586969828839
0.01578330388174
0.01569693952466
0.01561060539559
0.01552430167275
0.01543802853417
0.01535178615765
0.01526557472083
0.01517939440112
0.01509324537573
0.01500712782168
0.01492104191578
0.01483498783463
0.01474896575464
0.01466297585200
0.01457701830272
0.01449109328258
0.01440520096716
0.01431934153186
0.01423351515184
0.01414772200207
0.01406196225733
0.01397623609218
0.01389054368095
0.01380488519781
0.01371926081669
0.01363367071133
0.01354811505525
0.01346259402176
0.01337710778399
0.01329165651483
0.01320624038697
0.01312085957291
0.01303551424491
0.01295020457505
0.01286493073518
0.01277969289695
0.01269449123181
0.01260932591097
0.01252419710546
0.01243910498608
0.01235404972344
0.01226903148790
0.01218405044966
0.01209910677867
0.01201420064467
0.01192933221722
0.01184450166562
0.01175970915901
0.01167495486626
0.01159023895608
0.01150556159693
0.01142092295707
0.01133632320455
0.01125176250720
0.01116724103263
0.01108275894825
0.01099831642123
0.01091391361856
0.01082955070699
0.01074522785305
0.01066094522308
0.01057670298317
0.01049250129923
0.01040834033692
0.01032422026170
0.01024014123881
0.01015610343328
0.01007210700990
0.00998815213328
0.00990423896777
0.00982036767753
0.00973653842648
0.00965275137835
0.00956900669663
0.00948530454458
0.00940164508527
0.00931802848153
0.00923445489597
0.00915092449100
0.00906743742878
0.00898399387126
0.00890059398019
0.00881723791707
0.00873392584320
0.00865065791963
0.00856743430722
0.00848425516659
0.00840112065814
0.00831803094205
0.00823498617828
0.00815198652657
0.00806903214641
0.00798612319711
0.00790325983771
0.00782044222706
0.00773767052378
0.00765494488626
0.00757226547266
0.00748963244092
0.00740704594875
0.00732450615366
0.00724201321290
0.00715956728352
0.00707716852232
0.00699481708590
0.00691251313062
0.00683025681261
0.00674804828778
0.00666588771181
0.00658377524015
0.00650171102803
0.00641969523046
0.00633772800219
0.00625580949778
0.00617393987154
0.00609211927755
0.00601034786968
0.00592862580154
0.00584695322655
0.00576533029787
0.00568375716844
0.00560223399097
0.00552076091795
0.00543933810163
0.00535796569403
0.00527664384693
0.00519537271190
0.00511415244027
0.00503298318313
0.00495186509136
0.00487079831558
0.00478978300620
0.00470881931340
0.00462790738710
0.00454704737703
0.00446623943265
0.00438548370320
0.00430478033770
0.00422412948493
0.00414353129341
0.00406298591147
0.00398249348718
0.00390205416839
0.00382166810269
0.00374133543747
0.00366105631986
0.00358083089677
0.00350065931487
0.00342054172059
0.00334047826015
0.00326046907949
0.00318051432435
0.00310061414022
0.00302076867237
0.00294097806581
0.00286124246533
0.00278156201548
0.00270193686058
0.00262236714469
0.00254285301165
0.00246339460508
0.00238399206833
0.00230464554454
0.00222535517658
0.00214612110712
0.00206694347857
0.00198782243309
0.00190875811264
0.00182975065891
0.00175080021336
0.00167190691721
0.00159307091145
0.00151429233681
0.00143557133380
0.00135690804269
0.00127830260350
0.00119975515602
0.00112126583979
0.00104283479411
0.00096446215805
0.00088614807044
0.00080789266985
0.00072969609463
0.00065155848288
0.00057347997247
0.00049546070100
0.00041750080586
0.00033960042419
0.00026175969287
0.00018397874856
0.00010625772768
0.00002859676638
-0.00004900399941
-0.00012654443400
-0.00020402440195
-0.00028144376807
-0.00035880239740
-0.00043610015524
-0.00051333690711
-0.00059051251878
-0.00066762685629
-0.00074467978589
-0.00082167117409
-0.00089860088763
-0.00097546879353
-0.00105227475900
-0.00112901865155
-0.00120570033890
-0.00128231968902
-0.00135887657013
-0.00143537085070
-0.00151180239943
-0.00158817108528
-0.00166447677745
-0.00174071934538
-0.00181689865877
-0.00189301458755
-0.00196906700190
-0.00204505577226
-0.00212098076931
-0.00219684186396
-0.00227263892738
-0.00234837183099
-0.00242404044645
-0.00249964464568
-0.00257518430082
-0.00265065928429
-0.00272606946873
-0.00280141472704
-0.00287669493238
-0.00295190995813
-0.00302705967793
-0.00310214396569
-0.00317716269553
-0.00325211574185
-0.00332700297928
-0.00340182428270
-0.00347657952725
-0.00355126858831
-0.00362589134150
-0.00370044766272
-0.00377493742808
-0.00384936051398
-0.00392371679702
-0.00399800615410
-0.00407222846233
-0.00414638359910
-0.00422047144204
-0.00429449186901
-0.00436844475814
-0.00444232998782
-0.00451614743667
-0.00458989698356
-0.00466357850763
-0.00473719188826
-0.00481073700507
-0.00488421373794
-0.00495762196702
-0.00503096157267
-0.00510423243554
-0.00517743443651
-0.00525056745673
-0.00532363137756
-0.00539662608067
-0.00546955144794
-0.00554240736151
-0.00561519370378
-0.00568791035741
-0.00576055720528
-0.00583313413056
-0.00590564101665
-0.00597807774720
-0.00605044420613
-0.00612274027760
-0.00619496584603
-0.00626712079609
-0.00633920501269
-0.00641121838102
-0.00648316078650
-0.00655503211481
-0.00662683225190
-0.00669856108394
-0.00677021849738
-0.00684180437891
-0.00691331861550
-0.00698476109433
-0.00705613170287
-0.00712743032883
-0.00719865686018
-0.00726981118513
-0.00734089319217
-0.00741190277001
-0.00748283980764
-0.00755370419431
-0.00762449581949
-0.00769521457295
-0.00776586034468
-0.00783643302495
-0.00790693250425
-0.00797735867337
-0.00804771142332
-0.00811799064537
-0.00818819623108
-0.00825832807221
-0.00832838606083
-0.00839837008921
-0.00846828004994
-0.00853811583580
-0.00860787733987
-0.00867756445548
-0.00874717707620
-0.00881671509586
-0.00888617840857
-0.00895556690865
-0.00902488049073
-0.00909411904965
-0.00916328248054
-0.00923237067877
-0.00930138353996
-0.00937032096000
-0.00943918283504
-0.00950796906147
-0.00957667953595
-0.00964531415540
-0.00971387281697
-0.00978235541811
-0.00985076185649
-0.00991909203006
-0.00998734583700
-0.01005552317579
-0.01012362394513
-0.01019164804399
-0.01025959537161
-0.01032746582746
-0.01039525931128
-0.01046297572309
-0.01053061496314
-0.01059817693194
-0.01066566153026
-0.01073306865915
-0.01080039821988
-0.01086765011401
-0.01093482424335
-0.01100192050995
-0.01106893881613
-0.01113587906449
-0.01120274115785
-0.01126952499931
-0.01133623049224
-0.01140285754023
-0.01146940604716
-0.01153587591717
-0.01160226705464
-0.01166857936422
-0.01173481275082
-0.01180096711959
-0.01186704237597
-0.01193303842563
-0.01199895517452
-0.01206479252884
-0.01213055039504
-0.01219622867984
-0.01226182729022
-0.01232734613341
-0.01239278511692
-0.01245814414848
-0.01252342313612
-0.01258862198811
-0.01265374061298
-0.01271877891952
-0.01278373681677
-0.01284861421406
-0.01291341102094
-0.01297812714724
-0.01304276250306
-0.01310731699873
-0.01317179054487
-0.01323618305233
-0.01330049443226
-0.01336472459602
-0.01342887345526
-0.01349294092189
-0.01355692690808
-0.01362083132623
-0.01368465408905
-0.01374839510946
-0.01381205430068
-0.01387563157616
-0.01393912684963
-0.01400254003507
-0.01406587104672
-0.01412911979907
-0.01419228620691
-0.01425537018524
-0.01431837164934
-0.01438129051476
-0.01444412669730
-0.01450688011302
-0.01456955067824
-0.01463213830954
-0.01469464292377
-0.01475706443802
-0.01481940276966
-0.01488165783630
-0.01494382955584
-0.01500591784641
-0.01506792262641
-0.01512984381450
-0.01519168132962
-0.01525343509093
-0.01531510501789
-0.01537669103019
-0.01543819304779
-0.01549961099093
-0.01556094478009
-0.01562219433600
-0.01568335957967
-0.01574444043237
-0.01580543681562
-0.01586634865120
-0.01592717586116
-0.01598791836780
-0.01604857609369
-0.01610914896166
-0.01616963689478
-0.01623003981641
-0.01629035765015
-0.01635059031986
-0.01641073774968
-0.01647079986399
-0.01653077658744
-0.01659066784493
-0.01665047356163
-0.01671019366297
-0.01676982807464
-0.01682937672259
-0.01688883953301
-0.01694821643239
-0.01700750734745
-0.01706671220518
-0.01712583093283
-0.01718486345791
-0.01724380970818
-0.01730266961167
-0.01736144309669
-0.01742013009176
-0.01747873052572
-0.01753724432762
-0.01759567142679
-0.01765401175282
-0.01771226523557
-0.01777043180515
-0.01782851139192
-0.01788650392651
-0.01794440933982
-0.01800222756300
-0.01805995852744
-0.01811760216483
-0.01817515840710
-0.01823262718643
-0.01829000843527
-0.01834730208633
-0.01840450807258
-0.01846162632725
-0.01851865678383
-0.01857559937607
-0.01863245403797
-0.01868922070381
-0.01874589930810
-0.01880248978564
-0.01885899207147
-0.01891540610090
-0.01897173180950
-0.01902796913308
-0.01908411800774
-0.01914017836982
-0.01919615015593
-0.01925203330291
-0.01930782774791
-0.01936353342829
-0.01941915028170
-0.01947467824605
-0.01953011725948
-0.01958546726042
-0.01964072818755
-0.01969589997980
-0.01975098257637
-0.01980597591671
-0.01986087994054
-0.01991569458782
-0.01997041979880
-0.02002505551397
-0.02007960167406
-0.02013405822010
-0.02018842509334
-0.02024270223531
-0.02029688958780
-0.02035098709285
-0.02040499469277
-0.02045891233010
-0.02051273994768
-0.02056647748857
-0.02062012489612
-0.02067368211391
-0.02072714908580
-0.02078052575590
-0.02083381206857
-0.02088700796845
-0.02094011340042
-0.02099312830962
-0.02104605264145
-0.02109888634157
-0.02115162935589
-0.02120428163060
-0.02125684311212
-0.02130931374714
-0.02136169348262
-0.02141398226575
-0.02146618004399
-0.02151828676508
-0.02157030237698
-0.02162222682793
-0.02167406006643
-0.02172580204121
-0.02177745270130
-0.02182901199594
-0.02188047987467
-0.02193185628727
-0.02198314118375
-0.02203433451443
-0.02208543622984
-0.02213644628080
-0.02218736461835
-0.02223819119383
-0.02228892595881
-0.02233956886511
-0.02239011986483
-0.02244057891032
-0.02249094595416
-0.02254122094923
-0.02259140384862
-0.02264149460572
-0.02269149317414
-0.02274139950777
-0.02279121356074
-0.02284093528745
-0.02289056464255
-0.02294010158093
-0.02298954605777
-0.02303889802846
-0.02308815744869
-0.02313732427439
-0.02318639846172
-0.02323537996713
-0.02328426874731
-0.02333306475921
-0.02338176796002
-0.02343037830721
-0.02347889575848
-0.02352732027180
-0.02357565180539
-0.02362389031772
-0.02367203576754
-0.02372008811381
-0.02376804731577
-0.02381591333293
-0.02386368612502
-0.02391136565205
-0.02395895187427
-0.02400644475219
-0.02405384424656
-0.02410115031842
-0.02414836292902
-0.02419548203989
-0.02424250761281
-0.02428943960980
-0.02433627799315
-0.02438302272539
-0.02442967376932
-0.02447623108797
-0.02452269464464
-0.02456906440288
-0.02461534032649
-0.02466152237953
-0.02470761052629
-0.02475360473133
-0.02479950495948
-0.02484531117578
-0.02489102334555
-0.02493664143436
-0.02498216540804
-0.02502759523264
-0.02507293087450
-0.02511817230018
-0.02516331947651
-0.02520837237056
-0.02525333094968
-0.02529819518143
-0.02534296503364
-0.02538764047440
-0.02543222147205
-0.02547670799515
-0.02552110001255
-0.02556539749333
-0.02560960040683
-0.02565370872263
-0.02569772241057
-0.02574164144073
-0.02578546578345
-0.02582919540932
-0.02587283028917
-0.02591637039408
-0.02595981569539
-0.02600316616469
-0.02604642177382
-0.02608958249484
-0.02613264830010
-0.02617561916218
-0.02621849505391
-0.02626127594836
-0.02630396181887
-0.02634655263902
-0.02638904838262
-0.02643144902375
-0.02647375453674
-0.02651596489615
-0.02655808007680
-0.02660010005375
-0.02664202480233
-0.02668385429810
-0.02672558851685
-0.02676722743465
-0.02680877102781
-0.02685021927286
-0.02689157214662
-0.02693282962612
-0.02697399168867
-0.02701505831178
-0.02705602947326
-0.02709690515113
-0.02713768532367
-0.02717836996941
-0.02721895906711
-0.02725945259579
-0.02729985053472
-0.02734015286339
-0.02738035956157
-0.02742047060925
-0.02746048598668
-0.02750040567434
-0.02754022965297
-0.02757995790355
-0.02761959040730
-0.02765912714569
-0.02769856810044
-0.02773791325349
-0.02777716258706
-0.02781631608359
-0.02785537372576
-0.02789433549652
-0.02793320137904
-0.02797197135673
-0.02801064541328
-0.02804922353257
-0.02808770569876
-0.02812609189626
-0.02816438210969
-0.02820257632393
-0.02824067452410
-0.02827867669558
-0.02831658282396
-0.02835439289510
-0.02839210689509
-0.02842972481025
-0.02846724662718
-0.02850467233267
-0.02854200191380
-0.02857923535785
-0.02861637265238
-0.02865341378515
-0.02869035874420
-0.02872720751779
-0.02876396009442
-0.02880061646283
-0.02883717661202
-0.02887364053120
-0.02891000820984
-0.02894627963764
-0.02898245480456
-0.02901853370076
-0.02905451631669
-0.02909040264299
-0.02912619267057
-0.02916188639058
-0.02919748379439
-0.02923298487361
-0.02926838962012
-0.02930369802599
-0.02933891008358
-0.02937402578543
-0.02940904512438
-0.02944396809346
-0.02947879468595
-0.02951352489539
-0.02954815871552
-0.02958269614035
-0.02961713716411
-0.02965148178127
-0.02968572998653
-0.02971988177484
-0.02975393714139
-0.02978789608157
-0.02982175859106
-0.02985552466572
-0.02988919430170
-0.02992276749534
-0.02995624424324
-0.02998962454223
-0.03002290838937
-0.03005609578197
-0.03008918671755
-0.03012218119389
-0.03015507920899
-0.03018788076108
-0.03022058584864
-0.03025319447037
-0.03028570662520
-0.03031812231232
-0.03035044153113
-0.03038266428126
-0.03041479056258
-0.03044682037521
-0.03047875371948
-0.03051059059595
-0.03054233100543
-0.03057397494896
-0.03060552242780
-0.03063697344344
-0.03066832799763
-0.03069958609231
-0.03073074772968
-0.03076181291217
-0.03079278164242
-0.03082365392333
-0.03085442975801
-0.03088510914981
-0.03091569210230
-0.03094617861928
-0.03097656870481
-0.03100686236313
-0.03103705959875
-0.03106716041639
-0.03109716482101
-0.03112707281779
-0.03115688441214
-0.03118659960970
-0.03121621841635
-0.03124574083817
-0.03127516688149
-0.03130449655288
-0.03133372985910
-0.03136286680717
-0.03139190740432
-0.03142085165802
-0.03144969957595
-0.03147845116604
-0.03150710643642
-0.03153566539547
-0.03156412805178
-0.03159249441418
-0.03162076449171
-0.03164893829365
-0.03167701582950
-0.03170499710897
-0.03173288214203
-0.03176067093885
-0.03178836350982
-0.03181595986556
-0.03184346001694
-0.03187086397501
-0.03189817175109
-0.03192538335668
-0.03195249880352
-0.03197951810360
-0.03200644126910
-0.03203326831243
-0.03205999924622
-0.03208663408334
-0.03211317283688
-0.03213961552012
-0.03216596214660
-0.03219221273007
-0.03221836728449
-0.03224442582405
-0.03227038836317
-0.03229625491649
-0.03232202549884
-0.03234770012531
-0.03237327881120
-0.03239876157201
-0.03242414842348
-0.03244943938158
-0.03247463446246
-0.03249973368253
-0.03252473705840
-0.03254964460691
-0.03257445634509
-0.03259917229023
-0.03262379245981
-0.03264831687154
-0.03267274554335
-0.03269707849336
-0.03272131573996
-0.03274545730170
-0.03276950319740
-0.03279345344605
-0.03281730806690
-0.03284106707937
-0.03286473050314
-0.03288829835808
-0.03291177066429
-0.03293514744208
-0.03295842871196
-0.03298161449469
-0.03300470481121
-0.03302769968270
-0.03305059913054
-0.03307340317634
-0.03309611184189
-0.03311872514925
-0.03314124312064
-0.03316366577852
-0.03318599314556
-0.03320822524464
-0.03323036209886
-0.03325240373153
-0.03327435016617
-0.03329620142650
-0.03331795753648
-0.03333961852026
-0.03336118440221
-0.03338265520692
-0.03340403095917
-0.03342531168396
-0.03344649740652
-0.03346758815226
-0.03348858394682
-0.03350948481604
-0.03353029078598
-0.03355100188291
-0.03357161813330
-0.03359213956382
-0.03361256620139
-0.03363289807309
-0.03365313520623
-0.03367327762835
-0.03369332536715
-0.03371327845059
-0.03373313690679
-0.03375290076412
-0.03377257005112
-0.03379214479657
-0.03381162502944
-0.03383101077890
-0.03385030207434
-0.03386949894535
-0.03388860142173
-0.03390760953348
-0.03392652331081
-0.03394534278413
-0.03396406798407
-0.03398269894144
-0.03400123568727
-0.03401967825280
-0.03403802666947
-0.03405628096891
-0.03407444118296
-0.03409250734369
-0.03411047948334
-0.03412835763436
-0.03414614182941
-0.03416383210135
-0.03418142848325
-0.03419893100836
-0.03421633971016
-0.03423365462231
-0.03425087577867
-0.03426800321334
-0.03428503696056
-0.03430197705482
-0.03431882353078
-0.03433557642333
-0.03435223576753
-0.03436880159866
-0.03438527395218
-0.03440165286378
-0.03441793836932
-0.03443413050486
-0.03445022930669
-0.03446623481126
-0.03448214705524
-0.03449796607549
-0.03451369190907
-0.03452932459325
-0.03454486416547
-0.03456031066338
-0.03457566412484
-0.03459092458789
-0.03460609209077
-0.03462116667192
-0.03463614836997
-0.03465103722374
-0.03466583327227
-0.03468053655478
-0.03469514711066
-0.03470966497954
-0.03472409020122
-0.03473842281569
-0.03475266286314
-0.03476681038395
-0.03478086541871
-0.03479482800818
-0.03480869819332
-0.03482247601530
-0.03483616151545
-0.03484975473533
-0.03486325571665
-0.03487666450135
-0.03488998113154
-0.03490320564952
-0.03491633809780
-0.03492937851906
-0.03494232695617
-0.03495518345221
-0.03496794805044
-0.03498062079429
-0.03499320172741
-0.03500569089363
-0.03501808833696
-0.03503039410160
-0.03504260823194
-0.03505473077257
-0.03506676176825
-0.03507870126394
-0.03509054930479
-0.03510230593611
-0.03511397120344
-0.03512554515246
-0.03513702782909
-0.03514841927938
-0.03515971954960
-0.03517092868620
-0.03518204673581
-0.03519307374526
-0.03520400976154
-0.03521485483184
-0.03522560900354
-0.03523627232419
-0.03524684484153
-0.03525732660348
-0.03526771765815
-0.03527801805384
-0.03528822783901
-0.03529834706232
-0.03530837577261
-0.03531831401890
-0.03532816185039
-0.03533791931646
-0.03534758646668
-0.03535716335079
-0.03536665001872
-0.03537604652058
-0.03538535290666
-0.03539456922741
-0.03540369553350
-0.03541273187573
-0.03542167830513
-0.03543053487288
-0.03543930163033
-0.03544797862903
-0.03545656592071
-0.03546506355725
-0.03547347159073
-0.03548179007341
-0.03549001905772
-0.03549815859626
-0.03550620874182
-0.03551416954735
-0.03552204106600
-0.03552982335107
-0.03553751645606
-0.03554512043462
-0.03555263534059
-0.03556006122798
-0.03556739815099
-0.03557464616397
-0.03558180532145
-0.03558887567816
-0.03559585728896
-0.03560275020892
-0.03560955449326
-0.03561627019738
-0.03562289737687
-0.03562943608745
-0.03563588638506
-0.03564224832577
-0.03564852196585
-0.03565470736174
-0.03566080457003
-0.03566681364749
-0.03567273465107
-0.03567856763789
-0.03568431266521
-0.03568996979050
-0.03569553907138
-0.03570102056564
-0.03570641433123
-0.03571172042628
-0.03571693890909
-0.03572206983812
-0.03572711327200
-0.03573206926953
-0.03573693788967
-0.03574171919156
-0.03574641323449
-0.03575102007792
-0.03575553978150
-0.03575997240500
-0.03576431800839
-0.03576857665181
-0.03577274839553
-0.03577683330002
-0.03578083142590
-0.03578474283394
-0.03578856758510
-0.03579230574049
-0.03579595736137
-0.03579952250920
-0.03580300124556
-0.03580639363223
-0.03580969973111
-0.03581291960431
-0.03581605331407
-0.03581910092279
-0.03582206249304
-0.03582493808756
-0.03582772776924
-0.03583043160113
-0.03583304964643
-0.03583558196852
-0.03583802863093
-0.03584038969735
-0.03584266523162
-0.03584485529776
-0.03584695995991
-0.03584897928242
-0.03585091332975
-0.03585276216655
-0.03585452585760
-0.03585620446787
-0.03585779806245
-0.03585930670661
-0.03586073046577
-0.03586206940551
-0.03586332359155
-0.03586449308979
-0.03586557796627
-0.03586657828717
-0.03586749411885
-0.03586832552782
-0.03586907258072
-0.03586973534438
-0.03587031388575
-0.03587080827196
-0.03587121857027
-0.03587154484811
-0.03587178717304
-0.03587194561280
-0.03587202023526
-0.03587201110845
-0.03587191830056
-0.03587174187990
-0.03587148191496
-0.03587113847437
-0.03587071162691
-0.03587020144152
-0.03586960798726
-0.03586893133337
-0.03586817154922
-0.03586732870434
-0.03586640286841
-0.03586539411123
-0.03586430250279
-0.03586312811319
-0.03586187101270
-0.03586053127172
-0.03585910896082
-0.03585760415069
-0.03585601691218
-0.03585434731628
-0.03585259543414
-0.03585076133703
-0.03584884509638
-0.03584684678376
-0.03584476647090
-0.03584260422964
-0.03584036013199
-0.03583803425010
-0.03583562665626
-0.03583313742290
-0.03583056662259
-0.03582791432805
-0.03582518061213
-0.03582236554785
-0.03581946920833
-0.03581649166686
-0.03581343299687
-0.03581029327190
-0.03580707256568
-0.03580377095203
-0.03580038850495
-0.03579692529854
-0.03579338140708
-0.03578975690495
-0.03578605186670
-0.03578226636701
-0.03577840048067
-0.03577445428265
-0.03577042784803
-0.03576632125203
-0.03576213457001
-0.03575786787748
-0.03575352125005
-0.03574909476351
-0.03574458849375
-0.03574000251682
-0.03573533690888
-0.03573059174624
-0.03572576710536
-0.03572086306279
-0.03571587969525
-0.03571081707960
-0.03570567529279
-0.03570045441194
-0.03569515451429
-0.03568977567722
-0.03568431797823
-0.03567878149495
-0.03567316630516
-0.03566747248675
-0.03566170011775
-0.03565584927633
-0.03564992004078
-0.03564391248951
-0.03563782670107
-0.03563166275415
-0.03562542072755
-0.03561910070020
-0.03561270275118
-0.03560622695967
-0.03559967340500
-0.03559304216661
-0.03558633332408
-0.03557954695711
-0.03557268314554
-0.03556574196930
-0.03555872350850
-0.03555162784332
-0.03554445505411
-0.03553720522133
-0.03552987842554
-0.03552247474747
-0.03551499426794
-0.03550743706790
-0.03549980322844
-0.03549209283075
-0.03548430595616
-0.03547644268612
-0.03546850310219
-0.03546048728607
-0.03545239531958
-0.03544422728464
-0.03543598326331
-0.03542766333778
-0.03541926759033
-0.03541079610340
-0.03540224895950
-0.03539362624132
-0.03538492803161
-0.03537615441328
-0.03536730546934
-0.03535838128294
-0.03534938193731
-0.03534030751584
-0.03533115810200
-0.03532193377941
-0.03531263463178
-0.03530326074296
-0.03529381219691
-0.03528428907769
-0.03527469146949
-0.03526501945661
-0.03525527312348
-0.03524545255463
-0.03523555783470
-0.03522558904846
-0.03521554628079
-0.03520542961668
-0.03519523914122
-0.03518497493964
-0.03517463709727
-0.03516422569955
-0.03515374083204
-0.03514318258040
-0.03513255103041
-0.03512184626796
-0.03511106837906
-0.03510021744981
-0.03508929356644
-0.03507829681528
-0.03506722728276
-0.03505608505546
-0.03504487022002
-0.03503358286322
-0.03502222307193
-0.03501079093314
-0.03499928653396
-0.03498770996157
-0.03497606130330
-0.03496434064656
-0.03495254807888
-0.03494068368788
-0.03492874756131
-0.03491673978700
-0.03490466045292
-0.03489250964710
-0.03488028745772
-0.03486799397304
-0.03485562928142
-0.03484319347135
-0.03483068663139
-0.03481810885022
-0.03480546021664
-0.03479274081953
-0.03477995074788
-0.03476709009078
-0.03475415893742
-0.03474115737710
-0.03472808549922
-0.03471494339328
-0.03470173114887
-0.03468844885570
-0.03467509660356
-0.03466167448236
-0.03464818258209
-0.03463462099286
-0.03462098980486
-0.03460728910839
-0.03459351899384
-0.03457967955171
-0.03456577087259
-0.03455179304717
-0.03453774616623
-0.03452363032066
-0.03450944560144
-0.03449519209964
-0.03448086990644
-0.03446647911309
-0.03445201981098
-0.03443749209154
-0.03442289604635
-0.03440823176704
-0.03439349934535
-0.03437869887312
-0.03436383044229
-0.03434889414487
-0.03433389007298
-0.03431881831883
-0.03430367897471
-0.03428847213303
-0.03427319788626
-0.03425785632698
-0.03424244754787
-0.03422697164167
-0.03421142870123
-0.03419581881950
-0.03418014208950
-0.03416439860436
-0.03414858845727
-0.03413271174155
-0.03411676855056
-0.03410075897779
-0.03408468311681
-0.03406854106125
-0.03405233290486
-0.03403605874147
-0.03401971866498
-0.03400331276939
-0.03398684114879
-0.03397030389735
-0.03395370110933
-0.03393703287907
-0.03392029930099
-0.03390350046962
-0.03388663647954
-0.03386970742543
-0.03385271340207
-0.03383565450430
-0.03381853082704
-0.03380134246533
-0.03378408951425
-0.03376677206898
-0.03374939022479
-0.03373194407702
-0.03371443372109
-0.03369685925252
-0.03367922076689
-0.03366151835986
-0.03364375212719
-0.03362592216470
-0.03360802856831
-0.03359007143399
-0.03357205085782
-0.03355396693595
-0.03353581976458
-0.03351760944004
-0.03349933605869
-0.03348099971699
-0.03346260051149
-0.03344413853878
-0.03342561389556
-0.03340702667860
-0.03338837698473
-0.03336966491087
-0.03335089055401
-0.03333205401122
-0.03331315537964
-0.03329419475649
-0.03327517223905
-0.03325608792470
-0.03323694191087
-0.03321773429507
-0.03319846517489
-0.03317913464798
-0.03315974281208
-0.03314028976498
-0.03312077560456
-0.03310120042876
-0.03308156433561
-0.03306186742318
-0.03304210978964
-0.03302229153322
-0.03300241275220
-0.03298247354497
-0.03296247400996
-0.03294241424567
-0.03292229435068
-0.03290211442364
-0.03288187456325
-0.03286157486830
-0.03284121543763
-0.03282079637016
-0.03280031776487
-0.03277977972081
-0.03275918233710
-0.03273852571291
-0.03271780994749
-0.03269703514015
-0.03267620139028
-0.03265530879731
-0.03263435746075
-0.03261334748018
-0.03259227895523
-0.03257115198559
-0.03254996667103
-0.03252872311137
-0.03250742140651
-0.03248606165640
-0.03246464396104
-0.03244316842051
-0.03242163513495
-0.03240004420456
-0.03237839572959
-0.03235668981037
-0.03233492654727
-0.03231310604074
-0.03229122839127
-0.03226929369942
-0.03224730206581
-0.03222525359112
-0.03220314837609
-0.03218098652150
-0.03215876812822
-0.03213649329715
-0.03211416212925
-0.03209177472556
-0.03206933118714
-0.03204683161515
-0.03202427611078
-0.03200166477526
-0.03197899770992
-0.03195627501611
-0.03193349679524
-0.03191066314879
-0.03188777417827
-0.03186482998528
-0.03184183067144
-0.03181877633844
-0.03179566708801
-0.03177250302195
-0.03174928424211
-0.03172601085038
-0.03170268294871
-0.03167930063910
-0.03165586402360
-0.03163237320432
-0.03160882828341
-0.03158522936308
-0.03156157654558
-0.03153786993321
-0.03151410962834
-0.03149029573336
-0.03146642835072
-0.03144250758294
-0.03141853353255
-0.03139450630216
-0.03137042599442
-0.03134629271201
-0.03132210655768
-0.03129786763422
-0.03127357604446
-0.03124923189128
-0.03122483527761
-0.03120038630642
-0.03117588508073
-0.03115133170360
-0.03112672627815
-0.03110206890752
-0.03107735969491
-0.03105259874356
-0.03102778615677
-0.03100292203785
-0.03097800649018
-0.03095303961717
-0.03092802152229
-0.03090295230902
-0.03087783208091
-0.03085266094155
-0.03082743899455
-0.03080216634358
-0.03077684309235
-0.03075146934461
-0.03072604520414
-0.03070057077476
-0.03067504616035
-0.03064947146481
-0.03062384679208
-0.03059817224615
-0.03057244793103
-0.03054667395079
-0.03052085040953
-0.03049497741138
-0.03046905506051
-0.03044308346112
-0.03041706271748
-0.03039099293386
-0.03036487421457
-0.03033870666398
-0.03031249038646
-0.03028622548645
-0.03025991206841
-0.03023355023683
-0.03020714009623
-0.03018068175118
-0.03015417530629
-0.03012762086617
-0.03010101853548
-0.03007436841894
-0.03004767062126
-0.03002092524720
-0.02999413240156
-0.02996729218916
-0.02994040471486
-0.02991347008354
-0.02988648840013
-0.02985945976957
-0.02983238429683
-0.02980526208693
-0.02977809324491
-0.02975087787583
-0.02972361608480
-0.02969630797692
-0.02966895365737
-0.02964155323131
-0.02961410680397
-0.02958661448058
-0.02955907636641
-0.02953149256674
-0.02950386318689
-0.02947618833222
-0.02944846810809
-0.02942070261990
-0.02939289197308
-0.02936503627306
-0.02933713562534
-0.02930919013540
-0.02928119990877
-0.02925316505099
-0.02922508566764
-0.02919696186431
-0.02916879374662
-0.02914058142021
-0.02911232499075
-0.02908402456391
-0.02905568024542
-0.02902729214099
-0.02899886035639
-0.02897038499738
-0.02894186616976
-0.02891330397934
-0.02888469853197
-0.02885604993349
-0.02882735828979
-0.02879862370676
-0.02876984629030
-0.02874102614637
-0.02871216338090
-0.02868325809988
-0.02865431040929
-0.02862532041513
-0.02859628822344
-0.02856721394025
-0.02853809767163
-0.02850893952365
-0.02847973960241
-0.02845049801400
-0.02842121486457
-0.02839189026024
-0.02836252430718
-0.02833311711156
-0.02830366877955
-0.02827417941737
-0.02824464913123
-0.02821507802736
-0.02818546621199
-0.02815581379138
-0.02812612087182
-0.02809638755956
-0.02806661396092
-0.02803680018219
-0.02800694632970
-0.02797705250978
-0.02794711882876
-0.02791714539301
-0.02788713230888
-0.02785707968275
-0.02782698762101
-0.02779685623005
-0.02776668561628
-0.02773647588610
-0.02770622714595
-0.02767593950226
-0.02764561306146
-0.02761524793001
-0.02758484421437
-0.02755440202100
-0.02752392145637
-0.02749340262697
-0.02746284563929
-0.02743225059980
-0.02740161761503
-0.02737094679148
-0.02734023823565
-0.02730949205406
-0.02727870835325
-0.02724788723974
-0.02721702882006
-0.02718613320075
-0.02715520048836
-0.02712423078943
-0.02709322421051
-0.02706218085815
-0.02703110083892
-0.02699998425937
-0.02696883122606
-0.02693764184557
-0.02690641622444
-0.02687515446927
-0.02684385668661
-0.02681252298303
-0.02678115346512
-0.02674974823943
-0.02671830741256
-0.02668683109106
-0.02665531938152
-0.02662377239050
-0.02659219022458
-0.02656057299033
-0.02652892079433
-0.02649723374313
-0.02646551194332
-0.02643375550144
-0.02640196452408
-0.02637013911778
-0.02633827938911
-0.02630638544461
-0.02627445739085
-0.02624249533437
-0.02621049938171
-0.02617846963941
-0.02614640621401
-0.02611430921204
-0.02608217874003
-0.02605001490448
-0.02601781781193
-0.02598558756888
-0.02595332428183
-0.02592102805728
-0.02588869900173
-0.02585633722164
-0.02582394282350
-0.02579151591379
-0.02575905659895
-0.02572656498545
-0.02569404117973
-0.02566148528822
-0.02562889741736
-0.02559627767357
-0.02556362616325
-0.02553094299281
-0.02549822826863
-0.02546548209710
-0.02543270458459
-0.02539989583747
-0.02536705596207
-0.02533418506473
-0.02530128325180
-0.02526835062957
-0.02523538730436
-0.02520239338245
-0.02516936897013
-0.02513631417366
-0.02510322909929
-0.02507011385328
-0.02503696854183
-0.02500379327118
-0.02497058814751
-0.02493735327701
-0.02490408876586
-0.02487079472021
-0.02483747124620
-0.02480411844996
-0.02477073643760
-0.02473732531521
-0.02470388518888
-0.02467041616466
-0.02463691834860
-0.02460339184674
-0.02456983676508
-0.02453625320962
-0.02450264128634
-0.02446900110120
-0.02443533276014
-0.02440163636907
-0.02436791203392
-0.02433415986056
-0.02430037995487
-0.02426657242268
-0.02423273736983
-0.02419887490213
-0.02416498512536
-0.02413106814529
-0.02409712406767
-0.02406315299823
-0.02402915504267
-0.02399513030668
-0.02396107889592
-0.02392700091602
-0.02389289647262
-0.02385876567129
-0.02382460861763
-0.02379042541717
-0.02375621617545
-0.02372198099796
-0.02368771999020
-0.02365343325762
-0.02361912090564
-0.02358478303968
-0.02355041976513
-0.02351603118733
-0.02348161741163
-0.02344717854333
-0.02341271468772
-0.02337822595004
-0.02334371243554
-0.02330917424941
-0.02327461149684
-0.02324002428297
-0.02320541271293
-0.02317077689182
-0.02313611692469
-0.02310143291661
-0.02306672497257
-0.02303199319756
-0.02299723769653
-0.02296245857443
-0.02292765593613
-0.02289282988651
-0.02285798053042
-0.02282310797265
-0.02278821231799
-0.02275329367119
-0.02271835213697
-0.02268338782001
-0.02264840082496
-0.02261339125647
-0.02257835921911
-0.02254330481745
-0.02250822815602
-0.02247312933933
-0.02243800847182
-0.02240286565794
-0.02236770100209
-0.02233251460863
-0.02229730658190
-0.02226207702619
-0.02222682604577
-0.02219155374487
-0.02215626022769
-0.02212094559839
-0.02208560996110
-0.02205025341991
-0.02201487607887
-0.02197947804201
-0.02194405941332
-0.02190862029674
-0.02187316079618
-0.02183768101552
-0.02180218105861
-0.02176666102924
-0.02173112103118
-0.02169556116816
-0.02165998154386
-0.02162438226195
-0.02158876342602
-0.02155312513967
-0.02151746750643
-0.02148179062978
-0.02144609461321
-0.02141037956011
-0.02137464557388
-0.02133889275785
-0.02130312121533
-0.02126733104956
-0.02123152236378
-0.02119569526116
-0.02115984984484
-0.02112398621791
-0.02108810448343
-0.02105220474441
-0.02101628710383
-0.02098035166461
-0.02094439852964
-0.02090842780176
-0.02087243958378
-0.02083643397845
-0.02080041108848
-0.02076437101656
-0.02072831386530
-0.02069223973729
-0.02065614873508
-0.02062004096114
-0.02058391651794
-0.02054777550789
-0.02051161803333
-0.02047544419659
-0.02043925409994
-0.02040304784559
-0.02036682553573
-0.02033058727249
-0.02029433315796
-0.02025806329416
-0.02022177778310
-0.02018547672672
-0.02014916022691
-0.02011282838552
-0.02007648130436
-0.02004011908518
-0.02000374182968
-0.01996734963952
-0.01993094261631
-0.01989452086160
-0.01985808447692
-0.01982163356371
-0.01978516822340
-0.01974868855733
-0.01971219466683
-0.01967568665315
-0.01963916461750
-0.01960262866105
-0.01956607888490
-0.01952951539011
-0.01949293827769
-0.01945634764859
-0.01941974360371
-0.01938312624391
-0.01934649566999
-0.01930985198270
-0.01927319528272
-0.01923652567069
-0.01919984324722
-0.01916314811282
-0.01912644036799
-0.01908972011314
-0.01905298744867
-0.01901624247487
-0.01897948529202
-0.01894271600034
-0.01890593469997
-0.01886914149101
-0.01883233647352
-0.01879551974748
-0.01875869141283
-0.01872185156945
-0.01868500031715
-0.01864813775571
-0.01861126398484
-0.01857437910418
-0.01853748321334
-0.01850057641186
-0.01846365879921
-0.01842673047483
-0.01838979153807
-0.01835284208826
-0.01831588222463
-0.01827891204638
-0.01824193165265
-0.01820494114251
-0.01816794061497
-0.01813093016900
-0.01809390990349
-0.01805687991728
-0.01801984030914
-0.01798279117781
-0.01794573262192
-0.01790866474009
-0.01787158763084
-0.01783450139266
-0.01779740612396
-0.01776030192309
-0.01772318888834
-0.01768606711795
-0.01764893671009
-0.01761179776286
-0.01757465037431
-0.01753749464242
-0.01750033066511
-0.01746315854023
-0.01742597836558
-0.01738879023889
-0.01735159425783
-0.01731439052000
-0.01727717912294
-0.01723996016413
-0.01720273374097
-0.01716549995082
-0.01712825889095
-0.01709101065858
-0.01705375535088
-0.01701649306491
-0.01697922389771
-0.01694194794623
-0.01690466530736
-0.01686737607792
-0.01683008035468
-0.01679277823432
-0.01675546981348
-0.01671815518870
-0.01668083445648
-0.01664350771324
-0.01660617505534
-0.01656883657907
-0.01653149238065
-0.01649414255624
-0.01645678720191
-0.01641942641369
-0.01638206028752
-0.01634468891929
-0.01630731240480
-0.01626993083980
-0.01623254431995
-0.01619515294087
-0.01615775679808
-0.01612035598705
-0.01608295060317
-0.01604554074177
-0.01600812649809
-0.01597070796732
-0.01593328524457
-0.01589585842488
-0.01585842760322
-0.01582099287449
-0.01578355433351
-0.01574611207503
-0.01570866619375
-0.01567121678427
-0.01563376394112
-0.01559630775878
-0.01555884833164
-0.01552138575402
-0.01548392012016
-0.01544645152423
-0.01540898006035
-0.01537150582253
-0.01533402890473
-0.01529654940083
-0.01525906740463
-0.01522158300986
-0.01518409631019
-0.01514660739918
-0.01510911637036
-0.01507162331715
-0.01503412833290
-0.01499663151090
-0.01495913294436
-0.01492163272640
-0.01488413095008
-0.01484662770837
-0.01480912309418
-0.01477161720034
-0.01473411011958
-0.01469660194459
-0.01465909276796
-0.01462158268221
-0.01458407177977
-0.01454656015300
-0.01450904789421
-0.01447153509558
-0.01443402184926
-0.01439650824729
-0.01435899438164
-0.01432148034421
-0.01428396622682
-0.01424645212119
-0.01420893811900
-0.01417142431181
-0.01413391079113
-0.01409639764837
-0.01405888497488
-0.01402137286191
-0.01398386140064
-0.01394635068218
-0.01390884079754
-0.01387133183766
-0.01383382389340
-0.01379631705553
-0.01375881141475
-0.01372130706168
-0.01368380408684
-0.01364630258069
-0.01360880263360
-0.01357130433586
-0.01353380777766
-0.01349631304914
-0.01345882024033
-0.01342132944120
-0.01338384074161
-0.01334635423137
-0.01330887000017
-0.01327138813765
-0.01323390873335
-0.01319643187673
-0.01315895765716
-0.01312148616394
-0.01308401748627
-0.01304655171327
-0.01300908893399
-0.01297162923738
-0.01293417271230
-0.01289671944755
-0.01285926953183
-0.01282182305374
-0.01278438010182
-0.01274694076451
-0.01270950513016
-0.01267207328706
-0.01263464532339
-0.01259722132725
-0.01255980138664
-0.01252238558951
-0.01248497402368
-0.01244756677692
-0.01241016393690
-0.01237276559118
-0.01233537182727
-0.01229798273257
-0.01226059839440
-0.01222321889998
-0.01218584433647
-0.01214847479092
-0.01211111035028
-0.01207375110145
-0.01203639713121
-0.01199904852626
-0.01196170537321
-0.01192436775859
-0.01188703576884
-0.01184970949029
-0.01181238900921
-0.01177507441175
-0.01173776578400
-0.01170046321195
-0.01166316678149
-0.01162587657843
-0.01158859268848
-0.01155131519727
-0.01151404419034
-0.01147677975313
-0.01143952197100
-0.01140227092922
-0.01136502671294
-0.01132778940726
-0.01129055909716
-0.01125333586755
-0.01121611980322
-0.01117891098890
-0.01114170950921
-0.01110451544867
-0.01106732889172
-0.01103014992272
-0.01099297862592
-0.01095581508546
-0.01091865938544
-0.01088151160981
-0.01084437184246
-0.01080724016718
-0.01077011666767
-0.01073300142752
-0.01069589453025
-0.01065879605926
-0.01062170609789
-0.01058462472935
-0.01054755203677
-0.01051048810321
-0.01047343301159
-0.01043638684477
-0.01039934968550
-0.01036232161644
-0.01032530272015
-0.01028829307911
-0.01025129277568
-0.01021430189215
-0.01017732051070
-0.01014034871341
-0.01010338658227
-0.01006643419919
-0.01002949164595
-0.00999255900427
-0.00995563635575
-0.00991872378189
-0.00988182136412
-0.00984492918374
-0.00980804732199
-0.00977117585997
-0.00973431487872
-0.00969746445916
-0.00966062468213
-0.00962379562836
-0.00958697737848
-0.00955017001304
-0.00951337361247
-0.00947658825711
-0.00943981402721
-0.00940305100291
-0.00936629926427
-0.00932955889122
-0.00929282996362
-0.00925611256123
-0.00921940676368
-0.00918271265054
-0.00914603030127
-0.00910935979520
-0.00907270121161
-0.00903605462964
-0.00899942012836
-0.00896279778671
-0.00892618768356
-0.00888958989766
-0.00885300450767
-0.00881643159214
-0.00877987122954
-0.00874332349820
-0.00870678847640
-0.00867026624228
-0.00863375687390
-0.00859726044921
-0.00856077704605
-0.00852430674219
-0.00848784961527
-0.00845140574282
-0.00841497520232
-0.00837855807108
-0.00834215442636
-0.00830576434530
-0.00826938790493
-0.00823302518220
-0.00819667625393
-0.00816034119685
-0.00812402008760
-0.00808771300270
-0.00805142001858
-0.00801514121155
-0.00797887665784
-0.00794262643356
-0.00790639061471
-0.00787016927722
-0.00783396249688
-0.00779777034939
-0.00776159291036
-0.00772543025528
-0.00768928245953
-0.00765314959842
-0.00761703174711
-0.00758092898068
-0.00754484137412
-0.00750876900229
-0.00747271193996
-0.00743667026179
-0.00740064404232
-0.00736463335603
-0.00732863827725
-0.00729265888022
-0.00725669523908
-0.00722074742786
-0.00718481552049
-0.00714889959079
-0.00711299971248
-0.00707711595916
-0.00704124840433
-0.00700539712140
-0.00696956218367
-0.00693374366430
-0.00689794163639
-0.00686215617291
-0.00682638734672
-0.00679063523060
-0.00675489989718
-0.00671918141903
-0.00668347986857
-0.00664779531815
-0.00661212784000
-0.00657647750623
-0.00654084438886
-0.00650522855980
-0.00646963009084
-0.00643404905367
-0.00639848551989
-0.00636293956096
-0.00632741124826
-0.00629190065304
-0.00625640784646
-0.00622093289958
-0.00618547588331
-0.00615003686850
-0.00611461592586
-0.00607921312600
-0.00604382853944
-0.00600846223656
-0.00597311428766
-0.00593778476291
-0.00590247373238
-0.00586718126603
-0.00583190743371
-0.00579665230518
-0.00576141595005
-0.00572619843786
-0.00569099983802
-0.00565582021984
-0.00562065965251
-0.00558551820512
-0.00555039594664
-0.00551529294595
-0.00548020927179
-0.00544514499283
-0.00541010017759
-0.00537507489450
-0.00534006921188
-0.00530508319794
-0.00527011692078
-0.00523517044837
-0.00520024384859
-0.00516533718922
-0.00513045053790
-0.00509558396218
-0.00506073752949
-0.00502591130714
-0.00499110536237
-0.00495631976225
-0.00492155457379
-0.00488680986385
-0.00485208569921
-0.00481738214651
-0.00478269927231
-0.00474803714302
-0.00471339582498
-0.00467877538440
-0.00464417588735
-0.00460959739984
-0.00457503998773
-0.00454050371679
-0.00450598865265
-0.00447149486086
-0.00443702240685
-0.00440257135592
-0.00436814177327
-0.00433373372399
-0.00429934727305
-0.00426498248531
-0.00423063942553
-0.00419631815833
-0.00416201874825
-0.00412774125969
-0.00409348575695
-0.00405925230421
-0.00402504096554
-0.00399085180490
-0.00395668488614
-0.00392254027299
-0.00388841802906
-0.00385431821786
-0.00382024090277
-0.00378618614709
-0.00375215401396
-0.00371814456644
-0.00368415786747
-0.00365019397986
-0.00361625296633
-0.00358233488946
-0.00354843981174
-0.00351456779554
-0.00348071890310
-0.00344689319656
-0.00341309073794
-0.00337931158916
-0.00334555581201
-0.00331182346816
-0.00327811461918
-0.00324442932652
-0.00321076765151
-0.00317712965539
-0.00314351539924
-0.00310992494407
-0.00307635835074
-0.00304281568002
-0.00300929699256
-0.00297580234888
-0.00294233180941
-0.00290888543443
-0.00287546328413
-0.00284206541859
-0.00280869189776
-0.00277534278147
-0.00274201812945
-0.00270871800131
-0.00267544245653
-0.00264219155450
-0.00260896535447
-0.00257576391558
-0.00254258729687
-0.00250943555724
-0.00247630875550
-0.00244320695032
-0.00241013020026
-0.00237707856378
-0.00234405209921
-0.00231105086476
-0.00227807491852
-0.00224512431849
-0.00221219912253
-0.00217929938839
-0.00214642517369
-0.00211357653597
-0.00208075353261
-0.00204795622091
-0.00201518465802
-0.00198243890100
-0.00194971900678
-0.00191702503218
-0.00188435703389
-0.00185171506849
-0.00181909919246
-0.00178650946214
-0.00175394593377
-0.00172140866344
-0.00168889770717
-0.00165641312083
-0.00162395496018
-0.00159152328086
-0.00155911813841
-0.00152673958824
-0.00149438768563
-0.00146206248576
-0.00142976404369
-0.00139749241436
-0.00136524765259
-0.00133302981308
-0.00130083895042
-0.00126867511908
-0.00123653837342
-0.00120442876765
-0.00117234635591
-0.00114029119218
-0.00110826333034
-0.00107626282416
-0.00104428972729
-0.00101234409323
-0.00098042597541
-0.00094853542711
-0.00091667250150
-0.00088483725164
-0.00085302973045
-0.00082124999076
-0.00078949808526
-0.00075777406653
-0.00072607798703
-0.00069440989910
-0.00066276985497
-0.00063115790675
-0.00059957410641
-0.00056801850583
-0.00053649115676
-0.00050499211082
-0.00047352141954
-0.00044207913429
-0.00041066530637
-0.00037927998692
-0.00034792322698
-0.00031659507747
-0.00028529558919
-0.00025402481281
-0.00022278279891
-0.00019156959792
-0.00016038526017
-0.00012922983585
-0.00009810337507
-0.00006700592778
-0.00003593754382
-0.00000489827294
0.00002611183527
0.00005709273131
0.00008804436581
0.00011896668952
0.00014985965331
0.00018072320817
0.00021155730519
0.00024236189562
0.00027313693079
0.00030388236216
0.00033459814133
0.00036528421999
0.00039594054997
0.00042656708321
0.00045716377178
0.00048773056784
0.00051826742371
0.00054877429180
0.00057925112466
0.00060969787494
0.00064011449542
0.00067050093901
0.00070085715871
0.00073118310768
0.00076147873916
0.00079174400654
0.00082197886330
0.00085218326308
0.00088235715960
0.00091250050672
0.00094261325842
0.00097269536880
0.00100274679206
0.00103276748256
0.00106275739473
0.00109271648317
0.00112264470255
0.00115254200771
0.00118240835357
0.00121224369519
0.00124204798775
0.00127182118654
0.00130156324697
0.00133127412459
0.00136095377504
0.00139060215410
0.00142021921767
0.00144980492176
0.00147935922250
0.00150888207616
0.00153837343911
0.00156783326784
0.00159726151898
0.00162665814924
0.00165602311550
0.00168535637472
0.00171465788400
0.00174392760057
0.00177316548174
0.00180237148499
0.00183154556789
0.00186068768812
0.00188979780352
0.00191887587202
0.00194792185167
0.00197693570066
0.00200591737727
0.00203486683993
0.00206378404718
0.00209266895767
0.00212152153018
0.00215034172361
0.00217912949697
0.00220788480942
0.00223660762020
0.00226529788869
0.00229395557440
0.00232258063694
0.00235117303605
0.00237973273160
0.00240825968356
0.00243675385203
0.00246521519724
0.00249364367952
0.00252203925934
0.00255040189727
0.00257873155402
0.00260702819041
0.00263529176739
0.00266352224600
0.00269171958744
0.00271988375300
0.00274801470412
0.00277611240232
0.00280417680928
0.00283220788678
0.00286020559672
0.00288816990112
0.00291610076213
0.00294399814200
0.00297186200313
0.00299969230802
0.00302748901929
0.00305525209968
0.00308298151206
0.00311067721941
0.00313833918484
0.00316596737156
0.00319356174294
0.00322112226242
0.00324864889359
0.00327614160017
0.00330360034596
0.00333102509492
0.00335841581111
0.00338577245872
0.00341309500204
0.00344038340551
0.00346763763366
0.00349485765117
0.00352204342281
0.00354919491349
0.00357631208824
0.00360339491219
0.00363044335061
0.00365745736889
0.00368443693252
0.00371138200714
0.00373829255848
0.00376516855240
0.00379200995490
0.00381881673206
0.00384558885012
0.00387232627541
0.00389902897439
0.00392569691366
0.00395233005990
0.00397892837994
0.00400549184071
0.00403202040929
0.00405851405284
0.00408497273866
0.00411139643418
0.00413778510693
0.00416413872458
0.00419045725488
0.00421674066575
0.00424298892520
0.00426920200136
0.00429537986248
0.00432152247695
0.00434762981326
0.00437370184001
0.00439973852594
0.00442573983990
0.00445170575087
0.00447763622792
0.00450353124027
0.00452939075726
0.00455521474832
0.00458100318302
0.00460675603104
0.00463247326220
0.00465815484642
0.00468380075373
0.00470941095431
0.00473498541842
0.00476052411648
0.00478602701899
0.00481149409660
0.00483692532007
0.00486232066026
0.00488768008817
0.00491300357492
0.00493829109174
0.00496354260997
0.00498875810109
0.00501393753667
0.00503908088844
0.00506418812821
0.00508925922793
0.00511429415966
0.00513929289557
0.00516425540798
0.00518918166929
0.00521407165203
0.00523892532888
0.00526374267259
0.00528852365605
0.00531326825229
0.00533797643441
0.00536264817568
0.00538728344944
0.00541188222919
0.00543644448853
0.00546097020116
0.00548545934093
0.00550991188179
0.00553432779781
0.00555870706318
0.00558304965220
0.00560735553932
0.00563162469905
0.00565585710608
0.00568005273517
0.00570421156122
0.00572833355924
0.00575241870437
0.00577646697186
0.00580047833706
0.00582445277548
0.00584839026269
0.00587229077444
0.00589615428654
0.00591998077496
0.00594377021576
0.00596752258513
0.00599123785938
0.00601491601493
0.00603855702832
0.00606216087620
0.00608572753535
0.00610925698265
0.00613274919512
0.00615620414988
0.00617962182417
0.00620300219534
0.00622634524088
0.00624965093836
0.00627291926551
0.00629615020014
0.00631934372019
0.00634249980372
0.00636561842891
0.00638869957405
0.00641174321753
0.00643474933789
0.00645771791376
0.00648064892390
0.00650354234718
0.00652639816259
0.00654921634923
0.00657199688632
0.00659473975319
0.00661744492930
0.00664011239422
0.00666274212762
0.00668533410931
0.00670788831920
0.00673040473732
0.00675288334382
0.00677532411896
0.00679772704311
0.00682009209678
0.00684241926055
0.00686470851517
0.00688695984146
0.00690917322039
0.00693134863301
0.00695348606052
0.00697558548421
0.00699764688550
0.00701967024592
0.00704165554710
0.00706360277081
0.00708551189893
0.00710738291343
0.00712921579643
0.00715101053014
0.00717276709690
0.00719448547914
0.00721616565944
0.00723780762046
0.00725941134500
0.00728097681597
0.00730250401637
0.00732399292934
0.00734544353813
0.00736685582611
0.00738822977673
0.00740956537360
0.00743086260042
0.00745212144099
0.00747334187926
0.00749452389926
0.00751566748516
0.00753677262122
0.00755783929183
0.00757886748149
0.00759985717480
0.00762080835650
0.00764172101141
0.00766259512450
0.00768343068082
0.00770422766555
0.00772498606398
0.00774570586152
0.00776638704368
0.00778702959609
0.00780763350449
0.00782819875474
0.00784872533280
0.00786921322475
0.00788966241678
0.00791007289520
0.00793044464642
0.00795077765698
0.00797107191351
0.00799132740277
0.00801154411162
0.00803172202703
0.00805186113611
0.00807196142604
0.00809202288415
0.00811204549785
0.00813202925469
0.00815197414230
0.00817188014846
0.00819174726102
0.00821157546798
0.00823136475742
0.00825111511756
0.00827082653669
0.00829049900327
0.00831013250581
0.00832972703297
0.00834928257352
0.00836879911631
0.00838827665034
0.00840771516469
0.00842711464856
0.00844647509128
0.00846579648225
0.00848507881103
0.00850432206724
0.00852352624066
0.00854269132113
0.00856181729863
0.00858090416326
0.00859995190520
0.00861896051476
0.00863792998235
0.00865686029850
0.00867575145384
0.00869460343911
0.00871341624517
0.00873218986298
0.00875092428361
0.00876961949824
0.00878827549816
0.00880689227476
0.00882546981957
0.00884400812418
0.00886250718034
0.00888096697987
0.00889938751471
0.00891776877692
0.00893611075866
0.00895441345220
0.00897267684991
0.00899090094429
0.00900908572791
0.00902723119349
0.00904533733383
0.00906340414186
0.00908143161059
0.00909941973317
0.00911736850283
0.00913527791292
0.00915314795689
0.00917097862832
0.00918876992087
0.00920652182833
0.00922423434457
0.00924190746359
0.00925954117949
0.00927713548648
0.00929469037887
0.00931220585109
0.00932968189765
0.00934711851320
0.00936451569247
0.00938187343031
0.00939919172169
0.00941647056164
0.00943370994535
0.00945090986808
0.00946807032522
0.00948519131224
0.00950227282474
0.00951931485841
0.00953631740906
0.00955328047259
0.00957020404501
0.00958708812245
0.00960393270112
0.00962073777736
0.00963750334760
0.00965422940838
0.00967091595635
0.00968756298824
0.00970417050092
0.00972073849135
0.00973726695658
0.00975375589379
0.00977020530025
0.00978661517334
0.00980298551053
0.00981931630941
0.00983560756767
0.00985185928311
0.00986807145362
0.00988424407720
0.00990037715196
0.00991647067610
0.00993252464794
0.00994853906590
0.00996451392848
0.00998044923432
0.00999634498214
0.01001220117077
0.01002801779913
0.01004379486627
0.01005953237132
0.01007523031352
0.01009088869222
0.01010650750685
0.01012208675696
0.01013762644221
0.01015312656235
0.01016858711723
0.01018400810680
0.01019938953113
0.01021473139037
0.01023003368480
0.01024529641476
0.01026051958073
0.01027570318327
0.01029084722304
0.01030595170083
0.01032101661750
0.01033604197402
0.01035102777146
0.01036597401099
0.01038088069390
0.01039574782155
0.01041057539542
0.01042536341709
0.01044011188823
0.01045482081062
0.01046949018614
0.01048412001676
0.01049871030455
0.01051326105171
0.01052777226050
0.01054224393329
0.01055667607258
0.01057106868092
0.01058542176100
0.01059973531558
0.01061400934755
0.01062824385988
0.01064243885563
0.01065659433798
0.01067071031020
0.01068478677564
0.01069882373779
0.01071282120021
0.01072677916655
0.01074069764058
0.01075457662616
0.01076841612725
0.01078221614790
0.01079597669226
0.01080969776460
0.01082337936925
0.01083702151066
0.01085062419338
0.01086418742205
0.01087771120141
0.01089119553629
0.01090464043163
0.01091804589245
0.01093141192389
0.01094473853116
0.01095802571958
0.01097127349458
0.01098448186166
0.01099765082644
0.01101078039461
0.01102387057199
0.01103692136446
0.01104993277802
0.01106290481876
0.01107583749287
0.01108873080662
0.01110158476639
0.01111439937865
0.01112717464997
0.01113991058701
0.01115260719652
0.01116526448536
0.01117788246047
0.01119046112889
0.01120300049776
0.01121550057431
0.01122796136586
0.01124038287982
0.01125276512372
0.01126510810516
0.01127741183183
0.01128967631154
0.01130190155217
0.01131408756170
0.01132623434820
0.01133834191985
0.01135041028491
0.01136243945173
0.01137442942876
0.01138638022453
0.01139829184769
0.01141016430696
0.01142199761115
0.01143379176918
0.01144554679006
0.01145726268287
0.01146893945681
0.01148057712115
0.01149217568527
0.01150373515863
0.01151525555078
0.01152673687138
0.01153817913015
0.01154958233694
0.01156094650166
0.01157227163432
0.01158355774503
0.01159480484398
0.01160601294145
0.01161718204782
0.01162831217355
0.01163940332921
0.01165045552543
0.01166146877296
0.01167244308262
0.01168337846533
0.01169427493209
0.01170513249401
0.01171595116226
0.01172673094812
0.01173747186295
0.01174817391822
0.01175883712547
0.01176946149632
0.01178004704249
0.01179059377581
0.01180110170816
0.01181157085153
0.01182200121800
0.01183239281973
0.01184274566898
0.01185305977809
0.01186333515947
0.01187357182566
0.01188376978925
0.01189392906294
0.01190404965949
0.01191413159179
0.01192417487278
0.01193417951551
0.01194414553310
0.01195407293876
0.01196396174580
0.01197381196761
0.01198362361766
0.01199339670951
0.01200313125681
0.01201282727330
0.01202248477278
0.01203210376918
0.01204168427647
0.01205122630874
0.01206072988015
0.01207019500495
0.01207962169747
0.01208900997213
0.01209835984343
0.01210767132596
0.01211694443440
0.01212617918351
0.01213537558812
0.01214453366317
0.01215365342366
0.01216273488470
0.01217177806146
0.01218078296921
0.01218974962330
0.01219867803915
0.01220756823228
0.01221642021830
0.01222523401288
0.01223400963180
0.01224274709089
0.01225144640609
0.01226010759342
0.01226873066897
0.01227731564892
0.01228586254954
0.01229437138717
0.01230284217824
0.01231127493926
0.01231966968682
0.01232802643759
0.01233634520832
0.01234462601586
0.01235286887713
0.01236107380912
0.01236924082891
0.01237736995367
0.01238546120063
0.01239351458713
0.01240153013057
0.01240950784843
0.01241744775829
0.01242534987778
0.01243321422463
0.01244104081665
0.01244882967173
0.01245658080783
0.01246429424300
0.01247196999537
0.01247960808314
0.01248720852459
0.01249477133810
0.01250229654211
0.01250978415513
0.01251723419576
0.01252464668270
0.01253202163470
0.01253935907058
0.01254665900928
0.01255392146978
0.01256114647116
0.01256833403257
0.01257548417322
0.01258259691244
0.01258967226959
0.01259671026415
0.01260371091565
0.01261067424371
0.01261760026801
0.01262448900833
0.01263134048451
0.01263815471647
0.01264493172422
0.01265167152783
0.01265837414745
0.01266503960331
0.01267166791571
0.01267825910504
0.01268481319174
0.01269133019636
0.01269781013950
0.01270425304183
0.01271065892413
0.01271702780721
0.01272335971200
0.01272965465946
0.01273591267067
0.01274213376674
0.01274831796890
0.01275446529841
0.01276057577663
0.01276664942500
0.01277268626501
0.01277868631825
0.01278464960636
0.01279057615107
0.01279646597418
0.01280231909755
0.01280813554313
0.01281391533294
0.01281965848907
0.01282536503367
0.01283103498900
0.01283666837735
0.01284226522110
0.01284782554272
0.01285334936471
0.01285883670969
0.01286428760031
0.01286970205932
0.01287508010953
0.01288042177382
0.01288572707515
0.01289099603655
0.01289622868111
0.01290142503199
0.01290658511245
0.01291170894578
0.01291679655536
0.01292184796466
0.01292686319718
0.01293184227652
0.01293678522634
0.01294169207036
0.01294656283240
0.01295139753631
0.01295619620604
0.01296095886560
0.01296568553906
0.01297037625057
0.01297503102435
0.01297964988468
0.01298423285591
0.01298877996247
0.01299329122884
0.01299776667959
0.01300220633934
0.01300661023278
0.01301097838468
0.01301531081986
0.01301960756322
0.01302386863974
0.01302809407443
0.01303228389241
0.01303643811883
0.01304055677893
0.01304463989800
0.01304868750143
0.01305269961463
0.01305667626311
0.01306061747243
0.01306452326823
0.01306839367620
0.01307222872211
0.01307602843178
0.01307979283112
0.01308352194607
0.01308721580267
0.01309087442701
0.01309449784523
0.01309808608357
0.01310163916831
0.01310515712579
0.01310863998243
0.01311208776472
0.01311550049918
0.01311887821243
0.01312222093114
0.01312552868204
0.01312880149193
0.01313203938768
0.01313524239620
0.01313841054448
0.01314154385959
0.01314464236862
0.01314770609875
0.01315073507724
0.01315372933137
0.01315668888851
0.01315961377609
0.01316250402160
0.01316535965259
0.01316818069666
0.01317096718151
0.01317371913485
0.01317643658449
0.01317911955829
0.01318176808416
0.01318438219009
0.01318696190412
0.01318950725435
0.01319201826895
0.01319449497613
0.01319693740418
0.01319934558145
0.01320171953634
0.01320405929731
0.01320636489289
0.01320863635166
0.01321087370226
0.01321307697340
0.01321524619383
0.01321738139238
0.01321948259793
0.01322154983942
0.01322358314583
0.01322558254623
0.01322754806974
0.01322947974552
0.01323137760280
0.01323324167087
0.01323507197909
0.01323686855684
0.01323863143360
0.01324036063888
0.01324205620226
0.01324371815337
0.01324534652190
0.01324694133761
0.01324850263028
0.01325003042979
0.01325152476605
0.01325298566903
0.01325441316876
0.01325580729533
0.01325716807888
0.01325849554961
0.01325978973777
0.01326105067366
0.01326227838765
0.01326347291017
0.01326463427168
0.01326576250270
0.01326685763384
0.01326791969572
0.01326894871903
0.01326994473453
0.01327090777301
0.01327183786533
0.01327273504240
0.01327359933518
0.01327443077469
0.01327522939200
0.01327599521823
0.01327672828456
0.01327742862221
0.01327809626249
0.01327873123671
0.01327933357626
0.01327990331259
0.01328044047720
0.01328094510162
0.01328141721745
0.01328185685635
0.01328226405002
0.01328263883020
0.01328298122871
0.01328329127740
0.01328356900818
0.01328381445301
0.01328402764389
0.01328420861289
0.01328435739212
0.01328447401374
0.01328455850996
0.01328461091306
0.01328463125533
0.01328461956914
0.01328457588691
0.01328450024110
0.01328439266422
0.01328425318883
0.01328408184754
0.01328387867302
0.01328364369797
0.01328337695516
0.01328307847738
0.01328274829749
0.01328238644841
0.01328199296307
0.01328156787449
0.01328111121570
0.01328062301982
0.01328010331997
0.01327955214936
0.01327896954122
0.01327835552884
0.01327771014556
0.01327703342475
0.01327632539985
0.01327558610433
0.01327481557171
0.01327401383556
0.01327318092949
0.01327231688717
0.01327142174230
0.01327049552864
0.01326953827998
0.01326855003017
0.01326753081310
0.01326648066271
0.01326539961297
0.01326428769792
0.01326314495161
0.01326197140818
0.01326076710177
0.01325953206660
0.01325826633692
0.01325696994701
0.01325564293121
0.01325428532392
0.01325289715954
0.01325147847256
0.01325002929749
0.01324854966888
0.01324703962133
0.01324549918949
0.01324392840804
0.01324232731171
0.01324069593527
0.01323903431354
0.01323734248138
0.01323562047367
0.01323386832537
0.01323208607146
0.01323027374697
0.01322843138695
0.01322655902652
0.01322465670084
0.01322272444508
0.01322076229449
0.01321877028433
0.01321674844993
0.01321469682663
0.01321261544984
0.01321050435499
0.01320836357756
0.01320619315306
0.01320399311706
0.01320176350515
0.01319950435296
0.01319721569618
0.01319489757052
0.01319255001174
0.01319017305562
0.01318776673802
0.01318533109479
0.01318286616186
0.01318037197516
0.01317784857070
0.01317529598450
0.01317271425262
0.01317010341117
0.01316746349629
0.01316479454416
0.01316209659100
0.01315936967306
0.01315661382665
0.01315382908807
0.01315101549372
0.01314817307997
0.01314530188329
0.01314240194015
0.01313947328706
0.01313651596057
0.01313352999727
0.01313051543378
0.01312747230676
0.01312440065292
0.01312130050897
0.01311817191169
0.01311501489787
0.01311182950436
0.01310861576803
0.01310537372579
0.01310210341458
0.01309880487138
0.01309547813319
0.01309212323707
0.01308874022010
0.01308532911940
0.01308188997210
0.01307842281541
0.01307492768652
0.01307140462271
0.01306785366124
0.01306427483944
0.01306066819466
0.01305703376429
0.01305337158574
0.01304968169646
0.01304596413393
0.01304221893568
0.01303844613924
0.01303464578221
0.01303081790219
0.01302696253682
0.01302307972379
0.01301916950080
0.01301523190559
0.01301126697594
0.01300727474964
0.01300325526454
0.01299920855849
0.01299513466939
0.01299103363517
0.01298690549378
0.01298275028322
0.01297856804150
0.01297435880668
0.01297012261682
0.01296585951004
0.01296156952448
0.01295725269830
0.01295290906971
0.01294853867692
0.01294414155821
0.01293971775184
0.01293526729615
0.01293079022946
0.01292628659016
0.01292175641665
0.01291719974734
0.01291261662071
0.01290800707523
0.01290337114943
0.01289870888184
0.01289402031103
0.01288930547560
0.01288456441418
0.01287979716542
0.01287500376799
0.01287018426060
0.01286533868199
0.01286046707092
0.01285556946617
0.01285064590656
0.01284569643093
0.01284072107814
0.01283571988709
0.01283069289669
0.01282564014589
0.01282056167366
0.01281545751900
0.01281032772092
0.01280517231848
0.01279999135074
0.01279478485680
0.01278955287578
0.01278429544684
0.01277901260913
0.01277370440186
0.01276837086425
0.01276301203554
0.01275762795499
0.01275221866191
0.01274678419561
0.01274132459542
0.01273583990072
0.01273033015088
0.01272479538532
0.01271923564348
0.01271365096480
0.01270804138878
0.01270240695490
0.01269674770270
0.01269106367172
0.01268535490154
0.01267962143174
0.01267386330194
0.01266808055177
0.01266227322090
0.01265644134900
0.01265058497578
0.01264470414095
0.01263879888426
0.01263286924548
0.01262691526438
0.01262093698079
0.01261493443453
0.01260890766544
0.01260285671339
0.01259678161828
0.01259068242001
0.01258455915851
0.01257841187374
0.01257224060565
0.01256604539425
0.01255982627954
0.01255358330155
0.01254731650032
0.01254102591592
0.01253471158844
0.01252837355799
0.01252201186468
0.01251562654866
0.01250921765009
0.01250278520915
0.01249632926603
0.01248984986096
0.01248334703415
0.01247682082588
0.01247027127639
0.01246369842599
0.01245710231498
0.01245048298366
0.01244384047240
0.01243717482153
0.01243048607144
0.01242377426251
0.01241703943515
0.01241028162978
0.01240350088684
0.01239669724679
0.01238987075009
0.01238302143724
0.01237614934873
0.01236925452510
0.01236233700686
0.01235539683458
0.01234843404881
0.01234144869014
0.01233444079917
0.01232741041651
0.01232035758277
0.01231328233861
0.01230618472468
0.01229906478164
0.01229192255019
0.01228475807101
0.01227757138483
0.01227036253236
0.01226313155436
0.01225587849157
0.01224860338475
0.01224130627470
0.01223398720220
0.01222664620806
0.01221928333311
0.01221189861817
0.01220449210409
0.01219706383173
0.01218961384197
0.01218214217568
0.01217464887376
0.01216713397712
0.01215959752668
0.01215203956337
0.01214446012814
0.01213685926194
0.01212923700573
0.01212159340051
0.01211392848724
0.01210624230695
0.01209853490063
0.01209080630932
0.01208305657404
0.01207528573584
0.01206749383578
0.01205968091491
0.01205184701432
0.01204399217508
0.01203611643830
0.01202821984508
0.01202030243654
0.01201236425380
0.01200440533798
0.01199642573025
0.01198842547175
0.01198040460363
0.01197236316708
0.01196430120328
0.01195621875340
0.01194811585865
0.01193999256024
0.01193184889937
0.01192368491727
0.01191550065518
0.01190729615432
0.01189907145594
0.01189082660131
0.01188256163167
0.01187427658831
0.01186597151249
0.01185764644550
0.01184930142863
0.01184093650318
0.01183255171045
0.01182414709175
0.01181572268841
0.01180727854175
0.01179881469309
0.01179033118378
0.01178182805516
0.01177330534858
0.01176476310539
0.01175620136696
0.01174762017465
0.01173901956984
0.01173039959389
0.01172176028821
0.01171310169416
0.01170442385316
0.01169572680658
0.01168701059585
0.01167827526236
0.01166952084753
0.01166074739278
0.01165195493952
0.01164314352918
0.01163431320319
0.01162546400299
0.01161659597000
0.01160770914568
0.01159880357146
0.01158987928880
0.01158093633914
0.01157197476394
0.01156299460465
0.01155399590275
0.01154497869968
0.01153594303692
0.01152688895594
0.01151781649820
0.01150872570519
0.01149961661837
0.01149048927922
0.01148134372923
0.01147218000988
0.01146299816265
0.01145379822902
0.01144458025049
0.01143534426854
0.01142609032466
0.01141681846034
0.01140752871708
0.01139822113637
0.01138889575970
0.01137955262857
0.01137019178447
0.01136081326889
0.01135141712335
0.01134200338932
0.01133257210831
0.01132312332182
0.01131365707134
0.01130417339837
0.01129467234440
0.01128515395092
0.01127561825945
0.01126606531146
0.01125649514846
0.01124690781193
0.01123730334337
0.01122768178427
0.01121804317611
0.01120838756039
0.01119871497859
0.01118902547220
0.01117931908270
0.01116959585158
0.01115985582030
0.01115009903035
0.01114032552321
0.01113053534034
0.01112072852322
0.01111090511332
0.01110106515210
0.01109120868102
0.01108133574155
0.01107144637514
0.01106154062324
0.01105161852731
0.01104168012880
0.01103172546914
0.01102175458978
0.01101176753215
0.01100176433769
0.01099174504783
0.01098170970399
0.01097165834759
0.01096159102006
0.01095150776279
0.01094140861721
0.01093129362471
0.01092116282670
0.01091101626456
0.01090085397969
0.01089067601347
0.01088048240729
0.01087027320251
0.01086004844050
0.01084980816263
0.01083955241025
0.01082928122473
0.01081899464739
0.01080869271959
0.01079837548266
0.01078804297793
0.01077769524671
0.01076733233033
0.01075695427010
0.01074656110731
0.01073615288327
0.01072572963926
0.01071529141656
0.01070483825646
0.01069437020022
0.01068388728911
0.01067338956437
0.01066287706725
0.01065234983900
0.01064180792084
0.01063125135400
0.01062068017970
0.01061009443914
0.01059949417352
0.01058887942404
0.01057825023188
0.01056760663821
0.01055694868421
0.01054627641102
0.01053558985981
0.01052488907170
0.01051417408784
0.01050344494935
0.01049270169733
0.01048194437290
0.01047117301714
0.01046038767116
0.01044958837601
0.01043877517278
0.01042794810251
0.01041710720625
0.01040625252504
0.01039538409991
0.01038450197187
0.01037360618194
0.01036269677110
0.01035177378034
0.01034083725065
0.01032988722297
0.01031892373827
0.01030794683750
0.01029695656157
0.01028595295141
0.01027493604794
0.01026390589205
0.01025286252462
0.01024180598654
0.01023073631867
0.01021965356185
0.01020855775693
0.01019744894474
0.01018632716609
0.01017519246179
0.01016404487262
0.01015288443938
0.01014171120282
0.01013052520371
0.01011932648277
0.01010811508075
0.01009689103836
0.01008565439630
0.01007440519526
0.01006314347593
0.01005186927895
0.01004058264500
0.01002928361469
0.01001797222866
0.01000664852752
0.00999531255186
0.00998396434227
0.00997260393931
0.00996123138354
0.00994984671550
0.00993844997571
0.00992704120470
0.00991562044295
0.00990418773094
0.00989274310916
0.00988128661804
0.00986981829804
0.00985833818957
0.00984684633304
0.00983534276884
0.00982382753737
0.00981230067897
0.00980076223399
0.00978921224278
0.00977765074564
0.00976607778288
0.00975449339478
0.00974289762161
0.00973129050363
0.00971967208107
0.00970804239416
0.00969640148309
0.00968474938806
0.00967308614924
0.00966141180679
0.00964972640084
0.00963802997152
0.00962632255893
0.00961460420316
0.00960287494428
0.00959113482235
0.00957938387741
0.00956762214947
0.00955584967853
0.00954406650458
0.00953227266759
0.00952046820752
0.00950865316428
0.00949682757779
0.00948499148795
0.00947314493465
0.00946128795773
0.00944942059704
0.00943754289240
0.00942565488362
0.00941375661049
0.00940184811276
0.00938992943020
0.00937800060253
0.00936606166947
0.00935411267070
0.00934215364589
0.00933018463471
0.00931820567679
0.00930621681175
0.00929421807917
0.00928220951864
0.00927019116972
0.00925816307194
0.00924612526481
0.00923407778785
0.00922202068052
0.00920995398228
0.00919787773257
0.00918579197082
0.00917369673640
0.00916159206871
0.00914947800710
0.00913735459091
0.00912522185944
0.00911307985200
0.00910092860785
0.00908876816626
0.00907659856644
0.00906441984762
0.00905223204898
0.00904003520969
0.00902782936889
0.00901561456572
0.00900339083927
0.00899115822862
0.00897891677284
0.00896666651097
0.00895440748202
0.00894213972499
0.00892986327885
0.00891757818254
0.00890528447501
0.00889298219515
0.00888067138184
0.00886835207396
0.00885602431033
0.00884368812978
0.00883134357109
0.00881899067304
0.00880662947438
0.00879426001382
0.00878188233008
0.00876949646182
0.00875710244771
0.00874470032637
0.00873229013642
0.00871987191643
0.00870744570498
0.00869501154060
0.00868256946179
0.00867011950706
0.00865766171487
0.00864519612366
0.00863272277185
0.00862024169784
0.00860775293998
0.00859525653664
0.00858275252613
0.00857024094675
0.00855772183676
0.00854519523443
0.00853266117796
0.00852011970557
0.00850757085542
0.00849501466566
0.00848245117441
0.00846988041978
0.00845730243983
0.00844471727262
0.00843212495617
0.00841952552847
0.00840691902750
0.00839430549120
0.00838168495750
0.00836905746428
0.00835642304942
0.00834378175076
0.00833113360612
0.00831847865329
0.00830581693004
0.00829314847410
0.00828047332318
0.00826779151498
0.00825510308715
0.00824240807733
0.00822970652312
0.00821699846210
0.00820428393183
0.00819156296984
0.00817883561362
0.00816610190065
0.00815336186837
0.00814061555420
0.00812786299554
0.00811510422975
0.00810233929416
0.00808956822609
0.00807679106282
0.00806400784160
0.00805121859966
0.00803842337421
0.00802562220240
0.00801281512139
0.00800000216830
0.00798718338020
0.00797435879417
0.00796152844723
0.00794869237638
0.00793585061861
0.00792300321086
0.00791015019005
0.00789729159306
0.00788442745677
0.00787155781800
0.00785868271356
0.00784580218022
0.00783291625473
0.00782002497382
0.00780712837416
0.00779422649242
0.00778131936523
0.00776840702919
0.00775548952088
0.00774256687683
0.00772963913357
0.00771670632757
0.00770376849529
0.00769082567316
0.00767787789756
0.00766492520488
0.00765196763144
0.00763900521354
0.00762603798747
0.00761306598948
0.00760008925577
0.00758710782254
0.00757412172594
0.00756113100209
0.00754813568709
0.00753513581701
0.00752213142788
0.00750912255570
0.00749610923646
0.00748309150608
0.00747006940048
0.00745704295555
0.00744401220712
0.00743097719104
0.00741793794307
0.00740489449898
0.00739184689449
0.00737879516530
0.00736573934708
0.00735267947545
0.00733961558601
0.00732654771434
0.00731347589597
0.00730040016642
0.00728732056114
0.00727423711560
0.00726114986519
0.00724805884530
0.00723496409128
0.00722186563843
0.00720876352206
0.00719565777739
0.00718254843967
0.00716943554407
0.00715631912574
0.00714319921982
0.00713007586139
0.00711694908550
0.00710381892719
0.00709068542145
0.00707754860323
0.00706440850747
0.00705126516906
0.00703811862286
0.00702496890369
0.00701181604637
0.00699866008564
0.00698550105624
0.00697233899287
0.00695917393018
0.00694600590282
0.00693283494537
0.00691966109241
0.00690648437846
0.00689330483801
0.00688012250554
0.00686693741547
0.00685374960220
0.00684055910009
0.00682736594347
0.00681417016664
0.00680097180385
0.00678777088934
0.00677456745729
0.00676136154187
0.00674815317721
0.00673494239738
0.00672172923646
0.00670851372846
0.00669529590737
0.00668207580715
0.00666885346170
0.00665562890493
0.00664240217068
0.00662917329277
0.00661594230497
0.00660270924104
0.00658947413469
0.00657623701959
0.00656299792938
0.00654975689768
0.00653651395805
0.00652326914403
0.00651002248913
0.00649677402682
0.00648352379051
0.00647027181362
0.00645701812950
0.00644376277149
0.00643050577286
0.00641724716687
0.00640398698675
0.00639072526568
0.00637746203681
0.00636419733325
0.00635093118808
0.00633766363435
0.00632439470504
0.00631112443315
0.00629785285159
0.00628457999328
0.00627130589107
0.00625803057778
0.00624475408621
0.00623147644912
0.00621819769921
0.00620491786918
0.00619163699166
0.00617835509927
0.00616507222458
0.00615178840013
0.00613850365840
0.00612521803188
0.00611193155298
0.00609864425409
0.00608535616757
0.00607206732573
0.00605877776086
0.00604548750520
0.00603219659095
0.00601890505028
0.00600561291532
0.00599232021818
0.00597902699090
0.00596573326551
0.00595243907399
0.00593914444830
0.00592584942033
0.00591255402197
0.00589925828505
0.00588596224136
0.00587266592266
0.00585936936068
0.00584607258711
0.00583277563358
0.00581947853172
0.00580618131309
0.00579288400923
0.00577958665164
0.00576628927177
0.00575299190105
0.00573969457086
0.00572639731255
0.00571310015742
0.00569980313675
0.00568650628176
0.00567320962366
0.00565991319359
0.00564661702268
0.00563332114200
0.00562002558260
0.00560673037547
0.00559343555159
0.00558014114188
0.00556684717723
0.00555355368848
0.00554026070646
0.00552696826192
0.00551367638561
0.00550038510823
0.00548709446042
0.00547380447281
0.00546051517597
0.00544722660045
0.00543393877675
0.00542065173533
0.00540736550662
0.00539408012100
0.00538079560882
0.00536751200038
0.00535422932596
0.00534094761578
0.00532766690004
0.00531438720889
0.00530110857243
0.00528783102074
0.00527455458386
0.00526127929178
0.00524800517446
0.00523473226180
0.00522146058369
0.00520819016997
0.00519492105042
0.00518165325482
0.00516838681288
0.00515512175427
0.00514185810864
0.00512859590558
0.00511533517467
0.00510207594540
0.00508881824728
0.00507556210974
0.00506230756218
0.00504905463396
0.00503580335440
0.00502255375278
0.00500930585836
0.00499605970032
0.00498281530783
0.00496957271001
0.00495633193595
0.00494309301468
0.00492985597520
0.00491662084648
0.00490338765745
0.00489015643697
0.00487692721389
0.00486370001701
0.00485047487509
0.00483725181685
0.00482403087096
0.00481081206608
0.00479759543079
0.00478438099366
0.00477116878319
0.00475795882788
0.00474475115615
0.00473154579640
0.00471834277698
0.00470514212622
0.00469194387238
0.00467874804369
0.00466555466836
0.00465236377452
0.00463917539030
0.00462598954376
0.00461280626293
0.00459962557580
0.00458644751031
0.00457327209438
0.00456009935586
0.00454692932259
0.00453376202234
0.00452059748286
0.00450743573185
0.00449427679697
0.00448112070584
0.00446796748603
0.00445481716509
0.00444166977051
0.00442852532974
0.00441538387020
0.00440224541925
0.00438911000424
0.00437597765244
0.00436284839111
0.00434972224745
0.00433659924863
0.00432347942177
0.00431036279395
0.00429724939222
0.00428413924356
0.00427103237495
0.00425792881330
0.00424482858548
0.00423173171832
0.00421863823862
0.00420554817312
0.00419246154854
0.00417937839154
0.00416629872874
0.00415322258673
0.00414014999204
0.00412708097119
0.00411401555062
0.00410095375675
0.00408789561595
0.00407484115456
0.00406179039887
0.00404874337513
0.00403570010954
0.00402266062826
0.00400962495742
0.00399659312311
0.00398356515135
0.00397054106814
0.00395752089944
0.00394450467117
0.00393149240918
0.00391848413931
0.00390547988735
0.00389247967904
0.00387948354008
0.00386649149613
0.00385350357280
0.00384051979568
0.00382754019030
0.00381456478214
0.00380159359666
0.00378862665925
0.00377566399529
0.00376270563010
0.00374975158895
0.00373680189709
0.00372385657970
0.00371091566194
0.00369797916891
0.00368504712570
0.00367211955731
0.00365919648873
0.00364627794490
0.00363336395073
0.00362045453106
0.00360754971070
0.00359464951443
0.00358175396697
0.00356886309301
0.00355597691719
0.00354309546411
0.00353021875833
0.00351734682435
0.00350447968666
0.00349161736968
0.00347875989780
0.00346590729535
0.00345305958665
0.00344021679595
0.00342737894747
0.00341454606537
0.00340171817379
0.00338889529682
0.00337607745850
0.00336326468282
0.00335045699377
0.00333765441523
0.00332485697110
0.00331206468520
0.00329927758132
0.00328649568320
0.00327371901455
0.00326094759902
0.00324818146023
0.00323542062175
0.00322266510712
0.00320991493983
0.00319717014331
0.00318443074096
0.00317169675616
0.00315896821220
0.00314624513238
0.00313352753990
0.00312081545797
0.00310810890973
0.00309540791827
0.00308271250666
0.00307002269790
0.00305733851498
0.00304465998082
0.00303198711830
0.00301931995027
0.00300665849953
0.00299400278883
0.00298135284089
0.00296870867838
0.00295607032392
0.00294343780010
0.00293081112947
0.00291819033451
0.00290557543768
0.00289296646140
0.00288036342804
0.00286776635991
0.00285517527931
0.00284259020846
0.00283001116958
0.00281743818480
0.00280487127624
0.00279231046597
0.00277975577600
0.00276720722833
0.00275466484488
0.00274212864755
0.00272959865819
0.00271707489861
0.00270455739057
0.00269204615580
0.00267954121597
0.00266704259271
0.00265455030762
0.00264206438224
0.00262958483809
0.00261711169661
0.00260464497924
0.00259218470734
0.00257973090225
0.00256728358525
0.00255484277760
0.00254240850049
0.00252998077508
0.00251755962249
0.00250514506380
0.00249273712002
0.00248033581215
0.00246794116113
0.00245555318786
0.00244317191319
0.00243079735794
0.00241842954288
0.00240606848873
0.00239371421618
0.00238136674587
0.00236902609839
0.00235669229430
0.00234436535411
0.00233204529828
0.00231973214725
0.00230742592138
0.00229512664101
0.00228283432645
0.00227054899794
0.00225827067568
0.00224599937985
0.00223373513056
0.00222147794790
0.00220922785188
0.00219698486252
0.00218474899975
0.00217252028348
0.00216029873357
0.00214808436984
0.00213587721206
0.00212367727997
0.00211148459325
0.00209929917155
0.00208712103448
0.00207495020158
0.00206278669238
0.00205063052636
0.00203848172292
0.00202634030148
0.00201420628136
0.00200207968187
0.00198996052226
0.00197784882174
0.00196574459950
0.00195364787464
0.00194155866627
0.00192947699341
0.00191740287507
0.00190533633020
0.00189327737771
0.00188122603647
0.00186918232531
0.00185714626300
0.00184511786828
0.00183309715985
0.00182108415637
0.00180907887644
0.00179708133863
0.00178509156145
0.00177310956340
0.00176113536291
0.00174916897837
0.00173721042813
0.00172525973050
0.00171331690375
0.00170138196609
0.00168945493571
0.00167753583075
0.00166562466928
0.00165372146937
0.00164182624902
0.00162993902619
0.00161805981881
0.00160618864475
0.00159432552185
0.00158247046789
0.00157062350063
0.00155878463778
0.00154695389699
0.00153513129589
0.00152331685205
0.00151151058301
0.00149971250626
0.00148792263925
0.00147614099938
0.00146436760401
0.00145260247048
0.00144084561604
0.00142909705794
0.00141735681337
0.00140562489948
0.00139390133337
0.00138218613211
0.00137047931272
0.00135878089216
0.00134709088739
0.00133540931529
0.00132373619271
0.00131207153646
0.00130041536330
0.00128876768995
0.00127712853309
0.00126549790936
0.00125387583535
0.00124226232761
0.00123065740266
0.00121906107694
0.00120747336690
0.00119589428890
0.00118432385929
0.00117276209436
0.00116120901037
0.00114966462352
0.00113812894998
0.00112660200588
0.00111508380730
0.00110357437028
0.00109207371081
0.00108058184486
0.00106909878834
0.00105762455712
0.00104615916702
0.00103470263383
0.00102325497330
0.00101181620112
0.00100038633295
0.00098896538442
0.00097755337110
0.00096615030851
0.00095475621214
0.00094337109746
0.00093199497985
0.00092062787468
0.00090926979728
0.00089792076292
0.00088658078684
0.00087524988423
0.00086392807025
0.00085261536001
0.00084131176856
0.00083001731095
0.00081873200215
0.00080745585711
0.00079618889072
0.00078493111784
0.00077368255329
0.00076244321185
0.00075121310824
0.00073999225716
0.00072878067324
0.00071757837111
0.00070638536533
0.00069520167041
0.00068402730083
0.00067286227104
0.00066170659544
0.00065056028838
0.00063942336416
0.00062829583707
0.00061717772134
0.00060606903115
0.00059496978065
0.00058387998394
0.00057279965509
0.00056172880813
0.00055066745702
0.00053961561571
0.00052857329811
0.00051754051805
0.00050651728936
0.00049550362581
0.00048449954113
0.00047350504901
0.00046252016310
0.00045154489701
0.00044057926430
0.00042962327849
0.00041867695308
0.00040774030149
0.00039681333714
0.00038589607338
0.00037498852353
0.00036409070086
0.00035320261861
0.00034232428998
0.00033145572811
0.00032059694613
0.00030974795709
0.00029890877404
0.00028807940996
0.00027725987780
0.00026645019046
0.00025565036081
0.00024486040167
0.00023408032584
0.00022331014604
0.00021254987499
0.00020179952535
0.00019105910973
0.00018032864072
0.00016960813086
0.00015889759263
0.00014819703851
0.00013750648090
0.00012682593218
0.00011615540470
0.00010549491073
0.00009484446254
0.00008420407234
0.00007357375231
0.00006295351457
0.00005234337121
0.00004174333430
0.00003115341583
0.00002057362779
0.00001000398209
-0.00000055550936
-0.00001110483473
-0.00002164398220
-0.00003217294000
-0.00004269169640
-0.00005320023972
-0.00006369855831
-0.00007418664056
-0.00008466447491
-0.00009513204981
-0.00010558935380
-0.00011603637541
-0.00012647310325
-0.00013689952594
-0.00014731563216
-0.00015772141062
-0.00016811685007
-0.00017850193931
-0.00018887666717
-0.00019924102252
-0.00020959499427
-0.00021993857137
-0.00023027174282
-0.00024059449764
-0.00025090682491
-0.00026120871374
-0.00027150015328
-0.00028178113272
-0.00029205164128
-0.00030231166824
-0.00031256120291
-0.00032280023463
-0.00033302875279
-0.00034324674683
-0.00035345420619
-0.00036365112039
-0.00037383747899
-0.00038401327155
-0.00039417848770
-0.00040433311711
-0.00041447714948
-0.00042461057455
-0.00043473338210
-0.00044484556195
-0.00045494710396
-0.00046503799802
-0.00047511823408
-0.00048518780211
-0.00049524669213
-0.00050529489418
-0.00051533239837
-0.00052535919482
-0.00053537527370
-0.00054538062522
-0.00055537523963
-0.00056535910722
-0.00057533221832
-0.00058529456328
-0.00059524613251
-0.00060518691646
-0.00061511690559
-0.00062503609044
-0.00063494446155
-0.00064484200952
-0.00065472872500
-0.00066460459864
-0.00067446962116
-0.00068432378332
-0.00069416707589
-0.00070399948970
-0.00071382101563
-0.00072363164456
-0.00073343136744
-0.00074322017525
-0.00075299805901
-0.00076276500977
-0.00077252101863
-0.00078226607670
-0.00079200017518
-0.00080172330525
-0.00081143545817
-0.00082113662522
-0.00083082679772
-0.00084050596703
-0.00085017412454
-0.00085983126169
-0.00086947736995
-0.00087911244082
-0.00088873646587
-0.00089834943666
-0.00090795134483
-0.00091754218202
-0.00092712193995
-0.00093669061034
-0.00094624818497
-0.00095579465565
-0.00096533001421
-0.00097485425255
-0.00098436736259
-0.00099386933629
-0.00100336016564
-0.00101283984267
-0.00102230835946
-0.00103176570811
-0.00104121188077
-0.00105064686962
-0.00106007066687
-0.00106948326479
-0.00107888465566
-0.00108827483181
-0.00109765378561
-0.00110702150947
-0.00111637799581
-0.00112572323713
-0.00113505722592
-0.00114437995474
-0.00115369141618
-0.00116299160286
-0.00117228050744
-0.00118155812261
-0.00119082444110
-0.00120007945570
-0.00120932315919
-0.00121855554442
-0.00122777660428
-0.00123698633166
-0.00124618471953
-0.00125537176087
-0.00126454744871
-0.00127371177609
-0.00128286473612
-0.00129200632193
-0.00130113652668
-0.00131025534358
-0.00131936276587
-0.00132845878682
-0.00133754339973
-0.00134661659797
-0.00135567837490
-0.00136472872396
-0.00137376763858
-0.00138279511226
-0.00139181113853
-0.00140081571094
-0.00140980882310
-0.00141879046863
-0.00142776064119
-0.00143671933450
-0.00144566654229
-0.00145460225833
-0.00146352647643
-0.00147243919044
-0.00148134039423
-0.00149023008171
-0.00149910824684
-0.00150797488361
-0.00151682998602
-0.00152567354813
-0.00153450556404
-0.00154332602786
-0.00155213493376
-0.00156093227593
-0.00156971804860
-0.00157849224603
-0.00158725486252
-0.00159600589241
-0.00160474533005
-0.00161347316986
-0.00162218940626
-0.00163089403374
-0.00163958704679
-0.00164826843996
-0.00165693820782
-0.00166559634497
-0.00167424284607
-0.00168287770579
-0.00169150091884
-0.00170011247997
-0.00170871238395
-0.00171730062561
-0.00172587719979
-0.00173444210136
-0.00174299532526
-0.00175153686642
-0.00176006671983
-0.00176858488051
-0.00177709134351
-0.00178558610392
-0.00179406915686
-0.00180254049747
-0.00181100012094
-0.00181944802250
-0.00182788419740
-0.00183630864092
-0.00184472134839
-0.00185312231516
-0.00186151153661
-0.00186988900816
-0.00187825472528
-0.00188660868345
-0.00189495087818
-0.00190328130504
-0.00191159995960
-0.00191990683749
-0.00192820193436
-0.00193648524590
-0.00194475676782
-0.00195301649587
-0.00196126442585
-0.00196950055356
-0.00197772487486
-0.00198593738563
-0.00199413808179
-0.00200232695928
-0.00201050401408
-0.00201866924221
-0.00202682263970
-0.00203496420265
-0.00204309392716
-0.00205121180938
-0.00205931784547
-0.00206741203164
-0.00207549436414
-0.00208356483924
-0.00209162345324
-0.00209967020247
-0.00210770508331
-0.00211572809216
-0.00212373922544
-0.00213173847962
-0.00213972585120
-0.00214770133670
-0.00215566493269
-0.00216361663575
-0.00217155644250
-0.00217948434961
-0.00218740035376
-0.00219530445166
-0.00220319664007
-0.00221107691576
-0.00221894527555
-0.00222680171628
-0.00223464623483
-0.00224247882809
-0.00225029949301
-0.00225810822657
-0.00226590502574
-0.00227368988758
-0.00228146280913
-0.00228922378749
-0.00229697281979
-0.00230470990317
-0.00231243503484
-0.00232014821199
-0.00232784943188
-0.00233553869178
-0.00234321598901
-0.00235088132090
-0.00235853468483
-0.00236617607818
-0.00237380549840
-0.00238142294295
-0.00238902840930
-0.00239662189500
-0.00240420339759
-0.00241177291465
-0.00241933044379
-0.00242687598266
-0.00243440952893
-0.00244193108030
-0.00244944063451
-0.00245693818932
-0.00246442374252
-0.00247189729193
-0.00247935883541
-0.00248680837085
-0.00249424589614
-0.00250167140923
-0.00250908490810
-0.00251648639075
-0.00252387585520
-0.00253125329952
-0.00253861872180
-0.00254597212015
-0.00255331349273
-0.00256064283770
-0.00256796015328
-0.00257526543771
-0.00258255868925
-0.00258983990619
-0.00259710908686
-0.00260436622960
-0.00261161133281
-0.00261884439489
-0.00262606541428
-0.00263327438945
-0.00264047131890
-0.00264765620114
-0.00265482903475
-0.00266198981829
-0.00266913855038
-0.00267627522966
-0.00268339985481
-0.00269051242450
-0.00269761293748
-0.00270470139250
-0.00271177778833
-0.00271884212379
-0.00272589439772
-0.00273293460898
-0.00273996275647
-0.00274697883911
-0.00275398285585
-0.00276097480567
-0.00276795468758
-0.00277492250062
-0.00278187824383
-0.00278882191633
-0.00279575351721
-0.00280267304564
-0.00280958050077
-0.00281647588182
-0.00282335918801
-0.00283023041860
-0.00283708957286
-0.00284393665012
-0.00285077164970
-0.00285759457098
-0.00286440541335
-0.00287120417622
-0.00287799085905
-0.00288476546130
-0.00289152798248
-0.00289827842212
-0.00290501677976
-0.00291174305500
-0.00291845724744
-0.00292515935671
-0.00293184938248
-0.00293852732444
-0.00294519318230
-0.00295184695581
-0.00295848864473
-0.00296511824885
-0.00297173576801
-0.00297834120204
-0.00298493455082
-0.00299151581425
-0.00299808499227
-0.00300464208481
-0.00301118709186
-0.00301772001343
-0.00302424084955
-0.00303074960027
-0.00303724626568
-0.00304373084588
-0.00305020334101
-0.00305666375124
-0.00306311207674
-0.00306954831774
-0.00307597247446
-0.00308238454717
-0.00308878453617
-0.00309517244175
-0.00310154826428
-0.00310791200410
-0.00311426366161
-0.00312060323723
-0.00312693073140
-0.00313324614457
-0.00313954947726
-0.00314584072996
-0.00315211990323
-0.00315838699763
-0.00316464201375
-0.00317088495221
-0.00317711581365
-0.00318333459873
-0.00318954130815
-0.00319573594262
-0.00320191850288
-0.00320808898970
-0.00321424740387
-0.00322039374619
-0.00322652801751
-0.00323265021870
-0.00323876035063
-0.00324485841422
-0.00325094441040
-0.00325701834014
-0.00326308020442
-0.00326913000424
-0.00327516774064
-0.00328119341467
-0.00328720702742
-0.00329320857999
-0.00329919807350
-0.00330517550911
-0.00331114088799
-0.00331709421134
-0.00332303548039
-0.00332896469637
-0.00333488186056
-0.00334078697426
-0.00334668003878
-0.00335256105545
-0.00335843002564
-0.00336428695075
-0.00337013183217
-0.00337596467135
-0.00338178546973
-0.00338759422880
-0.00339339095005
-0.00339917563502
-0.00340494828526
-0.00341070890232
-0.00341645748782
-0.00342219404336
-0.00342791857058
-0.00343363107114
-0.00343933154674
-0.00344501999907
-0.00345069642987
-0.00345636084089
-0.00346201323390
-0.00346765361071
-0.00347328197312
-0.00347889832298
-0.00348450266217
-0.00349009499255
-0.00349567531604
-0.00350124363457
-0.00350679995009
-0.00351234426458
-0.00351787658004
-0.00352339689847
-0.00352890522192
-0.00353440155246
-0.00353988589215
-0.00354535824312
-0.00355081860749
-0.00355626698740
-0.00356170338502
-0.00356712780255
-0.00357254024220
-0.00357794070620
-0.00358332919680
-0.00358870571629
-0.00359407026696
-0.00359942285113
-0.00360476347114
-0.00361009212935
-0.00361540882814
-0.00362071356991
-0.00362600635710
-0.00363128719214
-0.00363655607750
-0.00364181301566
-0.00364705800913
-0.00365229106045
-0.00365751217215
-0.00366272134681
-0.00366791858701
-0.00367310389537
-0.00367827727452
-0.00368343872710
-0.00368858825579
-0.00369372586328
-0.00369885155227
-0.00370396532550
-0.00370906718573
-0.00371415713572
-0.00371923517826
-0.00372430131616
-0.00372935555227
-0.00373439788942
-0.00373942833049
-0.00374444687836
-0.00374945353596
-0.00375444830621
-0.00375943119205
-0.00376440219646
-0.00376936132243
-0.00377430857296
-0.00377924395109
-0.00378416745985
-0.00378907910232
-0.00379397888157
-0.00379886680072
-0.00380374286288
-0.00380860707121
-0.00381345942885
-0.00381829993900
-0.00382312860485
-0.00382794542962
-0.00383275041655
-0.00383754356888
-0.00384232488991
-0.00384709438292
-0.00385185205122
-0.00385659789814
-0.00386133192703
-0.00386605414127
-0.00387076454423
-0.00387546313933
-0.00388014992997
-0.00388482491961
-0.00388948811171
-0.00389413950974
-0.00389877911719
-0.00390340693758
-0.00390802297444
-0.00391262723133
-0.00391721971181
-0.00392180041945
-0.00392636935788
-0.00393092653071
-0.00393547194157
-0.00394000559412
-0.00394452749205
-0.00394903763903
-0.00395353603878
-0.00395802269503
-0.00396249761151
-0.00396696079200
-0.00397141224026
-0.00397585196010
-0.00398027995533
-0.00398469622977
-0.00398910078728
-0.00399349363172
-0.00399787476698
-0.00400224419694
-0.00400660192553
-0.00401094795668
-0.00401528229433
-0.00401960494246
-0.00402391590504
-0.00402821518608
-0.00403250278959
-0.00403677871961
-0.00404104298017
-0.00404529557536
-0.00404953650925
-0.00405376578593
-0.00405798340953
-0.00406218938417
-0.00406638371400
-0.00407056640319
-0.00407473745591
-0.00407889687636
-0.00408304466875
-0.00408718083732
-0.00409130538629
-0.00409541831993
-0.00409951964252
-0.00410360935835
-0.00410768747173
-0.00411175398697
-0.00411580890841
-0.00411985224041
-0.00412388398734
-0.00412790415359
-0.00413191274354
-0.00413590976162
-0.00413989521226
-0.00414386909991
-0.00414783142902
-0.00415178220407
-0.00415572142956
-0.00415964910998
-0.00416356524987
-0.00416746985376
-0.00417136292620
-0.00417524447176
-0.00417911449501
-0.00418297300056
-0.00418681999302
-0.00419065547701
-0.00419447945717
-0.00419829193816
-0.00420209292464
-0.00420588242131
-0.00420966043285
-0.00421342696399
-0.00421718201945
-0.00422092560397
-0.00422465772230
-0.00422837837922
-0.00423208757952
-0.00423578532798
-0.00423947162943
-0.00424314648868
-0.00424680991058
-0.00425046189999
-0.00425410246176
-0.00425773160079
-0.00426134932197
-0.00426495563021
-0.00426855053043
-0.00427213402757
-0.00427570612658
-0.00427926683243
-0.00428281615008
-0.00428635408454
-0.00428988064080
-0.00429339582389
-0.00429689963883
-0.00430039209067
-0.00430387318447
-0.00430734292529
-0.00431080131823
-0.00431424836837
-0.00431768408083
-0.00432110846074
-0.00432452151322
-0.00432792324342
-0.00433131365651
-0.00433469275766
-0.00433806055206
-0.00434141704490
-0.00434476224140
-0.00434809614679
-0.00435141876630
-0.00435473010518
-0.00435803016869
-0.00436131896211
-0.00436459649072
-0.00436786275983
-0.00437111777475
-0.00437436154079
-0.00437759406330
-0.00438081534762
-0.00438402539912
-0.00438722422317
-0.00439041182514
-0.00439358821044
-0.00439675338447
-0.00439990735266
-0.00440305012044
-0.00440618169324
-0.00440930207652
-0.00441241127576
-0.00441550929643
-0.00441859614401
-0.00442167182402
-0.00442473634195
-0.00442778970335
-0.00443083191373
-0.00443386297866
-0.00443688290368
-0.00443989169437
-0.00444288935631
-0.00444587589509
-0.00444885131631
-0.00445181562558
-0.00445476882854
-0.00445771093081
-0.00446064193805
-0.00446356185590
-0.00446647069005
-0.00446936844617
-0.00447225512994
-0.00447513074707
-0.00447799530328
-0.00448084880427
-0.00448369125580
-0.00448652266358
-0.00448934303339
-0.00449215237099
-0.00449495068214
-0.00449773797264
-0.00450051424827
-0.00450327951484
-0.00450603377818
-0.00450877704410
-0.00451150931843
-0.00451423060703
-0.00451694091575
-0.00451964025045
-0.00452232861701
-0.00452500602132
-0.00452767246926
-0.00453032796675
-0.00453297251970
-0.00453560613403
-0.00453822881568
-0.00454084057059
-0.00454344140471
-0.00454603132400
-0.00454861033445
-0.00455117844202
-0.00455373565271
-0.00455628197252
-0.00455881740745
-0.00456134196354
-0.00456385564680
-0.00456635846327
-0.00456885041900
-0.00457133152004
-0.00457380177246
-0.00457626118232
-0.00457870975572
-0.00458114749875
-0.00458357441749
-0.00458599051807
-0.00458839580659
-0.00459079028919
-0.00459317397200
-0.00459554686116
-0.00459790896282
-0.00460026028315
-0.00460260082831
-0.00460493060449
-0.00460724961786
-0.00460955787462
-0.00461185538098
-0.00461414214314
-0.00461641816732
-0.00461868345976
-0.00462093802668
-0.00462318187434
-0.00462541500897
-0.00462763743685
-0.00462984916423
-0.00463205019740
-0.00463424054264
-0.00463642020623
-0.00463858919449
-0.00464074751371
-0.00464289517021
-0.00464503217031
-0.00464715852034
-0.00464927422665
-0.00465137929556
-0.00465347373345
-0.00465555754666
-0.00465763074157
-0.00465969332455
-0.00466174530199
-0.00466378668026
-0.00466581746577
-0.00466783766493
-0.00466984728414
-0.00467184632983
-0.00467383480841
-0.00467581272632
-0.00467778009001
-0.00467973690591
-0.00468168318048
-0.00468361892019
-0.00468554413149
-0.00468745882087
-0.00468936299480
-0.00469125665977
-0.00469313982228
-0.00469501248882
-0.00469687466591
-0.00469872636005
-0.00470056757778
-0.00470239832561
-0.00470421861008
-0.00470602843773
-0.00470782781510
-0.00470961674876
-0.00471139524525
-0.00471316331114
-0.00471492095301
-0.00471666817743
-0.00471840499099
-0.00472013140027
-0.00472184741187
-0.00472355303240
-0.00472524826846
-0.00472693312666
-0.00472860761362
-0.00473027173598
-0.00473192550035
-0.00473356891339
-0.00473520198172
-0.00473682471201
-0.00473843711089
-0.00474003918504
-0.00474163094112
-0.00474321238580
-0.00474478352575
-0.00474634436766
-0.00474789491821
-0.00474943518410
-0.00475096517202
-0.00475248488869
-0.00475399434079
-0.00475549353506
-0.00475698247821
-0.00475846117695
-0.00475992963803
-0.00476138786818
-0.00476283587413
-0.00476427366263
-0.00476570124043
-0.00476711861428
-0.00476852579094
-0.00476992277717
-0.00477130957975
-0.00477268620544
-0.00477405266103
-0.00477540895330
-0.00477675508903
-0.00477809107501
-0.00477941691805
-0.00478073262494
-0.00478203820250
-0.00478333365752
-0.00478461899682
-0.00478589422723
-0.00478715935557
-0.00478841438865
-0.00478965933333
-0.00479089419642
-0.00479211898477
-0.00479333370523
-0.00479453836465
-0.00479573296987
-0.00479691752775
-0.00479809204516
-0.00479925652895
-0.00480041098600
-0.00480155542318
-0.00480268984737
-0.00480381426544
-0.00480492868429
-0.00480603311079
-0.00480712755183
-0.00480821201433
-0.00480928650516
-0.00481035103124
-0.00481140559948
-0.00481245021677
-0.00481348489003
-0.00481450962619
-0.00481552443216
-0.00481652931486
-0.00481752428122
-0.00481850933817
-0.00481948449265
-0.00482044975159
-0.00482140512193
-0.00482235061061
-0.00482328622458
-0.00482421197079
-0.00482512785619
-0.00482603388774
-0.00482693007239
-0.00482781641711
-0.00482869292887
-0.00482955961462
-0.00483041648134
-0.00483126353600
-0.00483210078558
-0.00483292823706
-0.00483374589742
-0.00483455377364
-0.00483535187271
-0.00483614020162
-0.00483691876736
-0.00483768757692
-0.00483844663731
-0.00483919595552
-0.00483993553856
-0.00484066539342
-0.00484138552712
-0.00484209594667
-0.00484279665908
-0.00484348767135
-0.00484416899052
-0.00484484062359
-0.00484550257759
-0.00484615485954
-0.00484679747647
-0.00484743043540
-0.00484805374336
-0.00484866740739
-0.00484927143451
-0.00484986583177
-0.00485045060620
-0.00485102576483
-0.00485159131472
-0.00485214726290
-0.00485269361642
-0.00485323038232
-0.00485375756766
-0.00485427517948
-0.00485478322483
-0.00485528171078
-0.00485577064437
-0.00485625003265
-0.00485671988270
-0.00485718020157
-0.00485763099631
-0.00485807227400
-0.00485850404169
-0.00485892630646
-0.00485933907536
-0.00485974235548
-0.00486013615387
-0.00486052047761
-0.00486089533377
-0.00486126072942
-0.00486161667164
-0.00486196316751
-0.00486230022410
-0.00486262784849
-0.00486294604776
-0.00486325482899
-0.00486355419925
-0.00486384416564
-0.00486412473524
-0.00486439591512
-0.00486465771238
-0.00486491013410
-0.00486515318737
-0.00486538687927
-0.00486561121689
-0.00486582620733
-0.00486603185767
-0.00486622817500
-0.00486641516641
-0.00486659283900
-0.00486676119985
-0.00486692025607
-0.00486707001473
-0.00486721048295
-0.00486734166781
-0.00486746357640
-0.00486757621583
-0.00486767959318
-0.00486777371556
-0.00486785859006
-0.00486793422378
-0.00486800062381
-0.00486805779725
-0.00486810575120
-0.00486814449276
-0.00486817402902
-0.00486819436708
-0.00486820551405
-0.00486820747701
-0.00486820026308
-0.00486818387934
-0.00486815833289
-0.00486812363084
-0.00486807978027
-0.00486802678830
-0.00486796466202
-0.00486789340852
-0.00486781303490
-0.00486772354827
-0.00486762495572
-0.00486751726434
-0.00486740048123
-0.00486727461350
-0.00486713966823
-0.00486699565252
-0.00486684257348
-0.00486668043818
-0.00486650925374
-0.00486632902724
-0.00486613976577
-0.00486594147644
-0.00486573416633
-0.00486551784254
-0.00486529251216
-0.00486505818227
-0.00486481485998
-0.00486456255236
-0.00486430126652
-0.00486403100953
-0.00486375178849
-0.00486346361048
-0.00486316648260
-0.00486286041192
-0.00486254540553
-0.00486222147051
-0.00486188861395
-0.00486154684293
-0.00486119616454
-0.00486083658584
-0.00486046811392
-0.00486009075587
-0.00485970451875
-0.00485930940964
-0.00485890543562
-0.00485849260376
-0.00485807092114
-0.00485764039482
-0.00485720103189
-0.00485675283940
-0.00485629582442
-0.00485582999403
-0.00485535535529
-0.00485487191526
-0.00485437968100
-0.00485387865959
-0.00485336885807
-0.00485285028352
-0.00485232294298
-0.00485178684351
-0.00485124199217
-0.00485068839601
-0.00485012606208
-0.00484955499744
-0.00484897520913
-0.00484838670420
-0.00484778948969
-0.00484718357266
-0.00484656896014
-0.00484594565917
-0.00484531367680
-0.00484467302006
-0.00484402369598
-0.00484336571161
-0.00484269907397
-0.00484202379009
-0.00484133986701
-0.00484064731175
-0.00483994613133
-0.00483923633278
-0.00483851792313
-0.00483779090938
-0.00483705529856
-0.00483631109769
-0.00483555831378
-0.00483479695383
-0.00483402702486
-0.00483324853388
-0.00483246148790
-0.00483166589391
-0.00483086175892
-0.00483004908993
-0.00482922789393
-0.00482839817792
-0.00482755994890
-0.00482671321385
-0.00482585797977
-0.00482499425363
-0.00482412204243
-0.00482324135315
-0.00482235219276
-0.00482145456825
-0.00482054848658
-0.00481963395474
-0.00481871097968
-0.00481777956839
-0.00481683972782
-0.00481589146494
-0.00481493478671
-0.00481396970009
-0.00481299621203
-0.00481201432949
-0.00481102405941
-0.00481002540875
-0.00480901838445
-0.00480800299346
-0.00480697924272
-0.00480594713915
-0.00480490668971
-0.00480385790132
-0.00480280078091
-0.00480173533540
-0.00480066157174
-0.00479957949683
-0.00479848911759
-0.00479739044095
-0.00479628347381
-0.00479516822309
-0.00479404469570
-0.00479291289854
-0.00479177283851
-0.00479062452251
-0.00478946795745
-0.00478830315020
-0.00478713010768
-0.00478594883676
-0.00478475934432
-0.00478356163726
-0.00478235572245
-0.00478114160677
-0.00477991929709
-0.00477868880028
-0.00477745012321
-0.00477620327274
-0.00477494825573
-0.00477368507905
-0.00477241374955
-0.00477113427408
-0.00476984665948
-0.00476855091262
-0.00476724704031
-0.00476593504942
-0.00476461494677
-0.00476328673920
-0.00476195043353
-0.00476060603660
-0.00475925355522
-0.00475789299622
-0.00475652436642
-0.00475514767262
-0.00475376292164
-0.00475237012029
-0.00475096927536
-0.00474956039367
-0.00474814348200
-0.00474671854715
-0.00474528559591
-0.00474384463507
-0.00474239567141
-0.00474093871171
-0.00473947376275
-0.00473800083131
-0.00473651992414
-0.00473503104802
-0.00473353420970
-0.00473202941596
-0.00473051667354
-0.00472899598920
-0.00472746736969
-0.00472593082174
-0.00472438635211
-0.00472283396753
-0.00472127367474
-0.00471970548046
-0.00471812939142
-0.00471654541435
-0.00471495355596
-0.00471335382298
-0.00471174622211
-0.00471013076007
-0.00470850744356
-0.00470687627927
-0.00470523727392
-0.00470359043419
-0.00470193576677
-0.00470027327835
-0.00469860297561
-0.00469692486524
-0.00469523895390
-0.00469354524827
-0.00469184375501
-0.00469013448080
-0.00468841743228
-0.00468669261612
-0.00468496003897
-0.00468321970748
-0.00468147162828
-0.00467971580803
-0.00467795225336
-0.00467618097090
-0.00467440196728
-0.00467261524912
-0.00467082082306
-0.00466901869569
-0.00466720887365
-0.00466539136353
-0.00466356617194
-0.00466173330549
-0.00465989277077
-0.00465804457437
-0.00465618872288
-0.00465432522290
-0.00465245408099
-0.00465057530374
-0.00464868889772
-0.00464679486950
-0.00464489322565
-0.00464298397272
-0.00464106711727
-0.00463914266586
-0.00463721062504
-0.00463527100134
-0.00463332380131
-0.00463136903149
-0.00462940669841
-0.00462743680859
-0.00462545936856
-0.00462347438484
-0.00462148186395
-0.00461948181239
-0.00461747423668
-0.00461545914331
-0.00461343653879
-0.00461140642961
-0.00460936882226
-0.00460732372323
-0.00460527113900
-0.00460321107604
-0.00460114354084
-0.00459906853985
-0.00459698607955
-0.00459489616640
-0.00459279880684
-0.00459069400735
-0.00458858177435
-0.00458646211430
-0.00458433503363
-0.00458220053879
-0.00458005863619
-0.00457790933227
-0.00457575263345
-0.00457358854615
-0.00457141707678
-0.00456923823174
-0.00456705201745
-0.00456485844031
-0.00456265750671
-0.00456044922303
-0.00455823359568
-0.00455601063103
-0.00455378033546
-0.00455154271534
-0.00454929777705
-0.00454704552695
-0.00454478597140
-0.00454251911676
-0.00454024496937
-0.00453796353560
-0.00453567482177
-0.00453337883423
-0.00453107557932
-0.00452876506336
-0.00452644729268
-0.00452412227360
-0.00452179001244
-0.00451945051551
-0.00451710378911
-0.00451474983955
-0.00451238867314
-0.00451002029615
-0.00450764471489
-0.00450526193564
-0.00450287196468
-0.00450047480828
-0.00449807047272
-0.00449565896427
-0.00449324028919
-0.00449081445373
-0.00448838146415
-0.00448594132671
-0.00448349404764
-0.00448103963318
-0.00447857808958
-0.00447610942306
-0.00447363363985
-0.00447115074618
-0.00446866074825
-0.00446616365229
-0.00446365946450
-0.00446114819109
-0.00445862983826
-0.00445610441219
-0.00445357191909
-0.00445103236514
-0.00444848575652
-0.00444593209941
-0.00444337139998
-0.00444080366439
-0.00443822889882
-0.00443564710942
-0.00443305830235
-0.00443046248374
-0.00442785965976
-0.00442524983654
-0.00442263302022
-0.00442000921693
-0.00441737843279
-0.00441474067393
-0.00441209594646
-0.00440944425651
-0.00440678561017
-0.00440412001355
-0.00440144747276
-0.00439876799389
-0.00439608158302
-0.00439338824625
-0.00439068798965
-0.00438798081931
-0.00438526674129
-0.00438254576166
-0.00437981788649
-0.00437708312183
-0.00437434147374
-0.00437159294827
-0.00436883755146
-0.00436607528935
-0.00436330616799
-0.00436053019339
-0.00435774737159
-0.00435495770861
-0.00435216121047
-0.00434935788318
-0.00434654773275
-0.00434373076518
-0.00434090698647
-0.00433807640262
-0.00433523901961
-0.00433239484344
-0.00432954388008
-0.00432668613552
-0.00432382161571
-0.00432095032664
-0.00431807227426
-0.00431518746453
-0.00431229590341
-0.00430939759685
-0.00430649255078
-0.00430358077116
-0.00430066226391
-0.00429773703497
-0.00429480509027
-0.00429186643572
-0.00428892107725
-0.00428596902077
-0.00428301027218
-0.00428004483739
-0.00427707272231
-0.00427409393282
-0.00427110847482
-0.00426811635419
-0.00426511757682
-0.00426211214858
-0.00425910007534
-0.00425608136298
-0.00425305601736
-0.00425002404433
-0.00424698544975
-0.00424394023947
-0.00424088841934
-0.00423782999520
-0.00423476497289
-0.00423169335823
-0.00422861515707
-0.00422553037521
-0.00422243901848
-0.00421934109269
-0.00421623660366
-0.00421312555719
-0.00421000795908
-0.00420688381513
-0.00420375313113
-0.00420061591287
-0.00419747216614
-0.00419432189671
-0.00419116511035
-0.00418800181284
-0.00418483200995
-0.00418165570744
-0.00417847291106
-0.00417528362656
-0.00417208785970
-0.00416888561623
-0.00416567690187
-0.00416246172237
-0.00415924008345
-0.00415601199085
-0.00415277745029
-0.00414953646748
-0.00414628904814
-0.00414303519798
-0.00413977492270
-0.00413650822801
-0.00413323511960
-0.00412995560316
-0.00412666968439
-0.00412337736896
-0.00412007866256
-0.00411677357086
-0.00411346209954
-0.00411014425425
-0.00410682004067
-0.00410348946444
-0.00410015253123
-0.00409680924669
-0.00409345961645
-0.00409010364617
-0.00408674134147
-0.00408337270800
-0.00407999775138
-0.00407661647723
-0.00407322889118
-0.00406983499884
-0.00406643480583
-0.00406302831775
-0.00405961554020
-0.00405619647879
-0.00405277113912
-0.00404933952677
-0.00404590164732
-0.00404245750638
-0.00403900710950
-0.00403555046227
-0.00403208757027
-0.00402861843905
-0.00402514307417
-0.00402166148121
-0.00401817366571
-0.00401467963322
-0.00401117938929
-0.00400767293947
-0.00400416028929
-0.00400064144428
-0.00399711640998
-0.00399358519191
-0.00399004779560
-0.00398650422657
-0.00398295449032
-0.00397939859238
-0.00397583653824
-0.00397226833341
-0.00396869398339
-0.00396511349368
-0.00396152686976
-0.00395793411712
-0.00395433524125
-0.00395073024763
-0.00394711914172
-0.00394350192901
-0.00393987861496
-0.00393624920504
-0.00393261370470
-0.00392897211940
-0.00392532445460
-0.00392167071574
-0.00391801090828
-0.00391434503764
-0.00391067310926
-0.00390699512859
-0.00390331110105
-0.00389962103207
-0.00389592492707
-0.00389222279147
-0.00388851463068
-0.00388480045012
-0.00388108025519
-0.00387735405130
-0.00387362184384
-0.00386988363823
-0.00386613943984
-0.00386238925406
-0.00385863308630
-0.00385487094191
-0.00385110282630
-0.00384732874482
-0.00384354870285
-0.00383976270576
-0.00383597075892
-0.00383217286769
-0.00382836903741
-0.00382455927345
-0.00382074358116
-0.00381692196588
-0.00381309443296
-0.00380926098774
-0.00380542163555
-0.00380157638173
-0.00379772523161
-0.00379386819051
-0.00379000526375
-0.00378613645666
-0.00378226177456
-0.00377838122274
-0.00377449480653
-0.00377060253123
-0.00376670440215
-0.00376280042457
-0.00375889060381
-0.00375497494514
-0.00375105345386
-0.00374712613527
-0.00374319299463
-0.00373925403723
-0.00373530926835
-0.00373135869326
-0.00372740231723
-0.00372344014552
-0.00371947218341
-0.00371549843615
-0.00371151890900
-0.00370753360721
-0.00370354253603
-0.00369954570072
-0.00369554310652
-0.00369153475867
-0.00368752066241
-0.00368350082297
-0.00367947524559
-0.00367544393550
-0.00367140689792
-0.00366736413808
-0.00366331566120
-0.00365926147250
-0.00365520157720
-0.00365113598049
-0.00364706468760
-0.00364298770373
-0.00363890503409
-0.00363481668386
-0.00363072265826
-0.00362662296248
-0.00362251760170
-0.00361840658112
