-0.00212442590496
-0.00212257818999
-0.00212071293852
-0.00211883016125
-0.00211692986902
-0.00211501207275
-0.00211307678352
-0.00211112401249
-0.00210915377097
-0.00210716607034
-0.00210516092214
-0.00210313833801
-0.00210109832969
-0.00209904090905
-0.00209696608809
-0.00209487387889
-0.00209276429367
-0.00209063734477
-0.00208849304464
-0.00208633140582
-0.00208415244100
-0.00208195616297
-0.00207974258464
-0.00207751171903
-0.00207526357928
-0.00207299817864
-0.00207071553047
-0.00206841564827
-0.00206609854562
-0.00206376423625
-0.00206141273397
-0.00205904405273
-0.00205665820659
-0.00205425520971
-0.00205183507639
-0.00204939782103
-0.00204694345813
-0.00204447200234
-0.00204198346839
-0.00203947787115
-0.00203695522558
-0.00203441554678
-0.00203185884995
-0.00202928515040
-0.00202669446356
-0.00202408680499
-0.00202146219032
-0.00201882063535
-0.00201616215596
-0.00201348676814
-0.00201079448800
-0.00200808533179
-0.00200535931584
-0.00200261645660
-0.00199985677065
-0.00199708027467
-0.00199428698544
-0.00199147691989
-0.00198865009504
-0.00198580652802
-0.00198294623608
-0.00198006923659
-0.00197717554701
-0.00197426518495
-0.00197133816809
-0.00196839451427
-0.00196543424140
-0.00196245736752
-0.00195946391079
-0.00195645388948
-0.00195342732196
-0.00195038422673
-0.00194732462239
-0.00194424852765
-0.00194115596135
-0.00193804694243
-0.00193492148993
-0.00193177962304
-0.00192862136101
-0.00192544672325
-0.00192225572925
-0.00191904839864
-0.00191582475112
-0.00191258480655
-0.00190932858487
-0.00190605610614
-0.00190276739054
-0.00189946245834
-0.00189614132995
-0.00189280402586
-0.00188945056671
-0.00188608097320
-0.00188269526620
-0.00187929346664
-0.00187587559559
-0.00187244167422
-0.00186899172382
-0.00186552576578
-0.00186204382160
-0.00185854591291
-0.00185503206143
-0.00185150228898
-0.00184795661754
-0.00184439506914
-0.00184081766595
-0.00183722443026
-0.00183361538445
-0.00182999055102
-0.00182634995258
-0.00182269361184
-0.00181902155164
-0.00181533379490
-0.00181163036467
-0.00180791128411
-0.00180417657649
-0.00180042626518
-0.00179666037365
-0.00179287892551
-0.00178908194445
-0.00178526945429
-0.00178144147895
-0.00177759804245
-0.00177373916892
-0.00176986488262
-0.00176597520790
-0.00176207016922
-0.00175814979114
-0.00175421409836
-0.00175026311565
-0.00174629686791
-0.00174231538015
-0.00173831867746
-0.00173430678508
-0.00173027972832
-0.00172623753263
-0.00172218022353
-0.00171810782669
-0.00171402036784
-0.00170991787287
-0.00170580036773
-0.00170166787850
-0.00169752043138
-0.00169335805263
-0.00168918076868
-0.00168498860600
-0.00168078159123
-0.00167655975107
-0.00167232311235
-0.00166807170199
-0.00166380554703
-0.00165952467461
-0.00165522911198
-0.00165091888648
-0.00164659402559
-0.00164225455686
-0.00163790050795
-0.00163353190666
-0.00162914878084
-0.00162475115850
-0.00162033906771
-0.00161591253668
-0.00161147159370
-0.00160701626717
-0.00160254658561
-0.00159806257764
-0.00159356427195
-0.00158905169739
-0.00158452488287
-0.00157998385742
-0.00157542865018
-0.00157085929039
-0.00156627580738
-0.00156167823060
-0.00155706658961
-0.00155244091404
-0.00154780123366
-0.00154314757833
-0.00153847997800
-0.00153379846274
-0.00152910306272
-0.00152439380820
-0.00151967072956
-0.00151493385727
-0.00151018322191
-0.00150541885415
-0.00150064078478
-0.00149584904468
-0.00149104366483
-0.00148622467633
-0.00148139211035
-0.00147654599818
-0.00147168637122
-0.00146681326097
-0.00146192669900
-0.00145702671701
-0.00145211334680
-0.00144718662027
-0.00144224656940
-0.00143729322630
-0.00143232662316
-0.00142734679228
-0.00142235376605
-0.00141734757697
-0.00141232825763
-0.00140729584074
-0.00140225035908
-0.00139719184555
-0.00139212033315
-0.00138703585497
-0.00138193844419
-0.00137682813412
-0.00137170495813
-0.00136656894972
-0.00136142014248
-0.00135625857008
-0.00135108426632
-0.00134589726507
-0.00134069760031
-0.00133548530612
-0.00133026041667
-0.00132502296624
-0.00131977298918
-0.00131451051998
-0.00130923559319
-0.00130394824347
-0.00129864850558
-0.00129333641438
-0.00128801200480
-0.00128267531191
-0.00127732637083
-0.00127196521682
-0.00126659188520
-0.00126120641141
-0.00125580883097
-0.00125039917950
-0.00124497749271
-0.00123954380643
-0.00123409815656
-0.00122864057909
-0.00122317111013
-0.00121768978587
-0.00121219664259
-0.00120669171666
-0.00120117504458
-0.00119564666289
-0.00119010660827
-0.00118455491747
-0.00117899162734
-0.00117341677482
-0.00116783039694
-0.00116223253083
-0.00115662321372
-0.00115100248292
-0.00114537037583
-0.00113972692996
-0.00113407218289
-0.00112840617230
-0.00112272893598
-0.00111704051179
-0.00111134093769
-0.00110563025172
-0.00109990849203
-0.00109417569685
-0.00108843190450
-0.00108267715341
-0.00107691148206
-0.00107113492906
-0.00106534753310
-0.00105954933294
-0.00105374036745
-0.00104792067560
-0.00104209029641
-0.00103624926904
-0.00103039763269
-0.00102453542669
-0.00101866269043
-0.00101277946341
-0.00100688578521
-0.00100098169548
-0.00099506723400
-0.00098914244059
-0.00098320735520
-0.00097726201784
-0.00097130646862
-0.00096534074773
-0.00095936489546
-0.00095337895218
-0.00094738295833
-0.00094137695447
-0.00093536098121
-0.00092933507928
-0.00092329928948
-0.00091725365269
-0.00091119820989
-0.00090513300213
-0.00089905807056
-0.00089297345641
-0.00088687920099
-0.00088077534571
-0.00087466193204
-0.00086853900155
-0.00086240659589
-0.00085626475681
-0.00085011352613
-0.00084395294574
-0.00083778305763
-0.00083160390389
-0.00082541552665
-0.00081921796817
-0.00081301127075
-0.00080679547681
-0.00080057062882
-0.00079433676936
-0.00078809394108
-0.00078184218670
-0.00077558154904
-0.00076931207100
-0.00076303379555
-0.00075674676575
-0.00075045102473
-0.00074414661572
-0.00073783358201
-0.00073151196699
-0.00072518181411
-0.00071884316691
-0.00071249606901
-0.00070614056411
-0.00069977669599
-0.00069340450851
-0.00068702404559
-0.00068063535126
-0.00067423846961
-0.00066783344481
-0.00066142032111
-0.00065499914284
-0.00064856995440
-0.00064213280027
-0.00063568772501
-0.00062923477327
-0.00062277398975
-0.00061630541924
-0.00060982910662
-0.00060334509682
-0.00059685343486
-0.00059035416584
-0.00058384733492
-0.00057733298736
-0.00057081116848
-0.00056428192366
-0.00055774529838
-0.00055120133819
-0.00054465008870
-0.00053809159561
-0.00053152590469
-0.00052495306177
-0.00051837311277
-0.00051178610367
-0.00050519208055
-0.00049859108952
-0.00049198317681
-0.00048536838868
-0.00047874677148
-0.00047211837164
-0.00046548323566
-0.00045884141009
-0.00045219294157
-0.00044553787681
-0.00043887626260
-0.00043220814577
-0.00042553357325
-0.00041885259202
-0.00041216524915
-0.00040547159177
-0.00039877166706
-0.00039206552231
-0.00038535320485
-0.00037863476207
-0.00037191024146
-0.00036517969056
-0.00035844315697
-0.00035170068838
-0.00034495233253
-0.00033819813723
-0.00033143815036
-0.00032467241987
-0.00031790099377
-0.00031112392014
-0.00030434124713
-0.00029755302294
-0.00029075929587
-0.00028396011424
-0.00027715552646
-0.00027034558102
-0.00026353032644
-0.00025670981133
-0.00024988408435
-0.00024305319424
-0.00023621718979
-0.00022937611986
-0.00022253003336
-0.00021567897928
-0.00020882300668
-0.00020196216464
-0.00019509650236
-0.00018822606906
-0.00018135091403
-0.00017447108664
-0.00016758663630
-0.00016069761249
-0.00015380406475
-0.00014690604268
-0.00014000359594
-0.00013309677426
-0.00012618562740
-0.00011927020522
-0.00011235055761
-0.00010542673452
-0.00009849878599
-0.00009156676207
-0.00008463071291
-0.00007769068870
-0.00007074673968
-0.00006379891617
-0.00005684726852
-0.00004989184716
-0.00004293270257
-0.00003596988528
-0.00002900344588
-0.00002203343501
-0.00001505990338
-0.00000808290175
-0.00000110248092
0.00000588130823
0.00001286841478
0.00001985878776
0.00002685237615
0.00003384912884
0.00004084899471
0.00004785192257
0.00005485786116
0.00006186675921
0.00006887856535
0.00007589322819
0.00008291069627
0.00008993091809
0.00009695384210
0.00010397941668
0.00011100759019
0.00011803831090
0.00012507152707
0.00013210718688
0.00013914523848
0.00014618562995
0.00015322830935
0.00016027322467
0.00016732032385
0.00017436955479
0.00018142086534
0.00018847420331
0.00019552951644
0.00020258675245
0.00020964585899
0.00021670678368
0.00022376947409
0.00023083387773
0.00023789994209
0.00024496761459
0.00025203684262
0.00025910757352
0.00026617975458
0.00027325333306
0.00028032825616
0.00028740447105
0.00029448192484
0.00030156056461
0.00030864033741
0.00031572119021
0.00032280306996
0.00032988592359
0.00033696969794
0.00034405433984
0.00035113979609
0.00035822601341
0.00036531293851
0.00037240051805
0.00037948869866
0.00038657742691
0.00039366664935
0.00040075631248
0.00040784636276
0.00041493674663
0.00042202741047
0.00042911830062
0.00043620936341
0.00044330054511
0.00045039179196
0.00045748305016
0.00046457426587
0.00047166538522
0.00047875635432
0.00048584711921
0.00049293762593
0.00050002782046
0.00050711764875
0.00051420705673
0.00052129599027
0.00052838439525
0.00053547221746
0.00054255940271
0.00054964589675
0.00055673164529
0.00056381659402
0.00057090068861
0.00057798387469
0.00058506609784
0.00059214730363
0.00059922743760
0.00060630644526
0.00061338427207
0.00062046086348
0.00062753616491
0.00063461012175
0.00064168267935
0.00064875378305
0.00065582337815
0.00066289140993
0.00066995782362
0.00067702256446
0.00068408557764
0.00069114680833
0.00069820620167
0.00070526370277
0.00071231925674
0.00071937280863
0.00072642430349
0.00073347368633
0.00074052090216
0.00074756589593
0.00075460861261
0.00076164899710
0.00076868699432
0.00077572254915
0.00078275560643
0.00078978611101
0.00079681400770
0.00080383924129
0.00081086175656
0.00081788149826
0.00082489841112
0.00083191243986
0.00083892352916
0.00084593162370
0.00085293666814
0.00085993860711
0.00086693738525
0.00087393294713
0.00088092523736
0.00088791420050
0.00089489978110
0.00090188192370
0.00090886057281
0.00091583567294
0.00092280716858
0.00092977500420
0.00093673912425
0.00094369947319
0.00095065599545
0.00095760863544
0.00096455733756
0.00097150204621
0.00097844270577
0.00098537926060
0.00099231165506
0.00099923983349
0.00100616374023
0.00101308331959
0.00101999851589
0.00102690927343
0.00103381553650
0.00104071724939
0.00104761435636
0.00105450680168
0.00106139452962
0.00106827748440
0.00107515561029
0.00108202885151
0.00108889715229
0.00109576045685
0.00110261870941
0.00110947185417
0.00111631983533
0.00112316259711
0.00113000008368
0.00113683223924
0.00114365900797
0.00115048033406
0.00115729616168
0.00116410643502
0.00117091109823
0.00117771009550
0.00118450337100
0.00119129086888
0.00119807253332
0.00120484830849
0.00121161813855
0.00121838196766
0.00122513973999
0.00123189139970
0.00123863689098
0.00124537615798
0.00125210914487
0.00125883579584
0.00126555605505
0.00127226986668
0.00127897717493
0.00128567792396
0.00129237205798
0.00129905952118
0.00130574025776
0.00131241421192
0.00131908132788
0.00132574154984
0.00133239482203
0.00133904108869
0.00134568029404
0.00135231238234
0.00135893729782
0.00136555498476
0.00137216538742
0.00137876845008
0.00138536411703
0.00139195233255
0.00139853304097
0.00140510618658
0.00141167171373
0.00141822956676
0.00142477969000
0.00143132202783
0.00143785652462
0.00144438312475
0.00145090177264
0.00145741241269
0.00146391498933
0.00147040944700
0.00147689573016
0.00148337378329
0.00148984355087
0.00149630497740
0.00150275800741
0.00150920258542
0.00151563865601
0.00152206616372
0.00152848505317
0.00153489526894
0.00154129675566
0.00154768945799
0.00155407332058
0.00156044828812
0.00156681430531
0.00157317131687
0.00157951926755
0.00158585810211
0.00159218776535
0.00159850820207
0.00160481935710
0.00161112117530
0.00161741360155
0.00162369658074
0.00162997005782
0.00163623397771
0.00164248828541
0.00164873292591
0.00165496784424
0.00166119298544
0.00166740829461
0.00167361371683
0.00167980919726
0.00168599468103
0.00169217011335
0.00169833543943
0.00170449060452
0.00171063555388
0.00171677023283
0.00172289458670
0.00172900856085
0.00173511210067
0.00174120515160
0.00174728765910
0.00175335956864
0.00175942082576
0.00176547137601
0.00177151116498
0.00177754013828
0.00178355824159
0.00178956542058
0.00179556162099
0.00180154678857
0.00180752086912
0.00181348380847
0.00181943555249
0.00182537604710
0.00183130523822
0.00183722307184
0.00184312949398
0.00184902445070
0.00185490788809
0.00186077975230
0.00186663998948
0.00187248854587
0.00187832536771
0.00188415040130
0.00188996359299
0.00189576488914
0.00190155423619
0.00190733158059
0.00191309686887
0.00191885004755
0.00192459106325
0.00193031986260
0.00193603639229
0.00194174059904
0.00194743242963
0.00195311183088
0.00195877874966
0.00196443313287
0.00197007492749
0.00197570408051
0.00198132053900
0.00198692425006
0.00199251516084
0.00199809321854
0.00200365837043
0.00200921056379
0.00201474974599
0.00202027586442
0.00202578886654
0.00203128869986
0.00203677531194
0.00204224865038
0.00204770866286
0.00205315529708
0.00205858850083
0.00206400822193
0.00206941440825
0.00207480700773
0.00208018596837
0.00208555123822
0.00209090276536
0.00209624049797
0.00210156438426
0.00210687437251
0.00211217041104
0.00211745244826
0.00212272043260
0.00212797431259
0.00213321403678
0.00213843955381
0.00214365081236
0.00214884776120
0.00215403034912
0.00215919852501
0.00216435223780
0.00216949143648
0.00217461607013
0.00217972608786
0.00218482143887
0.00218990207240
0.00219496793779
0.00220001898440
0.00220505516169
0.00221007641918
0.00221508270644
0.00222007397313
0.00222505016896
0.00223001124371
0.00223495714724
0.00223988782947
0.00224480324038
0.00224970333004
0.00225458804858
0.00225945734619
0.00226431117314
0.00226914947977
0.00227397221651
0.00227877933382
0.00228357078228
0.00228834651250
0.00229310647519
0.00229785062114
0.00230257890118
0.00230729126625
0.00231198766735
0.00231666805555
0.00232133238200
0.00232598059794
0.00233061265466
0.00233522850355
0.00233982809607
0.00234441138376
0.00234897831823
0.00235352885118
0.00235806293439
0.00236258051969
0.00236708155904
0.00237156600445
0.00237603380800
0.00238048492188
0.00238491929834
0.00238933688974
0.00239373764848
0.00239812152708
0.00240248847814
0.00240683845431
0.00241117140837
0.00241548729315
0.00241978606158
0.00242406766669
0.00242833206157
0.00243257919940
0.00243680903347
0.00244102151714
0.00244521660384
0.00244939424713
0.00245355440063
0.00245769701806
0.00246182205321
0.00246592945999
0.00247001919239
0.00247409120447
0.00247814545041
0.00248218188447
0.00248620046099
0.00249020113443
0.00249418385931
0.00249814859028
0.00250209528206
0.00250602388946
0.00250993436740
0.00251382667089
0.00251770075503
0.00252155657502
0.00252539408616
0.00252921324385
0.00253301400357
0.00253679632092
0.00254056015157
0.00254430545132
0.00254803217605
0.00255174028175
0.00255542972449
0.00255910046047
0.00256275244596
0.00256638563735
0.00256999999114
0.00257359546390
0.00257717201234
0.00258072959324
0.00258426816350
0.00258778768013
0.00259128810024
0.00259476938102
0.00259823147980
0.00260167435400
0.00260509796115
0.00260850225887
0.00261188720491
0.00261525275711
0.00261859887343
0.00262192551193
0.00262523263078
0.00262852018826
0.00263178814276
0.00263503645277
0.00263826507691
0.00264147397389
0.00264466310254
0.00264783242181
0.00265098189074
0.00265411146851
0.00265722111439
0.00266031078776
0.00266338044814
0.00266643005515
0.00266945956850
0.00267246894807
0.00267545815379
0.00267842714576
0.00268137588416
0.00268430432931
0.00268721244164
0.00269010018168
0.00269296751010
0.00269581438768
0.00269864077533
0.00270144663405
0.00270423192498
0.00270699660938
0.00270974064864
0.00271246400424
0.00271516663780
0.00271784851107
0.00272050958590
0.00272314982429
0.00272576918834
0.00272836764027
0.00273094514245
0.00273350165734
0.00273603714756
0.00273855157583
0.00274104490500
0.00274351709805
0.00274596811809
0.00274839792834
0.00275080649215
0.00275319377303
0.00275555973457
0.00275790434052
0.00276022755475
0.00276252934125
0.00276480966415
0.00276706848771
0.00276930577632
0.00277152149449
0.00277371560687
0.00277588807824
0.00277803887352
0.00278016795774
0.00278227529610
0.00278436085388
0.00278642459654
0.00278846648966
0.00279048649894
0.00279248459024
0.00279446072953
0.00279641488293
0.00279834701669
0.00280025709721
0.00280214509100
0.00280401096473
0.00280585468520
0.00280767621935
0.00280947553426
0.00281125259713
0.00281300737533
0.00281473983634
0.00281644994781
0.00281813767750
0.00281980299333
0.00282144586336
0.00282306625579
0.00282466413894
0.00282623948132
0.00282779225153
0.00282932241835
0.00283082995068
0.00283231481759
0.00283377698828
0.00283521643208
0.00283663311849
0.00283802701713
0.00283939809780
0.00284074633042
0.00284207168506
0.00284337413194
0.00284465364144
0.00284591018406
0.00284714373047
0.00284835425149
0.00284954171807
0.00285070610133
0.00285184737253
0.00285296550308
0.00285406046454
0.00285513222862
0.00285618076720
0.00285720605228
0.00285820805603
0.00285918675078
0.00286014210899
0.00286107410330
0.00286198270649
0.00286286789149
0.00286372963138
0.00286456789942
0.00286538266900
0.00286617391367
0.00286694160715
0.00286768572331
0.00286840623616
0.00286910311989
0.00286977634884
0.00287042589750
0.00287105174053
0.00287165385273
0.00287223220909
0.00287278678472
0.00287331755493
0.00287382449517
0.00287430758104
0.00287476678831
0.00287520209293
0.00287561347098
0.00287600089872
0.00287636435257
0.00287670380912
0.00287701924510
0.00287731063743
0.00287757796317
0.00287782119957
0.00287804032402
0.00287823531410
0.00287840614752
0.00287855280219
0.00287867525616
0.00287877348767
0.00287884747512
0.00287889719705
0.00287892263221
0.00287892375949
0.00287890055795
0.00287885300684
0.00287878108554
0.00287868477364
0.00287856405086
0.00287841889714
0.00287824929254
0.00287805521731
0.00287783665189
0.00287759357686
0.00287732597298
0.00287703382120
0.00287671710263
0.00287637579854
0.00287600989040
0.00287561935983
0.00287520418863
0.00287476435878
0.00287429985243
0.00287381065190
0.00287329673970
0.00287275809850
0.00287219471115
0.00287160656067
0.00287099363028
0.00287035590336
0.00286969336345
0.00286900599430
0.00286829377981
0.00286755670408
0.00286679475138
0.00286600790615
0.00286519615302
0.00286435947679
0.00286349786246
0.00286261129519
0.00286169976031
0.00286076324337
0.00285980173006
0.00285881520628
0.00285780365809
0.00285676707176
0.00285570543370
0.00285461873055
0.00285350694909
0.00285237007632
0.00285120809940
0.00285002100568
0.00284880878269
0.00284757141816
0.00284630889999
0.00284502121626
0.00284370835526
0.00284237030544
0.00284100705545
0.00283961859411
0.00283820491046
0.00283676599369
0.00283530183321
0.00283381241858
0.00283229773958
0.00283075778617
0.00282919254848
0.00282760201686
0.00282598618183
0.00282434503410
0.00282267856457
0.00282098676433
0.00281926962467
0.00281752713705
0.00281575929314
0.00281396608480
0.00281214750407
0.00281030354319
0.00280843419458
0.00280653945087
0.00280461930488
0.00280267374960
0.00280070277824
0.00279870638419
0.00279668456104
0.00279463730258
0.00279256460276
0.00279046645577
0.00278834285596
0.00278619379790
0.00278401927634
0.00278181928624
0.00277959382272
0.00277734288115
0.00277506645705
0.00277276454616
0.00277043714441
0.00276808424794
0.00276570585306
0.00276330195630
0.00276087255438
0.00275841764422
0.00275593722295
0.00275343128787
0.00275089983651
0.00274834286657
0.00274576037598
0.00274315236285
0.00274051882549
0.00273785976242
0.00273517517235
0.00273246505420
0.00272972940708
0.00272696823032
0.00272418152343
0.00272136928613
0.00271853151835
0.00271566822021
0.00271277939204
0.00270986503438
0.00270692514794
0.00270395973368
0.00270096879272
0.00269795232642
0.00269491033632
0.00269184282417
0.00268874979193
0.00268563124175
0.00268248717601
0.00267931759726
0.00267612250829
0.00267290191208
0.00266965581181
0.00266638421087
0.00266308711287
0.00265976452160
0.00265641644107
0.00265304287551
0.00264964382933
0.00264621930718
0.00264276931387
0.00263929385448
0.00263579293423
0.00263226655861
0.00262871473327
0.00262513746410
0.00262153475718
0.00261790661881
0.00261425305549
0.00261057407394
0.00260686968108
0.00260313988404
0.00259938469017
0.00259560410701
0.00259179814232
0.00258796680409
0.00258411010050
0.00258022803993
0.00257632063099
0.00257238788250
0.00256842980349
0.00256444640318
0.00256043769104
0.00255640367673
0.00255234437011
0.00254825978127
0.00254414992052
0.00254001479835
0.00253585442550
0.00253166881290
0.00252745797170
0.00252322191326
0.00251896064915
0.00251467419116
0.00251036255130
0.00250602574178
0.00250166377503
0.00249727666370
0.00249286442064
0.00248842705892
0.00248396459183
0.00247947703288
0.00247496439577
0.00247042669445
0.00246586394305
0.00246127615594
0.00245666334770
0.00245202553311
0.00244736272719
0.00244267494517
0.00243796220247
0.00243322451476
0.00242846189791
0.00242367436801
0.00241886194136
0.00241402463448
0.00240916246412
0.00240427544723
0.00239936360098
0.00239442694276
0.00238946549018
0.00238447926106
0.00237946827344
0.00237443254558
0.00236937209596
0.00236428694328
0.00235917710644
0.00235404260458
0.00234888345704
0.00234369968340
0.00233849130343
0.00233325833714
0.00232800080476
0.00232271872672
0.00231741212368
0.00231208101652
0.00230672542634
0.00230134537445
0.00229594088240
0.00229051197193
0.00228505866501
0.00227958098385
0.00227407895085
0.00226855258865
0.00226300192009
0.00225742696826
0.00225182775643
0.00224620430813
0.00224055664707
0.00223488479723
0.00222918878275
0.00222346862804
0.00221772435770
0.00221195599658
0.00220616356971
0.00220034710237
0.00219450662006
0.00218864214849
0.00218275371358
0.00217684134151
0.00217090505863
0.00216494489155
0.00215896086708
0.00215295301226
0.00214692135435
0.00214086592082
0.00213478673938
0.00212868383795
0.00212255724467
0.00211640698790
0.00211023309622
0.00210403559845
0.00209781452360
0.00209156990093
0.00208530175991
0.00207901013021
0.00207269504177
0.00206635652470
0.00205999460936
0.00205360932632
0.00204720070639
0.00204076878058
0.00203431358013
0.00202783513650
0.00202133348137
0.00201480864664
0.00200826066445
0.00200168956713
0.00199509538726
0.00198847815762
0.00198183791122
0.00197517468130
0.00196848850131
0.00196177940491
0.00195504742602
0.00194829259874
0.00194151495742
0.00193471453662
0.00192789137111
0.00192104549590
0.00191417694621
0.00190728575749
0.00190037196540
0.00189343560584
0.00188647671491
0.00187949532895
0.00187249148449
0.00186546521833
0.00185841656744
0.00185134556905
0.00184425226058
0.00183713667970
0.00182999886429
0.00182283885244
0.00181565668247
0.00180845239292
0.00180122602255
0.00179397761034
0.00178670719550
0.00177941481745
0.00177210051583
0.00176476433050
0.00175740630155
0.00175002646928
0.00174262487422
0.00173520155711
0.00172775655891
0.00172028992082
0.00171280168423
0.00170529189078
0.00169776058230
0.00169020780086
0.00168263358874
0.00167503798845
0.00166742104271
0.00165978279446
0.00165212328687
0.00164444256331
0.00163674066739
0.00162901764292
0.00162127353395
0.00161350838473
0.00160572223973
0.00159791514366
0.00159008714142
0.00158223827814
0.00157436859919
0.00156647815011
0.00155856697670
0.00155063512497
0.00154268264114
0.00153470957164
0.00152671596313
0.00151870186249
0.00151066731682
0.00150261237341
0.00149453707980
0.00148644148373
0.00147832563317
0.00147018957628
0.00146203336146
0.00145385703734
0.00144566065272
0.00143744425665
0.00142920789840
0.00142095162743
0.00141267549345
0.00140437954635
0.00139606383626
0.00138772841351
0.00137937332865
0.00137099863246
0.00136260437592
0.00135419061022
0.00134575738677
0.00133730475720
0.00132883277335
0.00132034148728
0.00131183095124
0.00130330121773
0.00129475233943
0.00128618436925
0.00127759736032
0.00126899136597
0.00126036643974
0.00125172263539
0.00124306000691
0.00123437860846
0.00122567849445
0.00121695971948
0.00120822233837
0.00119946640616
0.00119069197808
0.00118189910958
0.00117308785634
0.00116425827422
0.00115541041930
0.00114654434790
0.00113766011649
0.00112875778181
0.00111983740078
0.00111089903052
0.00110194272838
0.00109296855191
0.00108397655887
0.00107496680723
0.00106593935516
0.00105689426105
0.00104783158349
0.00103875138127
0.00102965371341
0.00102053863911
0.00101140621781
0.00100225650911
0.00099308957286
0.00098390546909
0.00097470425805
0.00096548600019
0.00095625075616
0.00094699858682
0.00093772955324
0.00092844371669
0.00091914113864
0.00090982188076
0.00090048600493
0.00089113357325
0.00088176464800
0.00087237929166
0.00086297756694
0.00085355953672
0.00084412526410
0.00083467481239
0.00082520824507
0.00081572562586
0.00080622701865
0.00079671248755
0.00078718209686
0.00077763591107
0.00076807399491
0.00075849641326
0.00074890323122
0.00073929451410
0.00072967032740
0.00072003073681
0.00071037580822
0.00070070560773
0.00069102020162
0.00068131965638
0.00067160403870
0.00066187341545
0.00065212785370
0.00064236742073
0.00063259218401
0.00062280221118
0.00061299757011
0.00060317832885
0.00059334455563
0.00058349631890
0.00057363368729
0.00056375672962
0.00055386551490
0.00054396011234
0.00053404059134
0.00052410702150
0.00051415947260
0.00050419801460
0.00049422271768
0.00048423365218
0.00047423088865
0.00046421449783
0.00045418455063
0.00044414111818
0.00043408427175
0.00042401408285
0.00041393062315
0.00040383396451
0.00039372417897
0.00038360133878
0.00037346551635
0.00036331678429
0.00035315521540
0.00034298088264
0.00033279385919
0.00032259421838
0.00031238203375
0.00030215737900
0.00029192032804
0.00028167095495
0.00027140933397
0.00026113553956
0.00025084964633
0.00024055172909
0.00023024186283
0.00021992012271
0.00020958658407
0.00019924132243
0.00018888441351
0.00017851593317
0.00016813595748
0.00015774456268
0.00014734182517
0.00013692782155
0.00012650262858
0.00011606632321
0.00010561898255
0.00009516068389
0.00008469150471
0.00007421152263
0.00006372081548
0.00005321946125
0.00004270753808
0.00003218512433
0.00002165229848
0.00001110913922
0.00000055572540
-0.00001000786398
-0.00002058154972
-0.00003116525247
-0.00004175889270
-0.00005236239072
-0.00006297566666
-0.00007359864049
-0.00008423123203
-0.00009487336090
-0.00010552494657
-0.00011618590836
-0.00012685616539
-0.00013753563664
-0.00014822424093
-0.00015892189690
-0.00016962852302
-0.00018034403763
-0.00019106835888
-0.00020180140477
-0.00021254309313
-0.00022329334163
-0.00023405206779
-0.00024481918896
-0.00025559462234
-0.00026637828496
-0.00027717009371
-0.00028796996529
-0.00029877781627
-0.00030959356307
-0.00032041712192
-0.00033124840892
-0.00034208734001
-0.00035293383098
-0.00036378779745
-0.00037464915490
-0.00038551781866
-0.00039639370388
-0.00040727672561
-0.00041816679869
-0.00042906383785
-0.00043996775765
-0.00045087847252
-0.00046179589671
-0.00047271994434
-0.00048365052939
-0.00049458756567
-0.00050553096687
-0.00051648064651
-0.00052743651797
-0.00053839849449
-0.00054936648917
-0.00056034041495
-0.00057132018464
-0.00058230571090
-0.00059329690624
-0.00060429368305
-0.00061529595356
-0.00062630362987
-0.00063731662392
-0.00064833484754
-0.00065935821240
-0.00067038663003
-0.00068142001184
-0.00069245826909
-0.00070350131290
-0.00071454905426
-0.00072560140402
-0.00073665827291
-0.00074771957151
-0.00075878521026
-0.00076985509949
-0.00078092914937
-0.00079200726997
-0.00080308937119
-0.00081417536284
-0.00082526515457
-0.00083635865591
-0.00084745577627
-0.00085855642491
-0.00086966051099
-0.00088076794352
-0.00089187863139
-0.00090299248337
-0.00091410940810
-0.00092522931410
-0.00093635210976
-0.00094747770334
-0.00095860600301
-0.00096973691677
-0.00098087035254
-0.00099200621809
-0.00100314442109
-0.00101428486909
-0.00102542746949
-0.00103657212962
-0.00104771875666
-0.00105886725768
-0.00107001753963
-0.00108116950936
-0.00109232307359
-0.00110347813893
-0.00111463461188
-0.00112579239882
-0.00113695140603
-0.00114811153965
-0.00115927270575
-0.00117043481026
-0.00118159775901
-0.00119276145772
-0.00120392581200
-0.00121509072736
-0.00122625610920
-0.00123742186280
-0.00124858789335
-0.00125975410594
-0.00127092040553
-0.00128208669701
-0.00129325288515
-0.00130441887460
-0.00131558456995
-0.00132674987565
-0.00133791469607
-0.00134907893549
-0.00136024249806
-0.00137140528786
-0.00138256720886
-0.00139372816494
-0.00140488805989
-0.00141604679737
-0.00142720428100
-0.00143836041426
-0.00144951510056
-0.00146066824322
-0.00147181974545
-0.00148296951039
-0.00149411744107
-0.00150526344045
-0.00151640741138
-0.00152754925666
-0.00153868887895
-0.00154982618087
-0.00156096106492
-0.00157209343354
-0.00158322318908
-0.00159435023379
-0.00160547446986
-0.00161659579938
-0.00162771412438
-0.00163882934678
-0.00164994136844
-0.00166105009115
-0.00167215541659
-0.00168325724639
-0.00169435548210
-0.00170545002518
-0.00171654077703
-0.00172762763896
-0.00173871051222
-0.00174978929799
-0.00176086389735
-0.00177193421134
-0.00178300014092
-0.00179406158698
-0.00180511845032
-0.00181617063171
-0.00182721803182
-0.00183826055127
-0.00184929809061
-0.00186033055032
-0.00187135783082
-0.00188237983247
-0.00189339645556
-0.00190440760031
-0.00191541316691
-0.00192641305545
-0.00193740716599
-0.00194839539851
-0.00195937765295
-0.00197035382918
-0.00198132382701
-0.00199228754621
-0.00200324488648
-0.00201419574747
-0.00202514002879
-0.00203607762997
-0.00204700845051
-0.00205793238986
-0.00206884934740
-0.00207975922248
-0.00209066191438
-0.00210155732237
-0.00211244534563
-0.00212332588332
-0.00213419883454
-0.00214506409837
-0.00215592157381
-0.00216677115984
-0.00217761275539
-0.00218844625937
-0.00219927157061
-0.00221008858794
-0.00222089721012
-0.00223169733589
-0.00224248886395
-0.00225327169296
-0.00226404572154
-0.00227481084829
-0.00228556697176
-0.00229631399048
-0.00230705180294
-0.00231778030759
-0.00232849940288
-0.00233920898719
-0.00234990895891
-0.00236059921637
-0.00237127965789
-0.00238195018176
-0.00239261068625
-0.00240326106958
-0.00241390122999
-0.00242453106566
-0.00243515047476
-0.00244575935545
-0.00245635760585
-0.00246694512406
-0.00247752180819
-0.00248808755631
-0.00249864226646
-0.00250918583670
-0.00251971816504
-0.00253023914950
-0.00254074868807
-0.00255124667874
-0.00256173301947
-0.00257220760824
-0.00258267034299
-0.00259312112166
-0.00260355984220
-0.00261398640251
-0.00262440070053
-0.00263480263417
-0.00264519210134
-0.00265556899994
-0.00266593322788
-0.00267628468306
-0.00268662326337
-0.00269694886671
-0.00270726139099
-0.00271756073409
-0.00272784679394
-0.00273811946843
-0.00274837865546
-0.00275862425297
-0.00276885615885
-0.00277907427106
-0.00278927848751
-0.00279946870615
-0.00280964482493
-0.00281980674182
-0.00282995435479
-0.00284008756183
-0.00285020626093
-0.00286031035010
-0.00287039972739
-0.00288047429082
-0.00289053393845
-0.00290057856838
-0.00291060807868
-0.00292062236747
-0.00293062133290
-0.00294060487310
-0.00295057288628
-0.00296052527061
-0.00297046192433
-0.00298038274569
-0.00299028763296
-0.00300017648445
-0.00301004919847
-0.00301990567340
-0.00302974580761
-0.00303956949952
-0.00304937664758
-0.00305916715027
-0.00306894090610
-0.00307869781362
-0.00308843777140
-0.00309816067807
-0.00310786643229
-0.00311755493273
-0.00312722607813
-0.00313687976726
-0.00314651589893
-0.00315613437198
-0.00316573508532
-0.00317531793787
-0.00318488282862
-0.00319442965658
-0.00320395832084
-0.00321346872051
-0.00322296075475
-0.00323243432278
-0.00324188932385
-0.00325132565729
-0.00326074322246
-0.00327014191878
-0.00327952164571
-0.00328888230279
-0.00329822378959
-0.00330754600575
-0.00331684885096
-0.00332613222498
-0.00333539602761
-0.00334464015874
-0.00335386451828
-0.00336306900623
-0.00337225352265
-0.00338141796765
-0.00339056224143
-0.00339968624423
-0.00340878987637
-0.00341787303822
-0.00342693563025
-0.00343597755298
-0.00344499870699
-0.00345399899295
-0.00346297831160
-0.00347193656374
-0.00348087365026
-0.00348978947210
-0.00349868393032
-0.00350755692601
-0.00351640836037
-0.00352523813465
-0.00353404615022
-0.00354283230849
-0.00355159651098
-0.00356033865928
-0.00356905865506
-0.00357775640008
-0.00358643179619
-0.00359508474532
-0.00360371514949
-0.00361232291081
-0.00362090793148
-0.00362947011377
-0.00363800936008
-0.00364652557287
-0.00365501865470
-0.00366348850824
-0.00367193503623
-0.00368035814153
-0.00368875772708
-0.00369713369593
-0.00370548595122
-0.00371381439619
-0.00372211893418
-0.00373039946865
-0.00373865590314
-0.00374688814129
-0.00375509608688
-0.00376327964375
-0.00377143871589
-0.00377957320736
-0.00378768302235
-0.00379576806516
-0.00380382824018
-0.00381186345194
-0.00381987360507
-0.00382785860430
-0.00383581835450
-0.00384375276063
-0.00385166172778
-0.00385954516116
-0.00386740296609
-0.00387523504801
-0.00388304131248
-0.00389082166520
-0.00389857601195
-0.00390630425868
-0.00391400631143
-0.00392168207638
-0.00392933145984
-0.00393695436823
-0.00394455070811
-0.00395212038616
-0.00395966330921
-0.00396717938420
-0.00397466851821
-0.00398213061845
-0.00398956559227
-0.00399697334714
-0.00400435379067
-0.00401170683063
-0.00401903237489
-0.00402633033149
-0.00403360060859
-0.00404084311450
-0.00404805775767
-0.00405524444668
-0.00406240309028
-0.00406953359733
-0.00407663587687
-0.00408370983805
-0.00409075539020
-0.00409777244278
-0.00410476090541
-0.00411172068784
-0.00411865170000
-0.00412555385194
-0.00413242705389
-0.00413927121622
-0.00414608624946
-0.00415287206428
-0.00415962857154
-0.00416635568222
-0.00417305330749
-0.00417972135866
-0.00418635974720
-0.00419296838477
-0.00419954718314
-0.00420609605430
-0.00421261491036
-0.00421910366363
-0.00422556222656
-0.00423199051178
-0.00423838843208
-0.00424475590043
-0.00425109282997
-0.00425739913400
-0.00426367472600
-0.00426991951962
-0.00427613342869
-0.00428231636721
-0.00428846824934
-0.00429458898945
-0.00430067850207
-0.00430673670190
-0.00431276350384
-0.00431875882296
-0.00432472257450
-0.00433065467390
-0.00433655503678
-0.00434242357894
-0.00434826021637
-0.00435406486524
-0.00435983744191
-0.00436557786294
-0.00437128604506
-0.00437696190521
-0.00438260536049
-0.00438821632823
-0.00439379472592
-0.00439934047128
-0.00440485348219
-0.00441033367674
-0.00441578097322
-0.00442119529011
-0.00442657654611
-0.00443192466008
-0.00443723955111
-0.00444252113850
-0.00444776934172
-0.00445298408047
-0.00445816527464
-0.00446331284434
-0.00446842670986
-0.00447350679173
-0.00447855301066
-0.00448356528760
-0.00448854354366
-0.00449348770022
-0.00449839767883
-0.00450327340127
-0.00450811478954
-0.00451292176582
-0.00451769425255
-0.00452243217236
-0.00452713544811
-0.00453180400286
-0.00453643775992
-0.00454103664279
-0.00454560057520
-0.00455012948111
-0.00455462328470
-0.00455908191037
-0.00456350528275
-0.00456789332668
-0.00457224596726
-0.00457656312978
-0.00458084473978
-0.00458509072302
-0.00458930100550
-0.00459347551345
-0.00459761417332
-0.00460171691181
-0.00460578365584
-0.00460981433257
-0.00461380886939
-0.00461776719395
-0.00462168923410
-0.00462557491796
-0.00462942417387
-0.00463323693043
-0.00463701311646
-0.00464075266104
-0.00464445549348
-0.00464812154334
-0.00465175074042
-0.00465534301477
-0.00465889829669
-0.00466241651672
-0.00466589760565
-0.00466934149452
-0.00467274811463
-0.00467611739752
-0.00467944927498
-0.00468274367906
-0.00468600054205
-0.00468921979652
-0.00469240137528
-0.00469554521139
-0.00469865123818
-0.00470171938923
-0.00470474959838
-0.00470774179974
-0.00471069592766
-0.00471361191678
-0.00471648970197
-0.00471932921839
-0.00472213040146
-0.00472489318685
-0.00472761751051
-0.00473030330865
-0.00473295051775
-0.00473555907456
-0.00473812891610
-0.00474065997966
-0.00474315220280
-0.00474560552335
-0.00474801987941
-0.00475039520937
-0.00475273145188
-0.00475502854586
-0.00475728643053
-0.00475950504536
-0.00476168433012
-0.00476382422484
-0.00476592466985
-0.00476798560574
-0.00477000697340
-0.00477198871399
-0.00477393076895
-0.00477583308002
-0.00477769558921
-0.00477951823883
-0.00478130097145
-0.00478304372996
-0.00478474645752
-0.00478640909757
-0.00478803159387
-0.00478961389044
-0.00479115593161
-0.00479265766199
-0.00479411902650
-0.00479553997033
-0.00479692043898
-0.00479826037824
-0.00479955973421
-0.00480081845327
-0.00480203648210
-0.00480321376770
-0.00480435025733
-0.00480544589859
-0.00480650063935
-0.00480751442781
-0.00480848721246
-0.00480941894208
-0.00481030956577
-0.00481115903294
-0.00481196729329
-0.00481273429684
-0.00481345999390
-0.00481414433512
-0.00481478727143
-0.00481538875408
-0.00481594873463
-0.00481646716495
-0.00481694399722
-0.00481737918395
-0.00481777267795
-0.00481812443233
-0.00481843440054
-0.00481870253633
-0.00481892879379
-0.00481911312729
-0.00481925549156
-0.00481935584161
-0.00481941413280
-0.00481943032080
-0.00481940436159
-0.00481933621150
-0.00481922582714
-0.00481907316550
-0.00481887818383
-0.00481864083977
-0.00481836109124
-0.00481803889649
-0.00481767421413
-0.00481726700307
-0.00481681722255
-0.00481632483215
-0.00481578979177
-0.00481521206165
-0.00481459160236
-0.00481392837480
-0.00481322234020
-0.00481247346013
-0.00481168169649
-0.00481084701152
-0.00480996936780
-0.00480904872823
-0.00480808505606
-0.00480707831487
-0.00480602846860
-0.00480493548151
-0.00480379931820
-0.00480261994361
-0.00480139732304
-0.00480013142211
-0.00479882220680
-0.00479746964342
-0.00479607369863
-0.00479463433944
-0.00479315153320
-0.00479162524761
-0.00479005545071
-0.00478844211090
-0.00478678519692
-0.00478508467786
-0.00478334052315
-0.00478155270259
-0.00477972118633
-0.00477784594484
-0.00477592694899
-0.00477396416997
-0.00477195757933
-0.00476990714898
-0.00476781285118
-0.00476567465855
-0.00476349254406
-0.00476126648105
-0.00475899644321
-0.00475668240457
-0.00475432433955
-0.00475192222291
-0.00474947602977
-0.00474698573563
-0.00474445131633
-0.00474187274808
-0.00473925000745
-0.00473658307138
-0.00473387191716
-0.00473111652247
-0.00472831686532
-0.00472547292411
-0.00472258467760
-0.00471965210492
-0.00471667518557
-0.00471365389940
-0.00471058822664
-0.00470747814790
-0.00470432364416
-0.00470112469673
-0.00469788128735
-0.00469459339809
-0.00469126101140
-0.00468788411012
-0.00468446267744
-0.00468099669694
-0.00467748615256
-0.00467393102864
-0.00467033130987
-0.00466668698132
-0.00466299802846
-0.00465926443709
-0.00465548619345
-0.00465166328409
-0.00464779569600
-0.00464388341652
-0.00463992643336
-0.00463592473462
-0.00463187830881
-0.00462778714477
-0.00462365123175
-0.00461947055939
-0.00461524511770
-0.00461097489707
-0.00460665988828
-0.00460230008251
-0.00459789547129
-0.00459344604656
-0.00458895180064
-0.00458441272625
-0.00457982881647
-0.00457520006479
-0.00457052646507
-0.00456580801159
-0.00456104469897
-0.00455623652226
-0.00455138347689
-0.00454648555868
-0.00454154276382
-0.00453655508893
-0.00453152253099
-0.00452644508738
-0.00452132275588
-0.00451615553467
-0.00451094342229
-0.00450568641772
-0.00450038452029
-0.00449503772976
-0.00448964604627
-0.00448420947036
-0.00447872800295
-0.00447320164539
-0.00446763039939
-0.00446201426708
-0.00445635325099
-0.00445064735403
-0.00444489657953
-0.00443910093120
-0.00443326041317
-0.00442737502995
-0.00442144478646
-0.00441546968802
-0.00440944974036
-0.00440338494959
-0.00439727532225
-0.00439112086525
-0.00438492158594
-0.00437867749203
-0.00437238859167
-0.00436605489340
-0.00435967640617
-0.00435325313931
-0.00434678510260
-0.00434027230618
-0.00433371476063
-0.00432711247691
-0.00432046546640
-0.00431377374089
-0.00430703731256
-0.00430025619403
-0.00429343039829
-0.00428655993876
-0.00427964482927
-0.00427268508404
-0.00426568071772
-0.00425863174536
-0.00425153818242
-0.00424440004476
-0.00423721734868
-0.00422999011086
-0.00422271834841
-0.00421540207884
-0.00420804132007
-0.00420063609044
-0.00419318640871
-0.00418569229403
-0.00417815376597
-0.00417057084453
-0.00416294355011
-0.00415527190352
-0.00414755592599
-0.00413979563916
-0.00413199106509
-0.00412414222625
-0.00411624914552
-0.00410831184622
-0.00410033035204
-0.00409230468713
-0.00408423487604
-0.00407612094372
-0.00406796291556
-0.00405976081735
-0.00405151467532
-0.00404322451608
-0.00403489036669
-0.00402651225462
-0.00401809020774
-0.00400962425436
-0.00400111442319
-0.00399256074338
-0.00398396324447
-0.00397532195645
-0.00396663690971
-0.00395790813505
-0.00394913566371
-0.00394031952735
-0.00393145975802
-0.00392255638822
-0.00391360945087
-0.00390461897929
-0.00389558500723
-0.00388650756886
-0.00387738669877
-0.00386822243198
-0.00385901480392
-0.00384976385045
-0.00384046960783
-0.00383113211276
-0.00382175140237
-0.00381232751419
-0.00380286048618
-0.00379335035672
-0.00378379716463
-0.00377420094912
-0.00376456174984
-0.00375487960688
-0.00374515456071
-0.00373538665226
-0.00372557592286
-0.00371572241428
-0.00370582616870
-0.00369588722872
-0.00368590563738
-0.00367588143813
-0.00366581467484
-0.00365570539181
-0.00364555363377
-0.00363535944585
-0.00362512287363
-0.00361484396310
-0.00360452276068
-0.00359415931319
-0.00358375366791
-0.00357330587252
-0.00356281597513
-0.00355228402427
-0.00354171006890
-0.00353109415840
-0.00352043634257
-0.00350973667164
-0.00349899519625
-0.00348821196750
-0.00347738703686
-0.00346652045627
-0.00345561227807
-0.00344466255504
-0.00343367134035
-0.00342263868764
-0.00341156465094
-0.00340044928471
-0.00338929264385
-0.00337809478366
-0.00336685575988
-0.00335557562867
-0.00334425444661
-0.00333289227070
-0.00332148915838
-0.00331004516749
-0.00329856035632
-0.00328703478355
-0.00327546850832
-0.00326386159016
-0.00325221408904
-0.00324052606536
-0.00322879757992
-0.00321702869397
-0.00320521946916
-0.00319336996757
-0.00318148025171
-0.00316955038450
-0.00315758042929
-0.00314557044985
-0.00313352051038
-0.00312143067549
-0.00310930101021
-0.00309713158000
-0.00308492245075
-0.00307267368874
-0.00306038536071
-0.00304805753380
-0.00303569027558
-0.00302328365401
-0.00301083773753
-0.00299835259494
-0.00298582829549
-0.00297326490886
-0.00296066250513
-0.00294802115480
-0.00293534092880
-0.00292262189849
-0.00290986413561
-0.00289706771237
-0.00288423270135
-0.00287135917558
-0.00285844720851
-0.00284549687399
-0.00283250824630
-0.00281948140013
-0.00280641641059
-0.00279331335322
-0.00278017230397
-0.00276699333919
-0.00275377653566
-0.00274052197059
-0.00272722972159
-0.00271389986669
-0.00270053248433
-0.00268712765338
-0.00267368545311
-0.00266020596321
-0.00264668926378
-0.00263313543536
-0.00261954455887
-0.00260591671567
-0.00259225198751
-0.00257855045657
-0.00256481220544
-0.00255103731712
-0.00253722587502
-0.00252337796298
-0.00250949366522
-0.00249557306641
-0.00248161625159
-0.00246762330625
-0.00245359431626
-0.00243952936791
-0.00242542854792
-0.00241129194338
-0.00239711964183
-0.00238291173119
-0.00236866829980
-0.00235438943641
-0.00234007523017
-0.00232572577065
-0.00231134114781
-0.00229692145203
-0.00228246677409
-0.00226797720519
-0.00225345283691
-0.00223889376126
-0.00222430007064
-0.00220967185786
-0.00219500921612
-0.00218031223906
-0.00216558102068
-0.00215081565541
-0.00213601623808
-0.00212118286390
-0.00210631562852
-0.00209141462795
-0.00207647995864
-0.00206151171740
-0.00204651000148
-0.00203147490849
-0.00201640653647
-0.00200130498385
-0.00198617034945
-0.00197100273250
-0.00195580223260
-0.00194056894979
-0.00192530298447
-0.00191000443745
-0.00189467340994
-0.00187931000353
-0.00186391432022
-0.00184848646239
-0.00183302653282
-0.00181753463468
-0.00180201087155
-0.00178645534737
-0.00177086816649
-0.00175524943365
-0.00173959925398
-0.00172391773300
-0.00170820497661
-0.00169246109111
-0.00167668618318
-0.00166088035990
-0.00164504372873
-0.00162917639750
-0.00161327847444
-0.00159735006818
-0.00158139128772
-0.00156540224243
-0.00154938304209
-0.00153333379684
-0.00151725461723
-0.00150114561416
-0.00148500689894
-0.00146883858324
-0.00145264077911
-0.00143641359900
-0.00142015715571
-0.00140387156245
-0.00138755693279
-0.00137121338067
-0.00135484102041
-0.00133843996673
-0.00132201033469
-0.00130555223974
-0.00128906579771
-0.00127255112480
-0.00125600833757
-0.00123943755298
-0.00122283888832
-0.00120621246128
-0.00118955838993
-0.00117287679267
-0.00115616778831
-0.00113943149599
-0.00112266803525
-0.00110587752599
-0.00108906008845
-0.00107221584327
-0.00105534491143
-0.00103844741428
-0.00102152347355
-0.00100457321130
-0.00098759674998
-0.00097059421239
-0.00095356572169
-0.00093651140139
-0.00091943137538
-0.00090232576790
-0.00088519470354
-0.00086803830725
-0.00085085670433
-0.00083365002045
-0.00081641838163
-0.00079916191422
-0.00078188074497
-0.00076457500093
-0.00074724480955
-0.00072989029858
-0.00071251159616
-0.00069510883076
-0.00067768213121
-0.00066023162667
-0.00064275744667
-0.00062525972106
-0.00060773858005
-0.00059019415419
-0.00057262657438
-0.00055503597186
-0.00053742247821
-0.00051978622534
-0.00050212734551
-0.00048444597133
-0.00046674223573
-0.00044901627199
-0.00043126821371
-0.00041349819486
-0.00039570634970
-0.00037789281286
-0.00036005771929
-0.00034220120427
-0.00032432340341
-0.00030642445266
-0.00028850448829
-0.00027056364692
-0.00025260206546
-0.00023461988118
-0.00021661723166
-0.00019859425482
-0.00018055108889
-0.00016248787243
-0.00014440474432
-0.00012630184376
-0.00010817931028
-0.00009003728372
-0.00007187590425
-0.00005369531235
-0.00003549564881
-0.00001727705475
0.00000096032840
0.00001921635890
0.00003749089468
0.00005578379338
0.00007409491232
0.00009242410850
0.00011077123862
0.00012913615907
0.00014751872593
0.00016591879498
0.00018433622169
0.00020277086122
0.00022122256842
0.00023969119787
0.00025817660381
0.00027667864021
0.00029519716071
0.00031373201867
0.00033228306715
0.00035085015892
0.00036943314644
0.00038803188188
0.00040664621712
0.00042527600375
0.00044392109305
0.00046258133604
0.00048125658342
0.00049994668563
0.00051865149279
0.00053737085476
0.00055610462110
0.00057485264110
0.00059361476375
0.00061239083777
0.00063118071159
0.00064998423337
0.00066880125098
0.00068763161202
0.00070647516381
0.00072533175339
0.00074420122754
0.00076308343275
0.00078197821525
0.00080088542098
0.00081980489563
0.00083873648461
0.00085768003308
0.00087663538589
0.00089560238768
0.00091458088278
0.00093357071528
0.00095257172899
0.00097158376749
0.00099060667407
0.00100964029177
0.00102868446337
0.00104773903140
0.00106680383814
0.00108587872558
0.00110496353551
0.00112405810942
0.00114316228859
0.00116227591401
0.00118139882645
0.00120053086643
0.00121967187420
0.00123882168980
0.00125798015300
0.00127714710333
0.00129632238010
0.00131550582235
0.00133469726890
0.00135389655832
0.00137310352896
0.00139231801893
0.00141153986608
0.00143076890806
0.00145000498227
0.00146924792589
0.00148849757586
0.00150775376890
0.00152701634150
0.00154628512992
0.00156555997021
0.00158484069818
0.00160412714942
0.00162341915931
0.00164271656300
0.00166201919544
0.00168132689133
0.00170063948519
0.00171995681129
0.00173927870373
0.00175860499636
0.00177793552283
0.00179727011660
0.00181660861089
0.00183595083873
0.00185529663296
0.00187464582619
0.00189399825083
0.00191335373911
0.00193271212304
0.00195207323443
0.00197143690490
0.00199080296589
0.00201017124860
0.00202954158408
0.00204891380317
0.00206828773652
0.00208766321460
0.00210704006766
0.00212641812580
0.00214579721892
0.00216517717673
0.00218455782876
0.00220393900438
0.00222332053273
0.00224270224283
0.00226208396347
0.00228146552331
0.00230084675079
0.00232022747422
0.00233960752171
0.00235898672119
0.00237836490046
0.00239774188712
0.00241711750861
0.00243649159221
0.00245586396504
0.00247523445403
0.00249460288599
0.00251396908754
0.00253333288516
0.00255269410516
0.00257205257369
0.00259140811677
0.00261076056025
0.00263010972983
0.00264945545106
0.00266879754934
0.00268813584993
0.00270747017794
0.00272680035835
0.00274612621596
0.00276544757547
0.00278476426141
0.00280407609820
0.00282338291010
0.00284268452125
0.00286198075563
0.00288127143712
0.00290055638945
0.00291983543623
0.00293910840092
0.00295837510690
0.00297763537736
0.00299688903543
0.00301613590407
0.00303537580615
0.00305460856439
0.00307383400143
0.00309305193977
0.00311226220179
0.00313146460977
0.00315065898587
0.00316984515215
0.00318902293055
0.00320819214291
0.00322735261095
0.00324650415630
0.00326564660049
0.00328477976494
0.00330390347097
0.00332301753979
0.00334212179255
0.00336121605026
0.00338030013386
0.00339937386420
0.00341843706204
0.00343748954803
0.00345653114275
0.00347556166669
0.00349458094026
0.00351358878378
0.00353258501748
0.00355156946153
0.00357054193601
0.00358950226093
0.00360845025620
0.00362738574170
0.00364630853719
0.00366521846239
0.00368411533695
0.00370299898043
0.00372186921235
0.00374072585215
0.00375956871921
0.00377839763284
0.00379721241232
0.00381601287683
0.00383479884553
0.00385357013749
0.00387232657177
0.00389106796733
0.00390979414312
0.00392850491802
0.00394720011085
0.00396587954043
0.00398454302548
0.00400319038472
0.00402182143680
0.00404043600036
0.00405903389398
0.00407761493620
0.00409617894555
0.00411472574051
0.00413325513953
0.00415176696103
0.00417026102340
0.00418873714501
0.00420719514421
0.00422563483930
0.00424405604860
0.00426245859038
0.00428084228290
0.00429920694439
0.00431755239309
0.00433587844721
0.00435418492495
0.00437247164451
0.00439073842406
0.00440898508179
0.00442721143586
0.00444541730444
0.00446360250570
0.00448176685779
0.00449991017890
0.00451803228718
0.00453613300080
0.00455421213796
0.00457226951683
0.00459030495561
0.00460831827251
0.00462630928575
0.00464427781356
0.00466222367421
0.00468014668594
0.00469804666706
0.00471592343588
0.00473377681072
0.00475160660994
0.00476941265193
0.00478719475509
0.00480495273787
0.00482268641874
0.00484039561619
0.00485808014878
0.00487573983506
0.00489337449367
0.00491098394324
0.00492856800247
0.00494612649009
0.00496365922489
0.00498116602570
0.00499864671138
0.00501610110086
0.00503352901311
0.00505093026718
0.00506830468212
0.00508565207710
0.00510297227129
0.00512026508397
0.00513753033445
0.00515476784210
0.00517197742639
0.00518915890681
0.00520631210296
0.00522343683447
0.00524053292108
0.00525760018259
0.00527463843885
0.00529164750983
0.00530862721554
0.00532557737609
0.00534249781167
0.00535938834256
0.00537624878911
0.00539307897176
0.00540987871105
0.00542664782760
0.00544338614213
0.00546009347544
0.00547676964845
0.00549341448215
0.00551002779764
0.00552660941613
0.00554315915893
0.00555967684743
0.00557616230316
0.00559261534774
0.00560903580289
0.00562542349047
0.00564177823243
0.00565809985083
0.00567438816787
0.00569064300584
0.00570686418718
0.00572305153442
0.00573920487025
0.00575532401744
0.00577140879892
0.00578745903774
0.00580347455708
0.00581945518025
0.00583540073068
0.00585131103197
0.00586718590783
0.00588302518211
0.00589882867880
0.00591459622206
0.00593032763615
0.00594602274550
0.00596168137470
0.00597730334846
0.00599288849166
0.00600843662932
0.00602394758664
0.00603942118894
0.00605485726172
0.00607025563065
0.00608561612153
0.00610093856034
0.00611622277324
0.00613146858653
0.00614667582669
0.00616184432037
0.00617697389439
0.00619206437576
0.00620711559163
0.00622212736936
0.00623709953648
0.00625203192068
0.00626692434986
0.00628177665210
0.00629658865564
0.00631136018894
0.00632609108063
0.00634078115954
0.00635543025469
0.00637003819529
0.00638460481075
0.00639912993068
0.00641361338488
0.00642805500337
0.00644245461636
0.00645681205425
0.00647112714768
0.00648539972748
0.00649962962469
0.00651381667057
0.00652796069657
0.00654206153439
0.00655611901592
0.00657013297329
0.00658410323882
0.00659802964509
0.00661191202488
0.00662575021119
0.00663954403728
0.00665329333660
0.00666699794286
0.00668065768998
0.00669427241214
0.00670784194374
0.00672136611942
0.00673484477405
0.00674827774276
0.00676166486092
0.00677500596414
0.00678830088826
0.00680154946940
0.00681475154391
0.00682790694840
0.00684101551973
0.00685407709501
0.00686709151162
0.00688005860719
0.00689297821960
0.00690585018703
0.00691867434787
0.00693145054083
0.00694417860484
0.00695685837913
0.00696948970319
0.00698207241678
0.00699460635995
0.00700709137301
0.00701952729654
0.00703191397143
0.00704425123882
0.00705653894015
0.00706877691714
0.00708096501179
0.00709310306641
0.00710519092358
0.00711722842617
0.00712921541735
0.00714115174059
0.00715303723965
0.00716487175859
0.00717665514177
0.00718838723384
0.00720006787978
0.00721169692486
0.00722327421465
0.00723479959503
0.00724627291221
0.00725769401270
0.00726906274331
0.00728037895118
0.00729164248377
0.00730285318885
0.00731401091451
0.00732511550918
0.00733616682158
0.00734716470080
0.00735810899621
0.00736899955755
0.00737983623487
0.00739061887854
0.00740134733930
0.00741202146819
0.00742264111662
0.00743320613630
0.00744371637932
0.00745417169809
0.00746457194537
0.00747491697426
0.00748520663822
0.00749544079105
0.00750561928691
0.00751574198029
0.00752580872606
0.00753581937943
0.00754577379598
0.00755567183165
0.00756551334271
0.00757529818584
0.00758502621804
0.00759469729672
0.00760431127961
0.00761386802485
0.00762336739092
0.00763280923670
0.00764219342142
0.00765151980471
0.00766078824654
0.00766999860731
0.00767915074776
0.00768824452902
0.00769727981262
0.00770625646046
0.00771517433484
0.00772403329844
0.00773283321432
0.00774157394597
0.00775025535722
0.00775887731234
0.00776743967599
0.00777594231320
0.00778438508942
0.00779276787052
0.00780109052275
0.00780935291276
0.00781755490762
0.00782569637482
0.00783377718223
0.00784179719815
0.00784975629129
0.00785765433079
0.00786549118618
0.00787326672741
0.00788098082488
0.00788863334938
0.00789622417213
0.00790375316478
0.00791122019941
0.00791862514851
0.00792596788502
0.00793324828229
0.00794046621413
0.00794762155476
0.00795471417883
0.00796174396145
0.00796871077816
0.00797561450494
0.00798245501820
0.00798923219480
0.00799594591206
0.00800259604773
0.00800918248002
0.00801570508756
0.00802216374946
0.00802855834529
0.00803488875504
0.00804115485918
0.00804735653864
0.00805349367479
0.00805956614947
0.00806557384499
0.00807151664411
0.00807739443006
0.00808320708654
0.00808895449771
0.00809463654820
0.00810025312312
0.00810580410805
0.00811128938903
0.00811670885259
0.00812206238573
0.00812734987594
0.00813257121117
0.00813772627988
0.00814281497097
0.00814783717386
0.00815279277845
0.00815768167511
0.00816250375472
0.00816725890864
0.00817194702872
0.00817656800731
0.00818112173725
0.00818560811187
0.00819002702501
0.00819437837099
0.00819866204466
0.00820287794135
0.00820702595689
0.00821110598764
0.00821511793043
0.00821906168263
0.00822293714210
0.00822674420722
0.00823048277687
0.00823415275047
0.00823775402791
0.00824128650965
0.00824475009661
0.00824814469029
0.00825147019266
0.00825472650624
0.00825791353405
0.00826103117967
0.00826407934717
0.00826705794117
0.00826996686681
0.00827280602975
0.00827557533621
0.00827827469291
0.00828090400713
0.00828346318667
0.00828595213987
0.00828837077562
0.00829071900334
0.00829299673298
0.00829520387505
0.00829734034060
0.00829940604122
0.00830140088905
0.00830332479677
0.00830517767763
0.00830695944540
0.00830867001443
0.00831030929961
0.00831187721638
0.00831337368074
0.00831479860925
0.00831615191903
0.00831743352775
0.00831864335365
0.00831978131553
0.00832084733275
0.00832184132524
0.00832276321349
0.00832361291856
0.00832439036209
0.00832509546626
0.00832572815385
0.00832628834820
0.00832677597323
0.00832719095343
0.00832753321387
0.00832780268018
0.00832799927860
0.00832812293592
0.00832817357954
0.00832815113741
0.00832805553808
0.00832788671070
0.00832764458497
0.00832732909122
0.00832694016033
0.00832647772379
0.00832594171367
0.00832533206265
0.00832464870399
0.00832389157154
0.00832306059976
0.00832215572369
0.00832117687897
0.00832012400187
0.00831899702921
0.00831779589844
0.00831652054763
0.00831517091541
0.00831374694105
0.00831224856441
0.00831067572597
0.00830902836679
0.00830730642858
0.00830550985363
0.00830363858485
0.00830169256576
0.00829967174050
0.00829757605383
0.00829540545111
0.00829315987833
0.00829083928210
0.00828844360963
0.00828597280877
0.00828342682799
0.00828080561637
0.00827810912363
0.00827533730010
0.00827249009674
0.00826956746515
0.00826656935753
0.00826349572675
0.00826034652626
0.00825712171018
0.00825382123325
0.00825044505084
0.00824699311895
0.00824346539423
0.00823986183396
0.00823618239604
0.00823242703903
0.00822859572213
0.00822468840516
0.00822070504860
0.00821664561356
0.00821251006180
0.00820829835572
0.00820401045838
0.00819964633346
0.00819520594530
0.00819068925889
0.00818609623988
0.00818142685454
0.00817668106981
0.00817185885328
0.00816696017320
0.00816198499846
0.00815693329861
0.00815180504385
0.00814660020505
0.00814131875373
0.00813596066205
0.00813052590286
0.00812501444965
0.00811942627658
0.00811376135847
0.00810801967079
0.00810220118969
0.00809630589197
0.00809033375512
0.00808428475727
0.00807815887722
0.00807195609444
0.00806567638908
0.00805931974196
0.00805288613454
0.00804637554898
0.00803978796811
0.00803312337542
0.00802638175508
0.00801956309193
0.00801266737150
0.00800569457997
0.00799864470421
0.00799151773178
0.00798431365090
0.00797703245047
0.00796967412008
0.00796223865000
0.00795472603116
0.00794713625519
0.00793946931442
0.00793172520182
0.00792390391107
0.00791600543654
0.00790802977328
0.00789997691701
0.00789184686416
0.00788363961184
0.00787535515784
0.00786699350064
0.00785855463942
0.00785003857405
0.00784144530508
0.00783277483376
0.00782402716203
0.00781520229252
0.00780630022855
0.00779732097415
0.00778826453403
0.00777913091360
0.00776992011898
0.00776063215695
0.00775126703503
0.00774182476141
0.00773230534499
0.00772270879536
0.00771303512283
0.00770328433838
0.00769345645372
0.00768355148125
0.00767356943405
0.00766351032595
0.00765337417144
0.00764316098573
0.00763287078474
0.00762250358509
0.00761205940410
0.00760153825981
0.00759094017094
0.00758026515694
0.00756951323797
0.00755868443488
0.00754777876924
0.00753679626332
0.00752573694011
0.00751460082331
0.00750338793732
0.00749209830725
0.00748073195893
0.00746928891891
0.00745776921442
0.00744617287344
0.00743449992465
0.00742275039742
0.00741092432187
0.00739902172881
0.00738704264977
0.00737498711701
0.00736285516348
0.00735064682287
0.00733836212956
0.00732600111867
0.00731356382603
0.00730105028818
0.00728846054239
0.00727579462664
0.00726305257963
0.00725023444077
0.00723734025021
0.00722437004879
0.00721132387811
0.00719820178045
0.00718500379883
0.00717172997699
0.00715838035939
0.00714495499120
0.00713145391833
0.00711787718741
0.00710422484577
0.00709049694148
0.00707669352334
0.00706281464086
0.00704886034427
0.00703483068453
0.00702072571333
0.00700654548307
0.00699229004688
0.00697795945862
0.00696355377286
0.00694907304492
0.00693451733081
0.00691988668730
0.00690518117186
0.00689040084270
0.00687554575874
0.00686061597965
0.00684561156580
0.00683053257829
0.00681537907897
0.00680015113040
0.00678484879585
0.00676947213935
0.00675402122563
0.00673849612015
0.00672289688912
0.00670722359945
0.00669147631878
0.00667565511550
0.00665976005870
0.00664379121821
0.00662774866459
0.00661163246912
0.00659544270381
0.00657917944141
0.00656284275537
0.00654643271989
0.00652994940989
0.00651339290101
0.00649676326965
0.00648006059289
0.00646328494858
0.00644643641527
0.00642951507224
0.00641252099951
0.00639545427783
0.00637831498866
0.00636110321419
0.00634381903737
0.00632646254182
0.00630903381194
0.00629153293283
0.00627395999033
0.00625631507099
0.00623859826210
0.00622080965167
0.00620294932845
0.00618501738191
0.00616701390223
0.00614893898035
0.00613079270790
0.00611257517726
0.00609428648153
0.00607592671453
0.00605749597082
0.00603899434567
0.00602042193508
0.00600177883578
0.00598306514522
0.00596428096159
0.00594542638377
0.00592650151140
0.00590750644483
0.00588844128512
0.00586930613409
0.00585010109425
0.00583082626884
0.00581148176183
0.00579206767791
0.00577258412251
0.00575303120174
0.00573340902247
0.00571371769229
0.00569395731948
0.00567412801307
0.00565422988281
0.00563426303915
0.00561422759328
0.00559412365711
0.00557395134325
0.00555371076505
0.00553340203657
0.00551302527259
0.00549258058861
0.00547206810084
0.00545148792621
0.00543084018238
0.00541012498772
0.00538934246129
0.00536849272291
0.00534757589310
0.00532659209307
0.00530554144477
0.00528442407086
0.00526324009472
0.00524198964043
0.00522067283279
0.00519928979730
0.00517784066020
0.00515632554842
0.00513474458960
0.00511309791210
0.00509138564499
0.00506960791804
0.00504776486173
0.00502585660727
0.00500388328656
0.00498184503220
0.00495974197750
0.00493757425650
0.00491534200393
0.00489304535521
0.00487068444648
0.00484825941460
0.00482577039710
0.00480321753224
0.00478060095897
0.00475792081695
0.00473517724653
0.00471237038877
0.00468950038543
0.00466656737895
0.00464357151251
0.00462051292995
0.00459739177583
0.00457420819539
0.00455096233457
0.00452765434003
0.00450428435908
0.00448085253978
0.00445735903083
0.00443380398165
0.00441018754235
0.00438650986374
0.00436277109730
0.00433897139521
0.00431511091035
0.00429118979628
0.00426720820723
0.00424316629815
0.00421906422465
0.00419490214305
0.00417068021032
0.00414639858416
0.00412205742291
0.00409765688562
0.00407319713202
0.00404867832249
0.00402410061813
0.00399946418071
0.00397476917266
0.00395001575710
0.00392520409782
0.00390033435931
0.00387540670671
0.00385042130584
0.00382537832319
0.00380027792594
0.00377512028191
0.00374990555963
0.00372463392827
0.00369930555768
0.00367392061837
0.00364847928154
0.00362298171903
0.00359742810335
0.00357181860769
0.00354615340590
0.00352043267247
0.00349465658257
0.00346882531204
0.00344293903735
0.00341699793566
0.00339100218477
0.00336495196315
0.00333884744989
0.00331268882479
0.00328647626826
0.00326020996138
0.00323389008587
0.00320751682413
0.00318109035917
0.00315461087467
0.00312807855496
0.00310149358501
0.00307485615044
0.00304816643750
0.00302142463311
0.00299463092480
0.00296778550077
0.00294088854983
0.00291394026146
0.00288694082576
0.00285989043347
0.00283278927596
0.00280563754525
0.00277843543397
0.00275118313540
0.00272388084345
0.00269652875265
0.00266912705816
0.00264167595578
0.00261417564192
0.00258662631362
0.00255902816855
0.00253138140500
0.00250368622188
0.00247594281871
0.00244815139565
0.00242031215346
0.00239242529353
0.00236449101784
0.00233650952902
0.00230848103029
0.00228040572548
0.00225228381904
0.00222411551602
0.00219590102210
0.00216764054352
0.00213933428718
0.00211098246054
0.00208258527169
0.00205414292931
0.00202565564267
0.00199712362166
0.00196854707675
0.00193992621901
0.00191126126012
0.00188255241232
0.00185379988848
0.00182500390202
0.00179616466698
0.00176728239798
0.00173835731022
0.00170938961950
0.00168037954217
0.00165132729519
0.00162223309610
0.00159309716301
0.00156391971462
0.00153470097018
0.00150544114953
0.00147614047310
0.00144679916188
0.00141741743740
0.00138799552181
0.00135853363780
0.00132903200862
0.00129949085809
0.00126991041061
0.00124029089113
0.00121063252514
0.00118093553872
0.00115120015849
0.00112142661162
0.00109161512586
0.00106176592948
0.00103187925132
0.00100195532076
0.00097199436774
0.00094199662273
0.00091196231676
0.00088189168140
0.00085178494874
0.00082164235143
0.00079146412266
0.00076125049616
0.00073100170617
0.00070071798749
0.00067039957543
0.00064004670585
0.00060965961512
0.00057923854016
0.00054878371839
0.00051829538777
0.00048777378677
0.00045721915439
0.00042663173014
0.00039601175405
0.00036535946668
0.00033467510908
0.00030395892282
0.00027321114998
0.00024243203315
0.00021162181543
0.00018078074042
0.00014990905222
0.00011900699544
0.00008807481517
0.00005711275703
0.00002612106711
-0.00000490000800
-0.00003595022121
-0.00006702932494
-0.00009813707114
-0.00012927321125
-0.00016043749623
-0.00019162967657
-0.00022284950225
-0.00025409672281
-0.00028537108727
-0.00031667234421
-0.00034800024170
-0.00037935452737
-0.00041073494837
-0.00044214125136
-0.00047357318257
-0.00050503048773
-0.00053651291212
-0.00056802020056
-0.00059955209742
-0.00063110834660
-0.00066268869154
-0.00069429287524
-0.00072592064023
-0.00075757172860
-0.00078924588201
-0.00082094284164
-0.00085266234825
-0.00088440414214
-0.00091616796319
-0.00094795355083
-0.00097976064404
-0.00101158898139
-0.00104343830100
-0.00107530834057
-0.00110719883737
-0.00113910952824
-0.00117104014958
-0.00120299043741
-0.00123496012727
-0.00126694895434
-0.00129895665334
-0.00133098295861
-0.00136302760403
-0.00139509032312
-0.00142717084897
-0.00145926891425
-0.00149138425124
-0.00152351659182
-0.00155566566747
-0.00158783120926
-0.00162001294787
-0.00165221061359
-0.00168442393631
-0.00171665264553
-0.00174889647036
-0.00178115513955
-0.00181342838143
-0.00184571592397
-0.00187801749474
-0.00191033282096
-0.00194266162946
-0.00197500364669
-0.00200735859874
-0.00203972621133
-0.00207210620981
-0.00210449831915
-0.00213690226399
-0.00216931776859
-0.00220174455684
-0.00223418235231
-0.00226663087817
-0.00229908985727
-0.00233155901211
-0.00236403806482
-0.00239652673721
-0.00242902475073
-0.00246153182649
-0.00249404768528
-0.00252657204753
-0.00255910463335
-0.00259164516251
-0.00262419335446
-0.00265674892830
-0.00268931160284
-0.00272188109654
-0.00275445712754
-0.00278703941367
-0.00281962767245
-0.00285222162107
-0.00288482097642
-0.00291742545507
-0.00295003477329
-0.00298264864705
-0.00301526679201
-0.00304788892352
-0.00308051475666
-0.00311314400617
-0.00314577638655
-0.00317841161197
-0.00321104939632
-0.00324368945322
-0.00327633149597
-0.00330897523763
-0.00334162039094
-0.00337426666840
-0.00340691378222
-0.00343956144432
-0.00347220936638
-0.00350485725979
-0.00353750483568
-0.00357015180492
-0.00360279787812
-0.00363544276563
-0.00366808617754
-0.00370072782370
-0.00373336741368
-0.00376600465683
-0.00379863926225
-0.00383127093878
-0.00386389939502
-0.00389652433936
-0.00392914547991
-0.00396176252458
-0.00399437518103
-0.00402698315669
-0.00405958615878
-0.00409218389427
-0.00412477606993
-0.00415736239230
-0.00418994256770
-0.00422251630224
-0.00425508330182
-0.00428764327212
-0.00432019591863
-0.00435274094661
-0.00438527806114
-0.00441780696709
-0.00445032736913
-0.00448283897174
-0.00451534147921
-0.00454783459563
-0.00458031802490
-0.00461279147076
-0.00464525463673
-0.00467770722619
-0.00471014894231
-0.00474257948809
-0.00477499856638
-0.00480740587984
-0.00483980113096
-0.00487218402207
-0.00490455425535
-0.00493691153280
-0.00496925555627
-0.00500158602746
-0.00503390264792
-0.00506620511904
-0.00509849314207
-0.00513076641810
-0.00516302464811
-0.00519526753291
-0.00522749477318
-0.00525970606948
-0.00529190112223
-0.00532407963170
-0.00535624129807
-0.00538838582138
-0.00542051290153
-0.00545262223834
-0.00548471353147
-0.00551678648050
-0.00554884078488
-0.00558087614397
-0.00561289225701
-0.00564488882314
-0.00567686554138
-0.00570882211070
-0.00574075822993
-0.00577267359783
-0.00580456791305
-0.00583644087419
-0.00586829217972
-0.00590012152805
-0.00593192861752
-0.00596371314638
-0.00599547481281
-0.00602721331491
-0.00605892835072
-0.00609061961822
-0.00612228681531
-0.00615392963984
-0.00618554778960
-0.00621714096232
-0.00624870885569
-0.00628025116734
-0.00631176759484
-0.00634325783574
-0.00637472158754
-0.00640615854769
-0.00643756841361
-0.00646895088269
-0.00650030565229
-0.00653163241972
-0.00656293088230
-0.00659420073729
-0.00662544168196
-0.00665665341355
-0.00668783562927
-0.00671898802635
-0.00675011030197
-0.00678120215334
-0.00681226327765
-0.00684329337209
-0.00687429213385
-0.00690525926012
-0.00693619444811
-0.00696709739502
-0.00699796779808
-0.00702880535452
-0.00705960976161
-0.00709038071662
-0.00712111791685
-0.00715182105962
-0.00718248984229
-0.00721312396224
-0.00724372311689
-0.00727428700371
-0.00730481532018
-0.00733530776385
-0.00736576403229
-0.00739618382315
-0.00742656683410
-0.00745691276289
-0.00748722130730
-0.00751749216519
-0.00754772503446
-0.00757791961311
-0.00760807559917
-0.00763819269077
-0.00766827058608
-0.00769830898338
-0.00772830758102
-0.00775826607740
-0.00778818417106
-0.00781806156057
-0.00784789794463
-0.00787769302202
-0.00790744649161
-0.00793715805237
-0.00796682740338
-0.00799645424381
-0.00802603827295
-0.00805557919019
-0.00808507669504
-0.00811453048711
-0.00814394026614
-0.00817330573200
-0.00820262658466
-0.00823190252424
-0.00826113325096
-0.00829031846521
-0.00831945786748
-0.00834855115842
-0.00837759803881
-0.00840659820958
-0.00843555137178
-0.00846445722666
-0.00849331547557
-0.00852212582005
-0.00855088796177
-0.00857960160259
-0.00860826644451
-0.00863688218970
-0.00866544854050
-0.00869396519942
-0.00872243186917
-0.00875084825258
-0.00877921405272
-0.00880752897281
-0.00883579271626
-0.00886400498668
-0.00889216548785
-0.00892027392377
-0.00894832999861
-0.00897633341676
-0.00900428388282
-0.00903218110156
-0.00906002477799
-0.00908781461733
-0.00911555032500
-0.00914323160663
-0.00917085816811
-0.00919842971550
-0.00922594595513
-0.00925340659352
-0.00928081133746
-0.00930815989395
-0.00933545197022
-0.00936268727376
-0.00938986551229
-0.00941698639379
-0.00944404962646
-0.00947105491879
-0.00949800197948
-0.00952489051753
-0.00955172024216
-0.00957849086289
-0.00960520208948
-0.00963185363196
-0.00965844520065
-0.00968497650612
-0.00971144725923
-0.00973785717111
-0.00976420595320
-0.00979049331719
-0.00981671897507
-0.00984288263913
-0.00986898402196
-0.00989502283641
-0.00992099879568
-0.00994691161323
-0.00997276100286
-0.00999854667864
-0.01002426835499
-0.01004992574661
-0.01007551856855
-0.01010104653615
-0.01012650936509
-0.01015190677137
-0.01017723847132
-0.01020250418159
-0.01022770361918
-0.01025283650142
-0.01027790254598
-0.01030290147087
-0.01032783299444
-0.01035269683541
-0.01037749271283
-0.01040222034611
-0.01042687945501
-0.01045146975966
-0.01047599098055
-0.01050044283853
-0.01052482505483
-0.01054913735104
-0.01057337944911
-0.01059755107140
-0.01062165194062
-0.01064568177989
-0.01066964031268
-0.01069352726288
-0.01071734235475
-0.01074108531295
-0.01076475586254
-0.01078835372898
-0.01081187863812
-0.01083533031623
-0.01085870848998
-0.01088201288645
-0.01090524323314
-0.01092839925795
-0.01095148068921
-0.01097448725568
-0.01099741868653
-0.01102027471137
-0.01104305506022
-0.01106575946356
-0.01108838765228
-0.01111093935773
-0.01113341431170
-0.01115581224640
-0.01117813289451
-0.01120037598915
-0.01122254126390
-0.01124462845280
-0.01126663729032
-0.01128856751143
-0.01131041885154
-0.01133219104652
-0.01135388383274
-0.01137549694701
-0.01139703012662
-0.01141848310937
-0.01143985563350
-0.01146114743775
-0.01148235826135
-0.01150348784402
-0.01152453592595
-0.01154550224786
-0.01156638655094
-0.01158718857690
-0.01160790806792
-0.01162854476672
-0.01164909841651
-0.01166956876102
-0.01168995554449
-0.01171025851168
-0.01173047740786
-0.01175061197883
-0.01177066197092
-0.01179062713097
-0.01181050720637
-0.01183030194503
-0.01185001109540
-0.01186963440646
-0.01188917162776
-0.01190862250936
-0.01192798680189
-0.01194726425651
-0.01196645462495
-0.01198555765948
-0.01200457311294
-0.01202350073873
-0.01204234029081
-0.01206109152369
-0.01207975419248
-0.01209832805284
-0.01211681286100
-0.01213520837378
-0.01215351434858
-0.01217173054338
-0.01218985671672
-0.01220789262777
-0.01222583803626
-0.01224369270252
-0.01226145638748
-0.01227912885266
-0.01229670986020
-0.01231419917282
-0.01233159655385
-0.01234890176725
-0.01236611457756
-0.01238323474997
-0.01240026205024
-0.01241719624480
-0.01243403710067
-0.01245078438550
-0.01246743786758
-0.01248399731581
-0.01250046249974
-0.01251683318955
-0.01253310915605
-0.01254929017070
-0.01256537600561
-0.01258136643352
-0.01259726122782
-0.01261306016256
-0.01262876301244
-0.01264436955281
-0.01265987955969
-0.01267529280976
-0.01269060908036
-0.01270582814948
-0.01272094979581
-0.01273597379870
-0.01275089993816
-0.01276572799490
-0.01278045775029
-0.01279508898640
-0.01280962148596
-0.01282405503242
-0.01283838940988
-0.01285262440318
-0.01286675979781
-0.01288079537998
-0.01289473093660
-0.01290856625528
-0.01292230112432
-0.01293593533276
-0.01294946867032
-0.01296290092745
-0.01297623189530
-0.01298946136575
-0.01300258913139
-0.01301561498556
-0.01302853872228
-0.01304136013633
-0.01305407902321
-0.01306669517915
-0.01307920840113
-0.01309161848685
-0.01310392523475
-0.01311612844402
-0.01312822791460
-0.01314022344717
-0.01315211484316
-0.01316390190474
-0.01317558443486
-0.01318716223721
-0.01319863511624
-0.01321000287717
-0.01322126532597
-0.01323242226940
-0.01324347351497
-0.01325441887097
-0.01326525814645
-0.01327599115125
-0.01328661769599
-0.01329713759207
-0.01330755065167
-0.01331785668775
-0.01332805551406
-0.01333814694516
-0.01334813079638
-0.01335800688385
-0.01336777502451
-0.01337743503608
-0.01338698673710
-0.01339642994691
-0.01340576448565
-0.01341499017427
-0.01342410683455
-0.01343311428906
-0.01344201236120
-0.01345080087518
-0.01345947965604
-0.01346804852963
-0.01347650732265
-0.01348485586260
-0.01349309397783
-0.01350122149751
-0.01350923825164
-0.01351714407108
-0.01352493878750
-0.01353262223344
-0.01354019424227
-0.01354765464819
-0.01355500328627
-0.01356223999242
-0.01356936460342
-0.01357637695688
-0.01358327689127
-0.01359006424593
-0.01359673886107
-0.01360330057774
-0.01360974923786
-0.01361608468424
-0.01362230676054
-0.01362841531128
-0.01363441018189
-0.01364029121865
-0.01364605826872
-0.01365171118016
-0.01365724980188
-0.01366267398371
-0.01366798357635
-0.01367317843138
-0.01367825840129
-0.01368322333945
-0.01368807310013
-0.01369280753850
-0.01369742651063
-0.01370192987349
-0.01370631748496
-0.01371058920380
-0.01371474488971
-0.01371878440328
-0.01372270760603
-0.01372651436038
-0.01373020452967
-0.01373377797815
-0.01373723457100
-0.01374057417432
-0.01374379665515
-0.01374690188142
-0.01374988972201
-0.01375276004674
-0.01375551272634
-0.01375814763250
-0.01376066463781
-0.01376306361584
-0.01376534444106
-0.01376750698892
-0.01376955113577
-0.01377147675896
-0.01377328373673
-0.01377497194832
-0.01377654127389
-0.01377799159456
-0.01377932279241
-0.01378053475048
-0.01378162735277
-0.01378260048422
-0.01378345403075
-0.01378418787925
-0.01378480191758
-0.01378529603453
-0.01378567011992
-0.01378592406449
-0.01378605775998
-0.01378607109910
-0.01378596397553
-0.01378573628395
-0.01378538792001
-0.01378491878032
-0.01378432876252
-0.01378361776520
-0.01378278568795
-0.01378183243135
-0.01378075789698
-0.01377956198740
-0.01377824460617
-0.01377680565785
-0.01377524504799
-0.01377356268316
-0.01377175847091
-0.01376983231980
-0.01376778413941
-0.01376561384030
-0.01376332133407
-0.01376090653331
-0.01375836935162
-0.01375570970362
-0.01375292750496
-0.01375002267228
-0.01374699512327
-0.01374384477660
-0.01374057155199
-0.01373717537019
-0.01373365615296
-0.01373001382308
-0.01372624830437
-0.01372235952169
-0.01371834740090
-0.01371421186894
-0.01370995285373
-0.01370557028427
-0.01370106409058
-0.01369643420371
-0.01369168055577
-0.01368680307990
-0.01368180171029
-0.01367667638217
-0.01367142703181
-0.01366605359655
-0.01366055601476
-0.01365493422587
-0.01364918817036
-0.01364331778976
-0.01363732302667
-0.01363120382472
-0.01362496012863
-0.01361859188415
-0.01361209903811
-0.01360548153841
-0.01359873933399
-0.01359187237486
-0.01358488061212
-0.01357776399791
-0.01357052248545
-0.01356315602904
-0.01355566458404
-0.01354804810688
-0.01354030655507
-0.01353243988721
-0.01352444806295
-0.01351633104304
-0.01350808878930
-0.01349972126464
-0.01349122843304
-0.01348261025956
-0.01347386671037
-0.01346499775271
-0.01345600335489
-0.01344688348634
-0.01343763811757
-0.01342826722016
-0.01341877076681
-0.01340914873130
-0.01339940108851
-0.01338952781440
-0.01337952888605
-0.01336940428163
-0.01335915398040
-0.01334877796272
-0.01333827621006
-0.01332764870500
-0.01331689543120
-0.01330601637345
-0.01329501151762
-0.01328388085071
-0.01327262436082
-0.01326124203716
-0.01324973387003
-0.01323809985088
-0.01322633997223
-0.01321445422775
-0.01320244261220
-0.01319030512146
-0.01317804175254
-0.01316565250354
-0.01315313737370
-0.01314049636338
-0.01312772947405
-0.01311483670829
-0.01310181806984
-0.01308867356351
-0.01307540319529
-0.01306200697224
-0.01304848490259
-0.01303483699568
-0.01302106326196
-0.01300716371304
-0.01299313836163
-0.01297898722159
-0.01296471030790
-0.01295030763668
-0.01293577922518
-0.01292112509177
-0.01290634525597
-0.01289143973842
-0.01287640856093
-0.01286125174639
-0.01284596931888
-0.01283056130359
-0.01281502772685
-0.01279936861614
-0.01278358400007
-0.01276767390840
-0.01275163837203
-0.01273547742298
-0.01271919109445
-0.01270277942077
-0.01268624243739
-0.01266958018093
-0.01265279268916
-0.01263588000097
-0.01261884215643
-0.01260167919674
-0.01258439116423
-0.01256697810242
-0.01254944005594
-0.01253177707059
-0.01251398919332
-0.01249607647222
-0.01247803895655
-0.01245987669671
-0.01244158974424
-0.01242317815186
-0.01240464197343
-0.01238598126397
-0.01236719607963
-0.01234828647775
-0.01232925251681
-0.01231009425644
-0.01229081175743
-0.01227140508173
-0.01225187429246
-0.01223221945387
-0.01221244063139
-0.01219253789160
-0.01217251130224
-0.01215236093221
-0.01213208685156
-0.01211168913153
-0.01209116784448
-0.01207052306396
-0.01204975486467
-0.01202886332248
-0.01200784851441
-0.01198671051864
-0.01196544941453
-0.01194406528258
-0.01192255820448
-0.01190092826306
-0.01187917554232
-0.01185730012742
-0.01183530210470
-0.01181318156165
-0.01179093858693
-0.01176857327035
-0.01174608570291
-0.01172347597675
-0.01170074418520
-0.01167789042272
-0.01165491478498
-0.01163181736877
-0.01160859827208
-0.01158525759406
-0.01156179543500
-0.01153821189639
-0.01151450708087
-0.01149068109223
-0.01146673403547
-0.01144266601670
-0.01141847714325
-0.01139416752357
-0.01136973726732
-0.01134518648528
-0.01132051528943
-0.01129572379292
-0.01127081211003
-0.01124578035623
-0.01122062864817
-0.01119535710364
-0.01116996584162
-0.01114445498222
-0.01111882464675
-0.01109307495767
-0.01106720603861
-0.01104121801437
-0.01101511101091
-0.01098888515535
-0.01096254057598
-0.01093607740226
-0.01090949576481
-0.01088279579541
-0.01085597762701
-0.01082904139372
-0.01080198723083
-0.01077481527477
-0.01074752566314
-0.01072011853472
-0.01069259402943
-0.01066495228837
-0.01063719345379
-0.01060931766911
-0.01058132507891
-0.01055321582893
-0.01052499006606
-0.01049664793839
-0.01046818959512
-0.01043961518664
-0.01041092486450
-0.01038211878139
-0.01035319709118
-0.01032415994889
-0.01029500751070
-0.01026573993394
-0.01023635737711
-0.01020685999985
-0.01017724796298
-0.01014752142846
-0.01011768055941
-0.01008772552009
-0.01005765647595
-0.01002747359355
-0.00999717704064
-0.00996676698610
-0.00993624359998
-0.00990560705347
-0.00987485751892
-0.00984399516981
-0.00981302018079
-0.00978193272767
-0.00975073298738
-0.00971942113801
-0.00968799735881
-0.00965646183016
-0.00962481473360
-0.00959305625181
-0.00956118656861
-0.00952920586897
-0.00949711433900
-0.00946491216596
-0.00943259953825
-0.00940017664540
-0.00936764367811
-0.00933500082819
-0.00930224828859
-0.00926938625343
-0.00923641491793
-0.00920333447847
-0.00917014513257
-0.00913684707886
-0.00910344051713
-0.00906992564829
-0.00903630267439
-0.00900257179861
-0.00896873322525
-0.00893478715977
-0.00890073380872
-0.00886657337981
-0.00883230608187
-0.00879793212485
-0.00876345171982
-0.00872886507899
-0.00869417241570
-0.00865937394438
-0.00862446988062
-0.00858946044110
-0.00855434584365
-0.00851912630718
-0.00848380205176
-0.00844837329856
-0.00841284026985
-0.00837720318903
-0.00834146228061
-0.00830561777023
-0.00826966988462
-0.00823361885162
-0.00819746490019
-0.00816120826039
-0.00812484916340
-0.00808838784150
-0.00805182452806
-0.00801515945758
-0.00797839286565
-0.00794152498894
-0.00790455606526
-0.00786748633350
-0.00783031603364
-0.00779304540676
-0.00775567469504
-0.00771820414177
-0.00768063399130
-0.00764296448909
-0.00760519588169
-0.00756732841673
-0.00752936234294
-0.00749129791014
-0.00745313536921
-0.00741487497213
-0.00737651697197
-0.00733806162287
-0.00729950918006
-0.00726085989982
-0.00722211403954
-0.00718327185768
-0.00714433361375
-0.00710529956836
-0.00706616998318
-0.00702694512094
-0.00698762524546
-0.00694821062161
-0.00690870151533
-0.00686909819363
-0.00682940092457
-0.00678960997727
-0.00674972562193
-0.00670974812980
-0.00666967777316
-0.00662951482538
-0.00658925956086
-0.00654891225506
-0.00650847318450
-0.00646794262673
-0.00642732086035
-0.00638660816503
-0.00634580482144
-0.00630491111133
-0.00626392731746
-0.00622285372367
-0.00618169061478
-0.00614043827671
-0.00609909699635
-0.00605766706166
-0.00601614876163
-0.00597454238627
-0.00593284822661
-0.00589106657471
-0.00584919772365
-0.00580724196755
-0.00576519960153
-0.00572307092173
-0.00568085622531
-0.00563855581045
-0.00559616997633
-0.00555369902314
-0.00551114325210
-0.00546850296541
-0.00542577846629
-0.00538297005896
-0.00534007804864
-0.00529710274155
-0.00525404444492
-0.00521090346695
-0.00516768011685
-0.00512437470481
-0.00508098754204
-0.00503751894070
-0.00499396921395
-0.00495033867594
-0.00490662764180
-0.00486283642764
-0.00481896535054
-0.00477501472855
-0.00473098488073
-0.00468687612706
-0.00464268878853
-0.00459842318708
-0.00455407964562
-0.00450965848802
-0.00446516003912
-0.00442058462470
-0.00437593257152
-0.00433120420728
-0.00428639986064
-0.00424151986121
-0.00419656453955
-0.00415153422715
-0.00410642925647
-0.00406124996090
-0.00401599667476
-0.00397066973332
-0.00392526947279
-0.00387979623029
-0.00383425034390
-0.00378863215261
-0.00374294199635
-0.00369718021595
-0.00365134715318
-0.00360544315074
-0.00355946855223
-0.00351342370216
-0.00346730894597
-0.00342112463000
-0.00337487110150
-0.00332854870863
-0.00328215780044
-0.00323569872690
-0.00318917183886
-0.00314257748809
-0.00309591602721
-0.00304918780979
-0.00300239319024
-0.00295553252388
-0.00290860616691
-0.00286161447641
-0.00281455781034
-0.00276743652754
-0.00272025098772
-0.00267300155145
-0.00262568858020
-0.00257831243627
-0.00253087348286
-0.00248337208400
-0.00243580860460
-0.00238818341042
-0.00234049686807
-0.00229274934501
-0.00224494120956
-0.00219707283089
-0.00214914457898
-0.00210115682470
-0.00205310993971
-0.00200500429654
-0.00195684026855
-0.00190861822991
-0.00186033855563
-0.00181200162155
-0.00176360780433
-0.00171515748144
-0.00166665103118
-0.00161808883267
-0.00156947126581
-0.00152079871134
-0.00147207155080
-0.00142329016652
-0.00137445494165
-0.00132556626012
-0.00127662450668
-0.00122763006684
-0.00117858332691
-0.00112948467402
-0.00108033449603
-0.00103113318162
-0.00098188112023
-0.00093257870209
-0.00088322631819
-0.00083382436029
-0.00078437322094
-0.00073487329341
-0.00068532497177
-0.00063572865084
-0.00058608472618
-0.00053639359412
-0.00048665565173
-0.00043687129684
-0.00038704092800
-0.00033716494451
-0.00028724374643
-0.00023727773452
-0.00018726731030
-0.00013721287600
-0.00008711483460
-0.00003697358976
0.00001321045409
0.00006343689184
0.00011370531765
0.00016401532496
0.00021436650653
0.00026475845439
0.00031519075988
0.00036566301364
0.00041617480562
0.00046672572505
0.00051731536051
0.00056794329987
0.00061860913032
0.00066931243837
0.00072005280986
0.00077082982995
0.00082164308313
0.00087249215323
0.00092337662340
0.00097429607614
0.00102525009328
0.00107623825603
0.00112726014491
0.00117831533980
0.00122940341995
0.00128052396395
0.00133167654977
0.00138286075472
0.00143407615551
0.00148532232820
0.00153659884821
0.00158790529038
0.00163924122889
0.00169060623733
0.00174199988866
0.00179342175525
0.00184487140884
0.00189634842059
0.00194785236105
0.00199938280018
0.00205093930734
0.00210252145130
0.00215412880025
0.00220576092180
0.00225741738298
0.00230909775023
0.00236080158945
0.00241252846592
0.00246427794441
0.00251604958910
0.00256784296361
0.00261965763100
0.00267149315381
0.00272334909399
0.00277522501297
0.00282712047164
0.00287903503034
0.00293096824889
0.00298291968656
0.00303488890211
0.00308687545376
0.00313887889923
0.00319089879572
0.00324293469988
0.00329498616791
0.00334705275546
0.00339913401769
0.00345122950926
0.00350333878434
0.00355546139660
0.00360759689924
0.00365974484494
0.00371190478593
0.00376407627396
0.00381625886028
0.00386845209571
0.00392065553056
0.00397286871471
0.00402509119757
0.00407732252809
0.00412956225476
0.00418180992565
0.00423406508836
0.00428632729005
0.00433859607746
0.00439087099688
0.00444315159417
0.00449543741477
0.00454772800370
0.00460002290556
0.00465232166452
0.00470462382435
0.00475692892843
0.00480923651970
0.00486154614073
0.00491385733366
0.00496616964029
0.00501848260197
0.00507079575972
0.00512310865413
0.00517542082544
0.00522773181352
0.00528004115786
0.00533234839758
0.00538465307144
0.00543695471784
0.00548925287484
0.00554154708013
0.00559383687107
0.00564612178465
0.00569840135756
0.00575067512611
0.00580294262631
0.00585520339383
0.00590745696403
0.00595970287192
0.00601194065222
0.00606416983934
0.00611638996735
0.00616860057005
0.00622080118093
0.00627299133317
0.00632517055966
0.00637733839303
0.00642949436558
0.00648163800936
0.00653376885614
0.00658588643740
0.00663799028438
0.00669007992802
0.00674215489901
0.00679421472781
0.00684625894460
0.00689828707930
0.00695029866162
0.00700229322099
0.00705427028664
0.00710622938754
0.00715817005244
0.00721009180986
0.00726199418811
0.00731387671527
0.00736573891922
0.00741758032762
0.00746940046792
0.00752119886738
0.00757297505307
0.00762472855184
0.00767645889038
0.00772816559519
0.00777984819256
0.00783150620864
0.00788313916940
0.00793474660062
0.00798632802794
0.00803788297682
0.00808941097258
0.00814091154038
0.00819238420523
0.00824382849201
0.00829524392543
0.00834663003011
0.00839798633049
0.00844931235091
0.00850060761559
0.00855187164862
0.00860310397397
0.00865430411551
0.00870547159700
0.00875660594210
0.00880770667436
0.00885877331726
0.00890980539416
0.00896080242836
0.00901176394306
0.00906268946139
0.00911357850641
0.00916443060111
0.00921524526840
0.00926602203115
0.00931676041217
0.00936745993420
0.00941812011996
0.00946874049210
0.00951932057324
0.00956985988597
0.00962035795284
0.00967081429639
0.00972122843911
0.00977159990350
0.00982192821201
0.00987221288713
0.00992245345129
0.00997264942696
0.01002280033659
0.01007290570265
0.01012296504762
0.01017297789398
0.01022294376424
0.01027286218094
0.01032273266664
0.01037255474394
0.01042232793548
0.01047205176391
0.01052172575197
0.01057134942242
0.01062092229808
0.01067044390184
0.01071991375664
0.01076933138549
0.01081869631147
0.01086800805773
0.01091726614753
0.01096647010417
0.01101561945107
0.01106471371173
0.01111375240975
0.01116273506882
0.01121166121277
0.01126053036550
0.01130934205104
0.01135809579355
0.01140679111730
0.01145542754669
0.01150400460625
0.01155252182064
0.01160097871469
0.01164937481333
0.01169770964168
0.01174598272499
0.01179419358868
0.01184234175831
0.01189042675964
0.01193844811857
0.01198640536120
0.01203429801379
0.01208212560279
0.01212988765486
0.01217758369681
0.01222521325568
0.01227277585870
0.01232027103332
0.01236769830717
0.01241505720812
0.01246234726426
0.01250956800388
0.01255671895552
0.01260379964794
0.01265080961015
0.01269774837138
0.01274461546113
0.01279141040914
0.01283813274538
0.01288478200011
0.01293135770385
0.01297785938737
0.01302428658173
0.01307063881824
0.01311691562853
0.01316311654447
0.01320924109826
0.01325528882236
0.01330125924955
0.01334715191291
0.01339296634581
0.01343870208195
0.01348435865534
0.01352993560031
0.01357543245151
0.01362084874391
0.01366618401285
0.01371143779397
0.01375660962326
0.01380169903706
0.01384670557207
0.01389162876534
0.01393646815427
0.01398122327663
0.01402589367056
0.01407047887457
0.01411497842756
0.01415939186879
0.01420371873792
0.01424795857500
0.01429211092047
0.01433617531517
0.01438015130035
0.01442403841766
0.01446783620917
0.01451154421736
0.01455516198513
0.01459868905582
0.01464212497319
0.01468546928142
0.01472872152515
0.01477188124947
0.01481494799989
0.01485792132240
0.01490080076342
0.01494358586985
0.01498627618905
0.01502887126885
0.01507137065756
0.01511377390395
0.01515608055730
0.01519829016735
0.01524040228435
0.01528241645903
0.01532433224266
0.01536614918696
0.01540786684419
0.01544948476713
0.01549100250905
0.01553241962378
0.01557373566565
0.01561495018952
0.01565606275081
0.01569707290544
0.01573798020993
0.01577878422129
0.01581948449712
0.01586008059557
0.01590057207535
0.01594095849574
0.01598123941658
0.01602141439830
0.01606148300190
0.01610144478896
0.01614129932166
0.01618104616276
0.01622068487563
0.01626021502423
0.01629963617313
0.01633894788752
0.01637814973319
0.01641724127654
0.01645622208463
0.01649509172511
0.01653384976628
0.01657249577707
0.01661102932705
0.01664944998644
0.01668775732611
0.01672595091757
0.01676403033301
0.01680199514527
0.01683984492784
0.01687757925492
0.01691519770134
0.01695269984264
0.01699008525505
0.01702735351545
0.01706450420145
0.01710153689134
0.01713845116412
0.01717524659947
0.01721192277782
0.01724847928028
0.01728491568870
0.01732123158563
0.01735742655437
0.01739350017895
0.01742945204410
0.01746528173534
0.01750098883890
0.01753657294177
0.01757203363168
0.01760737049715
0.01764258312742
0.01767767111252
0.01771263404325
0.01774747151116
0.01778218310861
0.01781676842872
0.01785122706541
0.01788555861337
0.01791976266811
0.01795383882593
0.01798778668393
0.01802160584002
0.01805529589292
0.01808885644216
0.01812228708811
0.01815558743194
0.01818875707568
0.01822179562215
0.01825470267505
0.01828747783889
0.01832012071904
0.01835263092172
0.01838500805400
0.01841725172381
0.01844936153995
0.01848133711205
0.01851317805067
0.01854488396719
0.01857645447390
0.01860788918396
0.01863918771143
0.01867034967124
0.01870137467924
0.01873226235216
0.01876301230764
0.01879362416424
0.01882409754141
0.01885443205952
0.01888462733988
0.01891468300471
0.01894459867715
0.01897437398128
0.01900400854213
0.01903350198564
0.01906285393873
0.01909206402924
0.01912113188597
0.01915005713869
0.01917883941812
0.01920747835594
0.01923597358481
0.01926432473836
0.01929253145119
0.01932059335888
0.01934851009800
0.01937628130612
0.01940390662179
0.01943138568456
0.01945871813497
0.01948590361458
0.01951294176595
0.01953983223267
0.01956657465933
0.01959316869154
0.01961961397593
0.01964591016019
0.01967205689300
0.01969805382411
0.01972390060429
0.01974959688538
0.01977514232023
0.01980053656277
0.01982577926798
0.01985087009190
0.01987580869164
0.01990059472536
0.01992522785231
0.01994970773281
0.01997403402826
0.01999820640114
0.02002222451502
0.02004608803455
0.02006979662551
0.02009334995473
0.02011674769017
0.02013998950091
0.02016307505711
0.02018600403006
0.02020877609216
0.02023139091696
0.02025384817908
0.02027614755433
0.02029828871961
0.02032027135298
0.02034209513362
0.02036375974188
0.02038526485924
0.02040661016833
0.02042779535296
0.02044882009806
0.02046968408976
0.02049038701533
0.02051092856322
0.02053130842307
0.02055152628567
0.02057158184301
0.02059147478826
0.02061120481577
0.02063077162110
0.02065017490100
0.02066941435340
0.02068848967746
0.02070740057354
0.02072614674320
0.02074472788922
0.02076314371561
0.02078139392758
0.02079947823158
0.02081739633528
0.02083514794759
0.02085273277865
0.02087015053983
0.02088740094377
0.02090448370434
0.02092139853664
0.02093814515706
0.02095472328322
0.02097113263402
0.02098737292960
0.02100344389139
0.02101934524208
0.02103507670563
0.02105063800728
0.02106602887357
0.02108124903230
0.02109629821257
0.02111117614476
0.02112588256056
0.02114041719294
0.02115477977620
0.02116897004592
0.02118298773899
0.02119683259363
0.02121050434935
0.02122400274700
0.02123732752874
0.02125047843805
0.02126345521976
0.02127625762002
0.02128888538629
0.02130133826742
0.02131361601356
0.02132571837621
0.02133764510824
0.02134939596385
0.02136097069861
0.02137236906943
0.02138359083459
0.02139463575375
0.02140550358791
0.02141619409946
0.02142670705215
0.02143704221112
0.02144719934289
0.02145717821535
0.02146697859779
0.02147660026088
0.02148604297669
0.02149530651868
0.02150439066172
0.02151329518207
0.02152201985740
0.02153056446679
0.02153892879073
0.02154711261111
0.02155511571127
0.02156293787595
0.02157057889130
0.02157803854493
0.02158531662586
0.02159241292453
0.02159932723283
0.02160605934411
0.02161260905312
0.02161897615608
0.02162516045065
0.02163116173595
0.02163697981253
0.02164261448243
0.02164806554911
0.02165333281753
0.02165841609408
0.02166331518665
0.02166802990458
0.02167256005869
0.02167690546127
0.02168106592609
0.02168504126842
0.02168883130499
0.02169243585403
0.02169585473526
0.02169908776989
0.02170213478062
0.02170499559167
0.02170767002873
0.02171015791903
0.02171245909126
0.02171457337567
0.02171650060399
0.02171824060947
0.02171979322689
0.02172115829253
0.02172233564421
0.02172332512126
0.02172412656456
0.02172473981650
0.02172516472101
0.02172540112355
0.02172544887114
0.02172530781231
0.02172497779716
0.02172445867731
0.02172375030596
0.02172285253784
0.02172176522923
0.02172048823797
0.02171902142348
0.02171736464671
0.02171551777018
0.02171348065800
0.02171125317582
0.02170883519087
0.02170622657195
0.02170342718946
0.02170043691533
0.02169725562312
0.02169388318794
0.02169031948650
0.02168656439708
0.02168261779958
0.02167847957546
0.02167414960780
0.02166962778125
0.02166491398209
0.02166000809817
0.02165491001896
0.02164961963555
0.02164413684060
0.02163846152840
0.02163259359487
0.02162653293752
0.02162027945548
0.02161383304951
0.02160719362197
0.02160036107686
0.02159333531981
0.02158611625806
0.02157870380049
0.02157109785761
0.02156329834155
0.02155530516610
0.02154711824668
0.02153873750032
0.02153016284574
0.02152139420327
0.02151243149489
0.02150327464424
0.02149392357660
0.02148437821889
0.02147463849971
0.02146470434931
0.02145457569956
0.02144425248404
0.02143373463797
0.02142302209822
0.02141211480333
0.02140101269353
0.02138971571069
0.02137822379836
0.02136653690177
0.02135465496781
0.02134257794506
0.02133030578375
0.02131783843583
0.02130517585490
0.02129231799625
0.02127926481686
0.02126601627538
0.02125257233217
0.02123893294927
0.02122509809040
0.02121106772098
0.02119684180814
0.02118242032068
0.02116780322911
0.02115299050563
0.02113798212417
0.02112277806032
0.02110737829140
0.02109178279643
0.02107599155613
0.02106000455294
0.02104382177100
0.02102744319616
0.02101086881599
0.02099409861978
0.02097713259851
0.02095997074490
0.02094261305339
0.02092505952011
0.02090731014295
0.02088936492150
0.02087122385707
0.02085288695270
0.02083435421317
0.02081562564498
0.02079670125634
0.02077758105722
0.02075826505929
0.02073875327598
0.02071904572245
0.02069914241558
0.02067904337399
0.02065874861806
0.02063825816987
0.02061757205327
0.02059669029385
0.02057561291892
0.02055433995756
0.02053287144056
0.02051120740051
0.02048934787168
0.02046729289014
0.02044504249368
0.02042259672186
0.02039995561597
0.02037711921906
0.02035408757594
0.02033086073316
0.02030743873904
0.02028382164363
0.02026000949877
0.02023600235804
0.02021180027676
0.02018740331205
0.02016281152275
0.02013802496948
0.02011304371463
0.02008786782233
0.02006249735849
0.02003693239078
0.02001117298863
0.01998521922323
0.01995907116756
0.01993272889635
0.01990619248609
0.01987946201504
0.01985253756326
0.01982541921254
0.01979810704646
0.01977060115037
0.01974290161138
0.01971500851838
0.01968692196205
0.01965864203481
0.01963016883088
0.01960150244623
0.01957264297864
0.01954359052763
0.01951434519452
0.01948490708239
0.01945527629611
0.01942545294232
0.01939543712943
0.01936522896765
0.01933482856895
0.01930423604709
0.01927345151760
0.01924247509779
0.01921130690675
0.01917994706537
0.01914839569629
0.01911665292395
0.01908471887456
0.01905259367613
0.01902027745843
0.01898777035303
0.01895507249327
0.01892218401427
0.01888910505294
0.01885583574798
0.01882237623986
0.01878872667083
0.01875488718494
0.01872085792800
0.01868663904763
0.01865223069321
0.01861763301591
0.01858284616871
0.01854787030632
0.01851270558528
0.01847735216389
0.01844181020225
0.01840607986222
0.01837016130747
0.01833405470344
0.01829776021734
0.01826127801819
0.01822460827677
0.01818775116565
0.01815070685920
0.01811347553355
0.01807605736662
0.01803845253810
0.01800066122949
0.01796268362406
0.01792451990684
0.01788617026466
0.01784763488614
0.01780891396167
0.01777000768341
0.01773091624531
0.01769163984311
0.01765217867431
0.01761253293820
0.01757270283585
0.01753268857009
0.01749249034557
0.01745210836866
0.01741154284755
0.01737079399219
0.01732986201432
0.01728874712742
0.01724744954678
0.01720596948946
0.01716430717428
0.01712246282183
0.01708043665450
0.01703822889642
0.01699583977351
0.01695326951345
0.01691051834570
0.01686758650149
0.01682447421382
0.01678118171743
0.01673770924887
0.01669405704642
0.01665022535015
0.01660621440189
0.01656202444522
0.01651765572551
0.01647310848986
0.01642838298717
0.01638347946805
0.01633839818493
0.01629313939195
0.01624770334504
0.01620209030187
0.01615630052186
0.01611033426622
0.01606419179787
0.01601787338152
0.01597137928362
0.01592470977236
0.01587786511769
0.01583084559131
0.01578365146668
0.01573628301898
0.01568874052517
0.01564102426392
0.01559313451568
0.01554507156261
0.01549683568862
0.01544842717939
0.01539984632230
0.01535109340650
0.01530216872284
0.01525307256394
0.01520380522415
0.01515436699953
0.01510475818790
0.01505497908880
0.01500503000348
0.01495491123495
0.01490462308794
0.01485416586888
0.01480353988595
0.01475274544905
0.01470178286979
0.01465065246150
0.01459935453925
0.01454788941979
0.01449625742162
0.01444445886494
0.01439249407165
0.01434036336538
0.01428806707146
0.01423560551693
0.01418297903055
0.01413018794274
0.01407723258568
0.01402411329321
0.01397083040089
0.01391738424596
0.01386377516739
0.01381000350580
0.01375606960354
0.01370197380463
0.01364771645479
0.01359329790142
0.01353871849361
0.01348397858213
0.01342907851945
0.01337401865969
0.01331879935867
0.01326342097388
0.01320788386449
0.01315218839134
0.01309633491693
0.01304032380545
0.01298415542275
0.01292783013633
0.01287134831537
0.01281471033071
0.01275791655485
0.01270096736192
0.01264386312776
0.01258660422980
0.01252919104718
0.01247162396065
0.01241390335261
0.01235602960712
0.01229800310988
0.01223982424823
0.01218149341113
0.01212301098920
0.01206437737469
0.01200559296146
0.01194665814503
0.01188757332254
0.01182833889273
0.01176895525599
0.01170942281432
0.01164974197134
0.01158991313229
0.01152993670401
0.01146981309498
0.01140954271524
0.01134912597649
0.01128856329199
0.01122785507664
0.01116700174691
0.01110600372087
0.01104486141819
0.01098357526015
0.01092214566959
0.01086057307094
0.01079885789024
0.01073700055508
0.01067500149464
0.01061286113969
0.01055057992256
0.01048815827715
0.01042559663893
0.01036289544495
0.01030005513380
0.01023707614565
0.01017395892222
0.01011070390677
0.01004731154415
0.00998378228072
0.00992011656442
0.00985631484470
0.00979237757259
0.00972830520062
0.00966409818288
0.00959975697499
0.00953528203410
0.00947067381888
0.00940593278953
0.00934105940777
0.00927605413683
0.00921091744148
0.00914564978797
0.00908025164409
0.00901472347911
0.00894906576383
0.00888327897053
0.00881736357300
0.00875132004651
0.00868514886784
0.00861885051525
0.00855242546848
0.00848587420876
0.00841919721879
0.00835239498276
0.00828546798633
0.00821841671661
0.00815124166220
0.00808394331316
0.00801652216100
0.00794897869869
0.00788131342066
0.00781352682279
0.00774561940239
0.00767759165824
0.00760944409055
0.00754117720095
0.00747279149253
0.00740428746980
0.00733566563869
0.00726692650656
0.00719807058221
0.00712909837581
0.00706001039900
0.00699080716478
0.00692148918758
0.00685205698325
0.00678251106901
0.00671285196348
0.00664308018669
0.00657319626006
0.00650320070636
0.00643309404979
0.00636287681590
0.00629254953162
0.00622211272525
0.00615156692646
0.00608091266630
0.00601015047714
0.00593928089275
0.00586830444823
0.00579722168003
0.00572603312596
0.00565473932515
0.00558334081810
0.00551183814660
0.00544023185381
0.00536852248420
0.00529671058356
0.00522479669902
0.00515278137900
0.00508066517325
0.00500844863281
0.00493613231004
0.00486371675860
0.00479120253343
0.00471859019078
0.00464588028818
0.00457307338445
0.00450017003968
0.00442717081524
0.00435407627379
0.00428088697923
0.00420760349675
0.00413422639278
0.00406075623502
0.00398719359241
0.00391353903516
0.00383979313471
0.00376595646373
0.00369202959615
0.00361801310711
0.00354390757299
0.00346971357138
0.00339543168112
0.00332106248223
0.00324660655597
0.00317206448478
0.00309743685233
0.00302272424346
0.00294792724423
0.00287304644187
0.00279808242481
0.00272303578266
0.00264790710620
0.00257269698738
0.00249740601933
0.00242203479634
0.00234658391386
0.00227105396849
0.00219544555799
0.00211975928125
0.00204399573832
0.00196815553039
0.00189223925976
0.00181624752989
0.00174018094533
0.00166404011178
0.00158782563604
0.00151153812603
0.00143517819076
0.00135874644037
0.00128224348606
0.00120566994015
0.00112902641605
0.00105231352824
0.00097553189228
0.00089868212482
0.00082176484355
0.00074478066726
0.00066773021578
0.00059061411000
0.00051343297186
0.00043618742434
0.00035887809148
0.00028150559835
0.00020407057104
0.00012657363669
0.00004901542343
-0.00002860343955
-0.00010628232209
-0.00018402059298
-0.00026181762004
-0.00033967277007
-0.00041758540889
-0.00049555490131
-0.00057358061118
-0.00065166190136
-0.00072979813373
-0.00080798866920
-0.00088623286773
-0.00096453008831
-0.00104287968896
-0.00112128102678
-0.00119973345790
-0.00127823633752
-0.00135678901991
-0.00143539085839
-0.00151404120538
-0.00159273941236
-0.00167148482991
-0.00175027680768
-0.00182911469443
-0.00190799783802
-0.00198692558541
-0.00206589728267
-0.00214491227499
-0.00222396990667
-0.00230306952114
-0.00238221046096
-0.00246139206784
-0.00254061368260
-0.00261987464523
-0.00269917429487
-0.00277851196981
-0.00285788700749
-0.00293729874454
-0.00301674651675
-0.00309622965908
-0.00317574750567
-0.00325529938988
-0.00333488464423
-0.00341450260043
-0.00349415258944
-0.00357383394137
-0.00365354598559
-0.00373328805067
-0.00381305946441
-0.00389285955382
-0.00397268764517
-0.00405254306397
-0.00413242513495
-0.00421233318213
-0.00429226652875
-0.00437222449733
-0.00445220640966
-0.00453221158679
-0.00461223934906
-0.00469228901609
-0.00477235990679
-0.00485245133937
-0.00493256263131
-0.00501269309945
-0.00509284205989
-0.00517300882807
-0.00525319271875
-0.00533339304602
-0.00541360912329
-0.00549384026334
-0.00557408577824
-0.00565434497947
-0.00573461717783
-0.00581490168349
-0.00589519780597
-0.00597550485420
-0.00605582213645
-0.00613614896039
-0.00621648463309
-0.00629682846098
-0.00637717974993
-0.00645753780520
-0.00653790193144
-0.00661827143276
-0.00669864561266
-0.00677902377407
-0.00685940521938
-0.00693978925039
-0.00702017516837
-0.00710056227403
-0.00718094986752
-0.00726133724849
-0.00734172371604
-0.00742210856873
-0.00750249110463
-0.00758287062127
-0.00766324641569
-0.00774361778441
-0.00782398402347
-0.00790434442842
-0.00798469829431
-0.00806504491572
-0.00814538358676
-0.00822571360107
-0.00830603425182
-0.00838634483174
-0.00846664463310
-0.00854693294773
-0.00862720906702
-0.00870747228192
-0.00878772188297
-0.00886795716029
-0.00894817740357
-0.00902838190210
-0.00910856994477
-0.00918874082008
-0.00926889381611
-0.00934902822059
-0.00942914332086
-0.00950923840389
-0.00958931275626
-0.00966936566423
-0.00974939641367
-0.00982940429012
-0.00990938857877
-0.00998934856449
-0.01006928353179
-0.01014919276488
-0.01022907554764
-0.01030893116365
-0.01038875889617
-0.01046855802817
-0.01054832784231
-0.01062806762099
-0.01070777664630
-0.01078745420006
-0.01086709956384
-0.01094671201893
-0.01102629084637
-0.01110583532693
-0.01118534474116
-0.01126481836936
-0.01134425549159
-0.01142365538770
-0.01150301733731
-0.01158234061982
-0.01166162451443
-0.01174086830013
-0.01182007125573
-0.01189923265984
-0.01197835179089
-0.01205742792711
-0.01213646034661
-0.01221544832728
-0.01229439114688
-0.01237328808302
-0.01245213841316
-0.01253094141461
-0.01260969636455
-0.01268840254005
-0.01276705921804
-0.01284566567534
-0.01292422118866
-0.01300272503461
-0.01308117648971
-0.01315957483039
-0.01323791933298
-0.01331620927374
-0.01339444392888
-0.01347262257452
-0.01355074448673
-0.01362880894153
-0.01370681521489
-0.01378476258276
-0.01386265032102
-0.01394047770556
-0.01401824401223
-0.01409594851687
-0.01417359049532
-0.01425116922341
-0.01432868397697
-0.01440613403186
-0.01448351866394
-0.01456083714910
-0.01463808876328
-0.01471527278243
-0.01479238848254
-0.01486943513968
-0.01494641202996
-0.01502331842955
-0.01510015361469
-0.01517691686169
-0.01525360744696
-0.01533022464699
-0.01540676773835
-0.01548323599773
-0.01555962870193
-0.01563594512785
-0.01571218455251
-0.01578834625306
-0.01586442950681
-0.01594043359116
-0.01601635778370
-0.01609220136215
-0.01616796360440
-0.01624364378849
-0.01631924119265
-0.01639475509528
-0.01647018477497
-0.01654552951050
-0.01662078858084
-0.01669596126517
-0.01677104684289
-0.01684604459360
-0.01692095379715
-0.01699577373359
-0.01707050368322
-0.01714514292660
-0.01721969074451
-0.01729414641800
-0.01736850922840
-0.01744277845729
-0.01751695338652
-0.01759103329824
-0.01766501747487
-0.01773890519916
-0.01781269575412
-0.01788638842310
-0.01795998248975
-0.01803347723804
-0.01810687195228
-0.01818016591710
-0.01825335841749
-0.01832644873877
-0.01839943616662
-0.01847231998709
-0.01854509948658
-0.01861777395189
-0.01869034267016
-0.01876280492896
-0.01883516001624
-0.01890740722032
-0.01897954582998
-0.01905157513437
-0.01912349442307
-0.01919530298610
-0.01926700011391
-0.01933858509737
-0.01941005722782
-0.01948141579704
-0.01955266009726
-0.01962378942121
-0.01969480306205
-0.01976570031344
-0.01983648046953
-0.01990714282495
-0.01997768667484
-0.02004811131483
-0.02011841604108
-0.02018860015025
-0.02025866293953
-0.02032860370666
-0.02039842174989
-0.02046811636803
-0.02053768686044
-0.02060713252702
-0.02067645266827
-0.02074564658523
-0.02081471357953
-0.02088365295337
-0.02095246400957
-0.02102114605150
-0.02108969838319
-0.02115812030923
-0.02122641113487
-0.02129457016593
-0.02136259670892
-0.02143049007093
-0.02149824955974
-0.02156587448375
-0.02163336415203
-0.02170071787430
-0.02176793496095
-0.02183501472307
-0.02190195647239
-0.02196875952137
-0.02203542318315
-0.02210194677155
-0.02216832960112
-0.02223457098714
-0.02230067024558
-0.02236662669315
-0.02243243964729
-0.02249810842620
-0.02256363234880
-0.02262901073479
-0.02269424290461
-0.02275932817948
-0.02282426588138
-0.02288905533309
-0.02295369585815
-0.02301818678093
-0.02308252742656
-0.02314671712099
-0.02321075519101
-0.02327464096419
-0.02333837376894
-0.02340195293451
-0.02346537779098
-0.02352864766928
-0.02359176190118
-0.02365471981933
-0.02371752075723
-0.02378016404925
-0.02384264903063
-0.02390497503753
-0.02396714140696
-0.02402914747684
-0.02409099258600
-0.02415267607419
-0.02421419728204
-0.02427555555114
-0.02433675022398
-0.02439778064403
-0.02445864615564
-0.02451934610417
-0.02457987983588
-0.02464024669805
-0.02470044603887
-0.02476047720755
-0.02482033955425
-0.02488003243013
-0.02493955518735
-0.02499890717906
-0.02505808775943
-0.02511709628362
-0.02517593210783
-0.02523459458928
-0.02529308308621
-0.02535139695793
-0.02540953556475
-0.02546749826808
-0.02552528443034
-0.02558289341506
-0.02564032458681
-0.02569757731123
-0.02575465095509
-0.02581154488619
-0.02586825847346
-0.02592479108694
-0.02598114209775
-0.02603731087815
-0.02609329680151
-0.02614909924232
-0.02620471757622
-0.02626015117999
-0.02631539943153
-0.02637046170993
-0.02642533739542
-0.02648002586938
-0.02653452651440
-0.02658883871422
-0.02664296185376
-0.02669689531916
-0.02675063849773
-0.02680419077798
-0.02685755154966
-0.02691072020370
-0.02696369613228
-0.02701647872880
-0.02706906738787
-0.02712146150538
-0.02717366047843
-0.02722566370541
-0.02727747058594
-0.02732908052092
-0.02738049291250
-0.02743170716414
-0.02748272268057
-0.02753353886779
-0.02758415513313
-0.02763457088520
-0.02768478553392
-0.02773479849054
-0.02778460916761
-0.02783421697902
-0.02788362133999
-0.02793282166708
-0.02798181737819
-0.02803060789258
-0.02807919263086
-0.02812757101500
-0.02817574246835
-0.02822370641564
-0.02827146228296
-0.02831900949780
-0.02836634748905
-0.02841347568699
-0.02846039352331
-0.02850710043111
-0.02855359584491
-0.02859987920065
-0.02864594993570
-0.02869180748888
-0.02873745130043
-0.02878288081205
-0.02882809546689
-0.02887309470956
-0.02891787798613
-0.02896244474417
-0.02900679443268
-0.02905092650218
-0.02909484040467
-0.02913853559364
-0.02918201152408
-0.02922526765249
-0.02926830343689
-0.02931111833681
-0.02935371181331
-0.02939608332897
-0.02943823234792
-0.02948015833581
-0.02952186075987
-0.02956333908886
-0.02960459279311
-0.02964562134451
-0.02968642421652
-0.02972700088417
-0.02976735082410
-0.02980747351450
-0.02984736843519
-0.02988703506757
-0.02992647289464
-0.02996568140103
-0.03000466007297
-0.03004340839832
-0.03008192586658
-0.03012021196885
-0.03015826619791
-0.03019608804816
-0.03023367701565
-0.03027103259810
-0.03030815429489
-0.03034504160706
-0.03038169403733
-0.03041811109008
-0.03045429227141
-0.03049023708908
-0.03052594505256
-0.03056141567301
-0.03059664846331
-0.03063164293805
-0.03066639861352
-0.03070091500775
-0.03073519164051
-0.03076922803327
-0.03080302370927
-0.03083657819348
-0.03086989101263
-0.03090296169519
-0.03093578977142
-0.03096837477331
-0.03100071623464
-0.03103281369099
-0.03106466667968
-0.03109627473985
-0.03112763741242
-0.03115875424011
-0.03118962476745
-0.03122024854077
-0.03125062510823
-0.03128075401980
-0.03131063482727
-0.03134026708428
-0.03136965034627
-0.03139878417057
-0.03142766811632
-0.03145630174452
-0.03148468461803
-0.03151281630158
-0.03154069636175
-0.03156832436700
-0.03159569988768
-0.03162282249601
-0.03164969176609
-0.03167630727392
-0.03170266859742
-0.03172877531637
-0.03175462701250
-0.03178022326943
-0.03180556367269
-0.03183064780977
-0.03185547527005
-0.03188004564486
-0.03190435852747
-0.03192841351309
-0.03195221019888
-0.03197574818395
-0.03199902706936
-0.03202204645816
-0.03204480595535
-0.03206730516789
-0.03208954370475
-0.03211152117685
-0.03213323719712
-0.03215469138047
-0.03217588334382
-0.03219681270608
-0.03221747908817
-0.03223788211302
-0.03225802140558
-0.03227789659284
-0.03229750730377
-0.03231685316940
-0.03233593382281
-0.03235474889909
-0.03237329803539
-0.03239158087091
-0.03240959704690
-0.03242734620667
-0.03244482799558
-0.03246204206109
-0.03247898805271
-0.03249566562202
-0.03251207442271
-0.03252821411052
-0.03254408434332
-0.03255968478104
-0.03257501508573
-0.03259007492154
-0.03260486395473
-0.03261938185368
-0.03263362828886
-0.03264760293290
-0.03266130546053
-0.03267473554862
-0.03268789287618
-0.03270077712435
-0.03271338797642
-0.03272572511783
-0.03273778823617
-0.03274957702118
-0.03276109116478
-0.03277233036105
-0.03278329430621
-0.03279398269871
-0.03280439523912
-0.03281453163024
-0.03282439157702
-0.03283397478663
-0.03284328096842
-0.03285230983394
-0.03286106109695
-0.03286953447341
-0.03287772968150
-0.03288564644161
-0.03289328447634
-0.03290064351054
-0.03290772327127
-0.03291452348781
-0.03292104389171
-0.03292728421673
-0.03293324419888
-0.03293892357644
-0.03294432208990
-0.03294943948205
-0.03295427549791
-0.03295882988477
-0.03296310239220
-0.03296709277203
-0.03297080077835
-0.03297422616757
-0.03297736869834
-0.03298022813162
-0.03298280423065
-0.03298509676097
-0.03298710549042
-0.03298883018914
-0.03299027062956
-0.03299142658644
-0.03299229783685
-0.03299288416015
-0.03299318533806
-0.03299320115458
-0.03299293139608
-0.03299237585123
-0.03299153431104
-0.03299040656887
-0.03298899242041
-0.03298729166368
-0.03298530409909
-0.03298302952936
-0.03298046775958
-0.03297761859720
-0.03297448185204
-0.03297105733627
-0.03296734486443
-0.03296334425343
-0.03295905532258
-0.03295447789354
-0.03294961179035
-0.03294445683946
-0.03293901286969
-0.03293327971226
-0.03292725720078
-0.03292094517125
-0.03291434346209
-0.03290745191411
-0.03290027037053
-0.03289279867698
-0.03288503668151
-0.03287698423458
-0.03286864118908
-0.03286000740030
-0.03285108272598
-0.03284186702629
-0.03283236016381
-0.03282256200356
-0.03281247241302
-0.03280209126208
-0.03279141842311
-0.03278045377089
-0.03276919718266
-0.03275764853814
-0.03274580771946
-0.03273367461125
-0.03272124910056
-0.03270853107694
-0.03269552043239
-0.03268221706138
-0.03266862086085
-0.03265473173022
-0.03264054957139
-0.03262607428872
-0.03261130578907
-0.03259624398178
-0.03258088877870
-0.03256524009412
-0.03254929784487
-0.03253306195026
-0.03251653233209
-0.03249970891466
-0.03248259162479
-0.03246518039179
-0.03244747514749
-0.03242947582621
-0.03241118236480
-0.03239259470263
-0.03237371278156
-0.03235453654601
-0.03233506594289
-0.03231530092163
-0.03229524143422
-0.03227488743516
-0.03225423888147
-0.03223329573272
-0.03221205795100
-0.03219052550097
-0.03216869834978
-0.03214657646718
-0.03212415982541
-0.03210144839929
-0.03207844216617
-0.03205514110597
-0.03203154520115
-0.03200765443672
-0.03198346880026
-0.03195898828189
-0.03193421287431
-0.03190914257276
-0.03188377737508
-0.03185811728163
-0.03183216229538
-0.03180591242184
-0.03177936766911
-0.03175252804785
-0.03172539357130
-0.03169796425529
-0.03167024011820
-0.03164222118102
-0.03161390746731
-0.03158529900321
-0.03155639581744
-0.03152719794133
-0.03149770540878
-0.03146791825628
-0.03143783652292
-0.03140746025038
-0.03137678948293
-0.03134582426745
-0.03131456465340
-0.03128301069285
-0.03125116244048
-0.03121901995355
-0.03118658329194
-0.03115385251812
-0.03112082769719
-0.03108750889683
-0.03105389618735
-0.03101998964167
-0.03098578933530
-0.03095129534638
-0.03091650775567
-0.03088142664653
-0.03084605210494
-0.03081038421950
-0.03077442308144
-0.03073816878458
-0.03070162142539
-0.03066478110294
-0.03062764791895
-0.03059022197773
-0.03055250338624
-0.03051449225406
-0.03047618869340
-0.03043759281908
-0.03039870474857
-0.03035952460195
-0.03032005250196
-0.03028028857393
-0.03024023294586
-0.03019988574837
-0.03015924711470
-0.03011831718074
-0.03007709608501
-0.03003558396866
-0.02999378097550
-0.02995168725194
-0.02990930294706
-0.02986662821257
-0.02982366320280
-0.02978040807474
-0.02973686298803
-0.02969302810492
-0.02964890359031
-0.02960448961177
-0.02955978633948
-0.02951479394627
-0.02946951260761
-0.02942394250164
-0.02937808380910
-0.02933193671341
-0.02928550140062
-0.02923877805942
-0.02919176688116
-0.02914446805982
-0.02909688179203
-0.02904900827707
-0.02900084771687
-0.02895240031598
-0.02890366628163
-0.02885464582368
-0.02880533915464
-0.02875574648965
-0.02870586804652
-0.02865570404570
-0.02860525471027
-0.02855452026598
-0.02850350094122
-0.02845219696701
-0.02840060857703
-0.02834873600762
-0.02829657949773
-0.02824413928898
-0.02819141562564
-0.02813840875461
-0.02808511892545
-0.02803154639034
-0.02797769140414
-0.02792355422433
-0.02786913511104
-0.02781443432704
-0.02775945213775
-0.02770418881122
-0.02764864461816
-0.02759281983192
-0.02753671472848
-0.02748032958646
-0.02742366468713
-0.02736672031441
-0.02730949675482
-0.02725199429757
-0.02719421323447
-0.02713615385998
-0.02707781647121
-0.02701920136788
-0.02696030885237
-0.02690113922968
-0.02684169280744
-0.02678196989594
-0.02672197080807
-0.02666169585937
-0.02660114536800
-0.02654031965478
-0.02647921904311
-0.02641784385905
-0.02635619443129
-0.02629427109113
-0.02623207417251
-0.02616960401198
-0.02610686094873
-0.02604384532455
-0.02598055748387
-0.02591699777373
-0.02585316654379
-0.02578906414635
-0.02572469093628
-0.02566004727112
-0.02559513351097
-0.02552995001858
-0.02546449715931
-0.02539877530110
-0.02533278481455
-0.02526652607281
-0.02519999945168
-0.02513320532954
-0.02506614408739
-0.02499881610883
-0.02493122178004
-0.02486336148982
-0.02479523562957
-0.02472684459327
-0.02465818877751
-0.02458926858147
-0.02452008440690
-0.02445063665817
-0.02438092574222
-0.02431095206858
-0.02424071604937
-0.02417021809930
-0.02409945863563
-0.02402843807824
-0.02395715684955
-0.02388561537459
-0.02381381408093
-0.02374175339875
-0.02366943376077
-0.02359685560229
-0.02352401936117
-0.02345092547785
-0.02337757439531
-0.02330396655912
-0.02323010241738
-0.02315598242076
-0.02308160702248
-0.02300697667833
-0.02293209184661
-0.02285695298821
-0.02278156056654
-0.02270591504757
-0.02263001689980
-0.02255386659427
-0.02247746460456
-0.02240081140679
-0.02232390747961
-0.02224675330419
-0.02216934936423
-0.02209169614597
-0.02201379413816
-0.02193564383207
-0.02185724572149
-0.02177860030273
-0.02169970807461
-0.02162056953845
-0.02154118519810
-0.02146155555990
-0.02138168113270
-0.02130156242783
-0.02122119995915
-0.02114059424299
-0.02105974579818
-0.02097865514604
-0.02089732281038
-0.02081574931748
-0.02073393519613
-0.02065188097756
-0.02056958719551
-0.02048705438617
-0.02040428308820
-0.02032127384275
-0.02023802719341
-0.02015454368623
-0.02007082386974
-0.01998686829491
-0.01990267751516
-0.01981825208636
-0.01973359256683
-0.01964869951734
-0.01956357350108
-0.01947821508368
-0.01939262483323
-0.01930680332022
-0.01922075111758
-0.01913446880066
-0.01904795694723
-0.01896121613748
-0.01887424695401
-0.01878704998184
-0.01869962580838
-0.01861197502346
-0.01852409821931
-0.01843599599054
-0.01834766893417
-0.01825911764961
-0.01817034273864
-0.01808134480544
-0.01799212445657
-0.01790268230095
-0.01781301894989
-0.01772313501706
-0.01763303111849
-0.01754270787258
-0.01745216590009
-0.01736140582413
-0.01727042827015
-0.01717923386597
-0.01708782324173
-0.01699619702992
-0.01690435586537
-0.01681230038523
-0.01672003122898
-0.01662754903843
-0.01653485445771
-0.01644194813326
-0.01634883071383
-0.01625550285049
-0.01616196519659
-0.01606821840782
-0.01597426314212
-0.01588010005975
-0.01578572982326
-0.01569115309746
-0.01559637054946
-0.01550138284865
-0.01540619066667
-0.01531079467743
-0.01521519555713
-0.01511939398420
-0.01502339063932
-0.01492718620545
-0.01483078136778
-0.01473417681372
-0.01463737323295
-0.01454037131737
-0.01444317176110
-0.01434577526050
-0.01424818251412
-0.01415039422277
-0.01405241108943
-0.01395423381930
-0.01385586311979
-0.01375729970049
-0.01365854427319
-0.01355959755187
-0.01346046025269
-0.01336113309399
-0.01326161679628
-0.01316191208224
-0.01306201967671
-0.01296194030670
-0.01286167470137
-0.01276122359202
-0.01266058771210
-0.01255976779722
-0.01245876458510
-0.01235757881559
-0.01225621123068
-0.01215466257448
-0.01205293359320
-0.01195102503518
-0.01184893765085
-0.01174667219275
-0.01164422941551
-0.01154161007585
-0.01143881493259
-0.01133584474661
-0.01123270028087
-0.01112938230042
-0.01102589157235
-0.01092222886581
-0.01081839495203
-0.01071439060427
-0.01061021659783
-0.01050587371006
-0.01040136272034
-0.01029668441008
-0.01019183956272
-0.01008682896368
-0.00998165340045
-0.00987631366249
-0.00977081054126
-0.00966514483023
-0.00955931732486
-0.00945332882258
-0.00934718012283
-0.00924087202699
-0.00913440533842
-0.00902778086245
-0.00892099940637
-0.00881406177940
-0.00870696879273
-0.00859972125949
-0.00849231999472
-0.00838476581541
-0.00827705954047
-0.00816920199073
-0.00806119398893
-0.00795303635970
-0.00784472992959
-0.00773627552705
-0.00762767398240
-0.00751892612785
-0.00741003279749
-0.00730099482727
-0.00719181305503
-0.00708248832044
-0.00697302146504
-0.00686341333222
-0.00675366476719
-0.00664377661702
-0.00653374973061
-0.00642358495865
-0.00631328315368
-0.00620284517005
-0.00609227186389
-0.00598156409316
-0.00587072271758
-0.00575974859869
-0.00564864259978
-0.00553740558593
-0.00542603842399
-0.00531454198257
-0.00520291713203
-0.00509116474447
-0.00497928569376
-0.00486728085548
-0.00475515110695
-0.00464289732721
-0.00453052039703
-0.00441802119888
-0.00430540061693
-0.00419265953706
-0.00407979884683
-0.00396681943549
-0.00385372219397
-0.00374050801486
-0.00362717779245
-0.00351373242264
-0.00340017280302
-0.00328649983280
-0.00317271441285
-0.00305881744566
-0.00294480983536
-0.00283069248767
-0.00271646630994
-0.00260213221114
-0.00248769110182
-0.00237314389412
-0.00225849150177
-0.00214373484009
-0.00202887482595
-0.00191391237781
-0.00179884841566
-0.00168368386107
-0.00156841963713
-0.00145305666848
-0.00133759588129
-0.00122203820325
-0.00110638456356
-0.00099063589295
-0.00087479312363
-0.00075885718932
-0.00064282902522
-0.00052670956801
-0.00041049975587
-0.00029420052840
-0.00017781282671
-0.00006133759333
0.00005522422775
0.00017187169111
0.00028860384990
0.00040541975582
0.00052231845919
0.00063929900889
0.00075636045241
0.00087350183584
0.00099072220390
0.00110802059991
0.00122539606581
0.00134284764219
0.00146037436827
0.00157797528194
0.00169564941971
0.00181339581679
0.00193121350703
0.00204910152297
0.00216705889585
0.00228508465557
0.00240317783077
0.00252133744877
0.00263956253561
0.00275785211605
0.00287620521360
0.00299462085049
0.00311309804770
0.00323163582496
0.00335023320077
0.00346888919238
0.00358760281584
0.00370637308597
0.00382519901638
0.00394407961949
0.00406301390651
0.00418200088748
0.00430103957125
0.00442012896552
0.00453926807680
0.00465845591046
0.00477769147072
0.00489697376068
0.00501630178228
0.00513567453635
0.00525509102260
0.00537455023965
0.00549405118500
0.00561359285506
0.00573317424517
0.00585279434958
0.00597245216149
0.00609214667301
0.00621187687522
0.00633164175817
0.00645144031083
0.00657127152119
0.00669113437619
0.00681102786177
0.00693095096286
0.00705090266339
0.00717088194633
0.00729088779363
0.00741091918629
0.00753097510436
0.00765105452692
0.00777115643209
0.00789127979707
0.00801142359813
0.00813158681060
0.00825176840893
0.00837196736662
0.00849218265631
0.00861241324973
0.00873265811773
0.00885291623030
0.00897318655655
0.00909346806475
0.00921375972230
0.00933406049579
0.00945436935094
0.00957468525269
0.00969500716514
0.00981533405159
0.00993566487454
0.01005599859569
0.01017633417600
0.01029667057560
0.01041700675391
0.01053734166956
0.01065767428044
0.01077800354371
0.01089832841579
0.01101864785239
0.01113896080850
0.01125926623841
0.01137956309570
0.01149985033329
0.01162012690339
0.01174039175756
0.01186064384671
0.01198088212105
0.01210110553021
0.01222131302313
0.01234150354815
0.01246167605298
0.01258182948475
0.01270196278994
0.01282207491448
0.01294216480370
0.01306223140235
0.01318227365462
0.01330229050414
0.01342228089401
0.01354224376676
0.01366217806441
0.01378208272845
0.01390195669985
0.01402179891910
0.01414160832617
0.01426138386055
0.01438112446125
0.01450082906682
0.01462049661533
0.01474012604444
0.01485971629131
0.01497926629271
0.01509877498496
0.01521824130399
0.01533766418530
0.01545704256399
0.01557637537480
0.01569566155205
0.01581490002972
0.01593408974142
0.01605322962040
0.01617231859956
0.01629135561148
0.01641033958842
0.01652926946229
0.01664814416471
0.01676696262703
0.01688572378025
0.01700442655514
0.01712306988218
0.01724165269157
0.01736017391328
0.01747863247704
0.01759702731231
0.01771535734836
0.01783362151421
0.01795181873871
0.01806994795047
0.01818800807794
0.01830599804937
0.01842391679285
0.01854176323630
0.01865953630750
0.01877723493405
0.01889485804347
0.01901240456310
0.01912987342020
0.01924726354190
0.01936457385524
0.01948180328718
0.01959895076458
0.01971601521425
0.01983299556292
0.01994989073729
0.02006669966398
0.02018342126962
0.02030005448078
0.02041659822404
0.02053305142597
0.02064941301311
0.02076568191206
0.02088185704942
0.02099793735182
0.02111392174593
0.02122980915847
0.02134559851623
0.02146128874605
0.02157687877487
0.02169236752969
0.02180775393764
0.02192303692592
0.02203821542187
0.02215328835295
0.02226825464675
0.02238311323099
0.02249786303358
0.02261250298255
0.02272703200613
0.02284144903272
0.02295575299090
0.02306994280948
0.02318401741745
0.02329797574403
0.02341181671867
0.02352553927104
0.02363914233109
0.02375262482899
0.02386598569520
0.02397922386044
0.02409233825573
0.02420532781238
0.02431819146199
0.02443092813648
0.02454353676810
0.02465601628942
0.02476836563337
0.02488058373320
0.02499266952256
0.02510462193542
0.02521643990618
0.02532812236960
0.02543966826084
0.02555107651547
0.02566234606948
0.02577347585929
0.02588446482175
0.02599531189415
0.02610601601424
0.02621657612025
0.02632699115087
0.02643726004526
0.02654738174309
0.02665735518454
0.02676717931030
0.02687685306155
0.02698637538004
0.02709574520805
0.02720496148840
0.02731402316447
0.02742292918023
0.02753167848021
0.02764027000954
0.02774870271393
0.02785697553971
0.02796508743383
0.02807303734386
0.02818082421802
0.02828844700516
0.02839590465478
0.02850319611706
0.02861032034285
0.02871727628369
0.02882406289180
0.02893067912012
0.02903712392227
0.02914339625264
0.02924949506631
0.02935541931913
0.02946116796767
0.02956673996930
0.02967213428212
0.02977734986504
0.02988238567775
0.02998724068073
0.03009191383527
0.03019640410349
0.03030071044832
0.03040483183354
0.03050876722378
0.03061251558450
0.03071607588207
0.03081944708368
0.03092262815745
0.03102561807237
0.03112841579835
0.03123102030619
0.03133343056764
0.03143564555536
0.03153766424297
0.03163948560502
0.03174110861704
0.03184253225553
0.03194375549795
0.03204477732277
0.03214559670945
0.03224621263846
0.03234662409130
0.03244683005047
0.03254682949953
0.03264662142308
0.03274620480678
0.03284557863735
0.03294474190259
0.03304369359137
0.03314243269368
0.03324095820059
0.03333926910430
0.03343736439812
0.03353524307650
0.03363290413503
0.03373034657046
0.03382756938068
0.03392457156477
0.03402135212297
0.03411791005674
0.03421424436870
0.03431035406271
0.03440623814383
0.03450189561835
0.03459732549380
0.03469252677896
0.03478749848385
0.03488223961977
0.03497674919930
0.03507102623627
0.03516506974584
0.03525887874446
0.03535245224988
0.03544578928119
0.03553888885880
0.03563175000447
0.03572437174129
0.03581675309372
0.03590889308760
0.03600079075013
0.03609244510991
0.03618385519693
0.03627502004259
0.03636593867969
0.03645661014248
0.03654703346663
0.03663720768924
0.03672713184890
0.03681680498562
0.03690622614091
0.03699539435774
0.03708430868060
0.03717296815544
0.03726137182975
0.03734951875253
0.03743740797429
0.03752503854711
0.03761240952458
0.03769951996187
0.03778636891570
0.03787295544437
0.03795927860777
0.03804533746736
0.03813113108622
0.03821665852905
0.03830191886214
0.03838691115342
0.03847163447248
0.03855608789053
0.03864027048044
0.03872418131677
0.03880781947571
0.03889118403519
0.03897427407479
0.03905708867580
0.03913962692124
0.03922188789584
0.03930387068605
0.03938557438006
0.03946699806784
0.03954814084107
0.03962900179322
0.03970958001955
0.03978987461707
0.03986988468462
0.03994960932281
0.04002904763407
0.04010819872267
0.04018706169469
0.04026563565806
0.04034391972254
0.04042191299976
0.04049961460322
0.04057702364828
0.04065413925221
0.04073096053413
0.04080748661510
0.04088371661807
0.04095964966791
0.04103528489144
0.04111062141739
0.04118565837644
0.04126039490124
0.04133483012640
0.04140896318848
0.04148279322605
0.04155631937966
0.04162954079186
0.04170245660719
0.04177506597225
0.04184736803561
0.04191936194793
0.04199104686186
0.04206242193215
0.04213348631557
0.04220423917099
0.04227467965934
0.04234480694365
0.04241462018903
0.04248411856271
0.04255330123401
0.04262216737441
0.04269071615747
0.04275894675894
0.04282685835668
0.04289445013073
0.04296172126327
0.04302867093867
0.04309529834349
0.04316160266647
0.04322758309853
0.04329323883283
0.04335856906474
0.04342357299183
0.04348824981393
0.04355259873310
0.04361661895365
0.04368030968215
0.04374367012744
0.04380669950064
0.04386939701513
0.04393176188660
0.04399379333305
0.04405549057478
0.04411685283439
0.04417787933683
0.04423856930938
0.04429892198166
0.04435893658562
0.04441861235561
0.04447794852831
0.04453694434279
0.04459559904051
0.04465391186532
0.04471188206345
0.04476950888358
0.04482679157675
0.04488372939649
0.04494032159870
0.04499656744177
0.04505246618650
0.04510801709619
0.04516321943656
0.04521807247585
0.04527257548473
0.04532672773641
0.04538052850656
0.04543397707338
0.04548707271757
0.04553981472236
0.04559220237350
0.04564423495928
0.04569591177055
0.04574723210069
0.04579819524566
0.04584880050399
0.04589904717677
0.04594893456768
0.04599846198302
0.04604762873164
0.04609643412505
0.04614487747735
0.04619295810526
0.04624067532814
0.04628802846799
0.04633501684946
0.04638163979985
0.04642789664912
0.04647378672991
0.04651930937752
0.04656446392997
0.04660924972793
0.04665366611479
0.04669771243667
0.04674138804237
0.04678469228344
0.04682762451415
0.04687018409149
0.04691237037524
0.04695418272790
0.04699562051473
0.04703668310378
0.04707736986586
0.04711768017456
0.04715761340628
0.04719716894020
0.04723634615831
0.04727514444541
0.04731356318913
0.04735160177992
0.04738925961105
0.04742653607867
0.04746343058173
0.04749994252208
0.04753607130441
0.04757181633628
0.04760717702814
0.04764215279331
0.04767674304802
0.04771094721137
0.04774476470540
0.04777819495504
0.04781123738815
0.04784389143551
0.04787615653084
0.04790803211080
0.04793951761500
0.04797061248600
0.04800131616931
0.04803162811344
0.04806154776986
0.04809107459300
0.04812020804032
0.04814894757224
0.04817729265220
0.04820524274666
0.04823279732507
0.04825995585992
0.04828671782673
0.04831308270405
0.04833904997348
0.04836461911965
0.04838978963028
0.04841456099613
0.04843893271102
0.04846290427188
0.04848647517868
0.04850964493451
0.04853241304556
0.04855477902108
0.04857674237348
0.04859830261825
0.04861945927401
0.04864021186251
0.04866055990864
0.04868050294042
0.04870004048901
0.04871917208875
0.04873789727711
0.04875621559473
0.04877412658544
0.04879162979623
0.04880872477728
0.04882541108195
0.04884168826682
0.04885755589164
0.04887301351940
0.04888806071628
0.04890269705169
0.04891692209826
0.04893073543187
0.04894413663162
0.04895712527985
0.04896970096218
0.04898186326744
0.04899361178776
0.04900494611853
0.04901586585840
0.04902637060930
0.04903645997647
0.04904613356840
0.04905539099692
0.04906423187712
0.04907265582743
0.04908066246958
0.04908825142862
0.04909542233292
0.04910217481419
0.04910850850746
0.04911442305113
0.04911991808691
0.04912499325989
0.04912964821850
0.04913388261455
0.04913769610320
0.04914108834300
0.04914405899586
0.04914660772709
0.04914873420539
0.04915043810284
0.04915171909494
0.04915257686059
0.04915301108208
0.04915302144513
0.04915260763890
0.04915176935595
0.04915050629228
0.04914881814732
0.04914670462395
0.04914416542849
0.04914120027071
0.04913780886385
0.04913399092460
0.04912974617310
0.04912507433299
0.04911997513137
0.04911444829883
0.04910849356942
0.04910211068071
0.04909529937376
0.04908805939310
0.04908039048681
0.04907229240643
0.04906376490706
0.04905480774729
0.04904542068923
0.04903560349854
0.04902535594438
0.04901467779948
0.04900356884008
0.04899202884599
0.04898005760056
0.04896765489069
0.04895482050683
0.04894155424302
0.04892785589684
0.04891372526946
0.04889916216561
0.04888416639361
0.04886873776535
0.04885287609634
0.04883658120564
0.04881985291594
0.04880269105351
0.04878509544824
0.04876706593361
0.04874860234673
0.04872970452832
0.04871037232271
0.04869060557787
0.04867040414539
0.04864976788050
0.04862869664205
0.04860719029255
0.04858524869814
0.04856287172860
0.04854005925739
0.04851681116158
0.04849312732195
0.04846900762290
0.04844445195251
0.04841946020255
0.04839403226841
0.04836816804922
0.04834186744775
0.04831513037045
0.04828795672748
0.04826034643267
0.04823229940356
0.04820381556137
0.04817489483103
0.04814553714118
0.04811574242415
0.04808551061598
0.04805484165645
0.04802373548901
0.04799219206088
0.04796021132296
0.04792779322991
0.04789493774008
0.04786164481559
0.04782791442227
0.04779374652970
0.04775914111118
0.04772409814379
0.04768861760831
0.04765269948932
0.04761634377510
0.04757955045772
0.04754231953300
0.04750465100050
0.04746654486358
0.04742800112933
0.04738901980863
0.04734960091611
0.04730974447020
0.04726945049308
0.04722871901073
0.04718755005288
0.04714594365308
0.04710389984865
0.04706141868068
0.04701850019408
0.04697514443753
0.04693135146351
0.04688712132831
0.04684245409200
0.04679734981847
0.04675180857539
0.04670583043426
0.04665941547038
0.04661256376285
0.04656527539459
0.04651755045233
0.04646938902663
0.04642079121185
0.04637175710618
0.04632228681162
0.04627238043401
0.04622203808300
0.04617125987208
0.04612004591855
0.04606839634357
0.04601631127211
0.04596379083298
0.04591083515882
0.04585744438612
0.04580361865519
0.04574935811020
0.04569466289915
0.04563953317388
0.04558396909010
0.04552797080732
0.04547153848894
0.04541467230220
0.04535737241816
0.04529963901178
0.04524147226182
0.04518287235095
0.04512383946564
0.04506437379626
0.04500447553701
0.04494414488596
0.04488338204503
0.04482218722003
0.04476056062058
0.04469850246021
0.04463601295629
0.04457309233005
0.04450974080661
0.04444595861493
0.04438174598785
0.04431710316207
0.04425203037817
0.04418652788058
0.04412059591761
0.04405423474145
0.04398744460815
0.04392022577763
0.04385257851369
0.04378450308399
0.04371599976007
0.04364706881735
0.04357771053511
0.04350792519651
0.04343771308859
0.04336707450227
0.04329600973231
0.04322451907740
0.04315260284005
0.04308026132668
0.04300749484759
0.04293430371692
0.04286068825273
0.04278664877692
0.04271218561529
0.04263729909750
0.04256198955710
0.04248625733150
0.04241010276200
0.04233352619377
0.04225652797585
0.04217910846116
0.04210126800650
0.04202300697254
0.04194432572382
0.04186522462876
0.04178570405964
0.04170576439264
0.04162540600779
0.04154462928900
0.04146343462404
0.04138182240458
0.04129979302612
0.04121734688807
0.04113448439369
0.04105120595009
0.04096751196829
0.04088340286314
0.04079887905338
0.04071394096159
0.04062858901425
0.04054282364166
0.04045664527803
0.04037005436139
0.04028305133366
0.04019563664060
0.04010781073185
0.04001957406088
0.03993092708503
0.03984187026551
0.03975240406736
0.03966252895949
0.03957224541464
0.03948155390944
0.03939045492432
0.03929894894359
0.03920703645540
0.03911471795174
0.03902199392845
0.03892886488519
0.03883533132551
0.03874139375673
0.03864705269007
0.03855230864055
0.03845716212703
0.03836161367221
0.03826566380260
0.03816931304858
0.03807256194431
0.03797541102780
0.03787786084087
0.03777991192919
0.03768156484221
0.03758282013323
0.03748367835933
0.03738414008145
0.03728420586430
0.03718387627641
0.03708315189014
0.03698203328161
0.03688052103079
0.03677861572142
0.03667631794105
0.03657362828102
0.03647054733646
0.03636707570630
0.03626321399326
0.03615896280383
0.03605432274830
0.03594929444074
0.03584387849898
0.03573807554465
0.03563188620315
0.03552531110363
0.03541835087902
0.03531100616603
0.03520327760510
0.03509516584047
0.03498667152010
0.03487779529573
0.03476853782283
0.03465889976064
0.03454888177213
0.03443848452400
0.03432770868673
0.03421655493450
0.03410502394524
0.03399311640059
0.03388083298594
0.03376817439040
0.03365514130679
0.03354173443165
0.03342795446524
0.03331380211153
0.03319927807818
0.03308438307657
0.03296911782178
0.03285348303259
0.03273747943146
0.03262110774455
0.03250436870170
0.03238726303643
0.03226979148595
0.03215195479115
0.03203375369656
0.03191518895041
0.03179626130459
0.03167697151463
0.03155732033973
0.03143730854275
0.03131693689018
0.03119620615217
0.03107511710251
0.03095367051862
0.03083186718154
0.03070970787598
0.03058719339023
0.03046432451621
0.03034110204949
0.03021752678920
0.03009359953812
0.02996932110261
0.02984469229263
0.02971971392176
0.02959438680713
0.02946871176948
0.02934268963314
0.02921632122599
0.02908960737951
0.02896254892873
0.02883514671225
0.02870740157223
0.02857931435437
0.02845088590794
0.02832211708574
0.02819300874412
0.02806356174297
0.02793377694568
0.02780365521920
0.02767319743398
0.02754240446399
0.02741127718672
0.02727981648316
0.02714802323780
0.02701589833862
0.02688344267709
0.02675065714818
0.02661754265033
0.02648410008546
0.02635033035894
0.02621623437964
0.02608181305987
0.02594706731538
0.02581199806539
0.02567660623256
0.02554089274298
0.02540485852618
0.02526850451511
0.02513183164615
0.02499484085909
0.02485753309712
0.02471990930687
0.02458197043832
0.02444371744489
0.02430515128335
0.02416627291388
0.02402708330002
0.02388758340868
0.02374777421015
0.02360765667806
0.02346723178940
0.02332650052451
0.02318546386707
0.02304412280410
0.02290247832593
0.02276053142623
0.02261828310198
0.02247573435347
0.02233288618430
0.02218973960137
0.02204629561485
0.02190255523823
0.02175851948825
0.02161418938493
0.02146956595158
0.02132465021473
0.02117944320420
0.02103394595303
0.02088815949752
0.02074208487720
0.02059572313482
0.02044907531636
0.02030214247101
0.02015492565116
0.02000742591243
0.01985964431360
0.01971158191665
0.01956323978676
0.01941461899225
0.01926572060464
0.01911654569859
0.01896709535191
0.01881737064558
0.01866737266370
0.01851710249351
0.01836656122537
0.01821574995277
0.01806466977230
0.01791332178365
0.01776170708964
0.01760982679613
0.01745768201210
0.01730527384960
0.01715260342373
0.01699967185268
0.01684648025766
0.01669302976296
0.01653932149588
0.01638535658677
0.01623113616900
0.01607666137895
0.01592193335601
0.01576695324259
0.01561172218406
0.01545624132881
0.01530051182819
0.01514453483651
0.01498831151108
0.01483184301213
0.01467513050285
0.01451817514937
0.01436097812076
0.01420354058900
0.01404586372900
0.01388794871856
0.01372979673840
0.01357140897212
0.01341278660621
0.01325393083003
0.01309484283582
0.01293552381867
0.01277597497653
0.01261619751017
0.01245619262324
0.01229596152217
0.01213550541624
0.01197482551754
0.01181392304094
0.01165279920412
0.01149145522756
0.01132989233449
0.01116811175092
0.01100611470562
0.01084390243012
0.01068147615869
0.01051883712832
0.01035598657875
0.01019292575242
0.01002965589449
0.00986617825281
0.00970249407793
0.00953860462309
0.00937451114418
0.00921021489979
0.00904571715113
0.00888101916208
0.00871612219916
0.00855102753151
0.00838573643091
0.00822025017172
0.00805457003092
0.00788869728811
0.00772263322543
0.00755637912762
0.00738993628200
0.00722330597841
0.00705648950928
0.00688948816955
0.00672230325671
0.00655493607076
0.00638738791421
0.00621966009209
0.00605175391189
0.00588367068363
0.00571541171976
0.00554697833523
0.00537837184741
0.00520959357616
0.00504064484374
0.00487152697486
0.00470224129663
0.00453278913859
0.00436317183266
0.00419339071314
0.00402344711675
0.00385334238254
0.00368307785195
0.00351265486873
0.00334207477901
0.00317133893124
0.00300044867619
0.00282940536692
0.00265821035883
0.00248686500958
0.00231537067913
0.00214372872970
0.00197194052577
0.00180000743410
0.00162793082364
0.00145571206563
0.00128335253348
0.00111085360285
0.00093821665158
0.00076544305971
0.00059253420945
0.00041949148519
0.00024631627349
0.00007300996304
-0.00010042605532
-0.00027399038861
-0.00044768164176
-0.00062149841756
-0.00079543931670
-0.00096950293782
-0.00114368787744
-0.00131799273004
-0.00149241608802
-0.00166695654175
-0.00184161267956
-0.00201638308775
-0.00219126635062
-0.00236626105045
-0.00254136576752
-0.00271657908015
-0.00289189956468
-0.00306732579546
-0.00324285634494
-0.00341848978359
-0.00359422467996
-0.00377005960069
-0.00394599311050
-0.00412202377223
-0.00429815014682
-0.00447437079332
-0.00465068426896
-0.00482708912907
-0.00500358392717
-0.00518016721493
-0.00535683754220
-0.00553359345703
-0.00571043350567
-0.00588735623257
-0.00606436018043
-0.00624144389015
-0.00641860590090
-0.00659584475011
-0.00677315897345
-0.00695054710491
-0.00712800767672
-0.00730553921947
-0.00748314026202
-0.00766080933157
-0.00783854495365
-0.00801634565215
-0.00819420994930
-0.00837213636572
-0.00855012342039
-0.00872816963069
-0.00890627351242
-0.00908443357978
-0.00926264834539
-0.00944091632033
-0.00961923601412
-0.00979760593472
-0.00997602458860
-0.01015449048070
-0.01033300211444
-0.01051155799177
-0.01069015661315
-0.01086879647758
-0.01104747608259
-0.01122619392427
-0.01140494849728
-0.01158373829486
-0.01176256180882
-0.01194141752960
-0.01212030394624
-0.01229921954641
-0.01247816281640
-0.01265713224117
-0.01283612630434
-0.01301514348820
-0.01319418227370
-0.01337324114053
-0.01355231856706
-0.01373141303039
-0.01391052300634
-0.01408964696951
-0.01426878339321
-0.01444793074955
-0.01462708750942
-0.01480625214249
-0.01498542311724
-0.01516459890097
-0.01534377795981
-0.01552295875874
-0.01570213976156
-0.01588131943099
-0.01606049622858
-0.01623966861479
-0.01641883504899
-0.01659799398946
-0.01677714389340
-0.01695628321695
-0.01713541041522
-0.01731452394227
-0.01749362225113
-0.01767270379384
-0.01785176702143
-0.01803081038393
-0.01820983233043
-0.01838883130903
-0.01856780576689
-0.01874675415024
-0.01892567490438
-0.01910456647371
-0.01928342730171
-0.01946225583100
-0.01964105050331
-0.01981980975951
-0.01999853203963
-0.02017721578285
-0.02035585942756
-0.02053446141129
-0.02071302017082
-0.02089153414212
-0.02107000176039
-0.02124842146007
-0.02142679167487
-0.02160511083775
-0.02178337738094
-0.02196158973599
-0.02213974633373
-0.02231784560432
-0.02249588597724
-0.02267386588132
-0.02285178374475
-0.02302963799509
-0.02320742705926
-0.02338514936360
-0.02356280333384
-0.02374038739514
-0.02391789997209
-0.02409533948873
-0.02427270436856
-0.02444999303453
-0.02462720390911
-0.02480433541425
-0.02498138597141
-0.02515835400157
-0.02533523792526
-0.02551203616256
-0.02568874713309
-0.02586536925608
-0.02604190095033
-0.02621834063425
-0.02639468672584
-0.02657093764278
-0.02674709180235
-0.02692314762149
-0.02709910351682
-0.02727495790465
-0.02745070920096
-0.02762635582146
-0.02780189618157
-0.02797732869643
-0.02815265178096
-0.02832786384983
-0.02850296331746
-0.02867794859809
-0.02885281810574
-0.02902757025425
-0.02920220345730
-0.02937671612839
-0.02955110668088
-0.02972537352801
-0.02989951508287
-0.03007352975849
-0.03024741596777
-0.03042117212355
-0.03059479663858
-0.03076828792559
-0.03094164439725
-0.03111486446622
-0.03128794654512
-0.03146088904660
-0.03163369038331
-0.03180634896793
-0.03197886321319
-0.03215123153187
-0.03232345233680
-0.03249552404093
-0.03266744505727
-0.03283921379896
-0.03301082867926
-0.03318228811156
-0.03335359050939
-0.03352473428647
-0.03369571785668
-0.03386653963409
-0.03403719803298
-0.03420769146783
-0.03437801835338
-0.03454817710459
-0.03471816613669
-0.03488798386518
-0.03505762870585
-0.03522709907478
-0.03539639338836
-0.03556551006333
-0.03573444751673
-0.03590320416599
-0.03607177842890
-0.03624016872361
-0.03640837346868
-0.03657639108309
-0.03674421998622
-0.03691185859790
-0.03707930533840
-0.03724655862846
-0.03741361688929
-0.03758047854260
-0.03774714201060
-0.03791360571601
-0.03807986808209
-0.03824592753264
-0.03841178249204
-0.03857743138520
-0.03874287263766
-0.03890810467553
-0.03907312592555
-0.03923793481509
-0.03940252977215
-0.03956690922539
-0.03973107160414
-0.03989501533841
-0.04005873885891
-0.04022224059707
-0.04038551898502
-0.04054857245565
-0.04071139944258
-0.04087399838023
-0.04103636770376
-0.04119850584916
-0.04136041125318
-0.04152208235345
-0.04168351758839
-0.04184471539727
-0.04200567422026
-0.04216639249836
-0.04232686867349
-0.04248710118846
-0.04264708848700
-0.04280682901378
-0.04296632121440
-0.04312556353543
-0.04328455442441
-0.04344329232986
-0.04360177570132
-0.04376000298932
-0.04391797264543
-0.04407568312227
-0.04423313287350
-0.04439032035386
-0.04454724401916
-0.04470390232633
-0.04486029373339
-0.04501641669950
-0.04517226968495
-0.04532785115119
-0.04548315956082
-0.04563819337764
-0.04579295106664
-0.04594743109400
-0.04610163192715
-0.04625555203475
-0.04640918988668
-0.04656254395411
-0.04671561270949
-0.04686839462656
-0.04702088818034
-0.04717309184720
-0.04732500410483
-0.04747662343225
-0.04762794830988
-0.04777897721948
-0.04792970864420
-0.04808014106861
-0.04823027297869
-0.04838010286183
-0.04852962920689
-0.04867885050417
-0.04882776524546
-0.04897637192400
-0.04912466903456
-0.04927265507340
-0.04942032853834
-0.04956768792870
-0.04971473174538
-0.04986145849082
-0.05000786666909
-0.05015395478580
-0.05029972134820
-0.05044516486516
-0.05059028384717
-0.05073507680640
-0.05087954225666
-0.05102367871344
-0.05116748469392
-0.05131095871700
-0.05145409930328
-0.05159690497512
-0.05173937425658
-0.05188150567353
-0.05202329775359
-0.05216474902616
-0.05230585802246
-0.05244662327550
-0.05258704332015
-0.05272711669310
-0.05286684193291
-0.05300621757999
-0.05314524217666
-0.05328391426710
-0.05342223239745
-0.05356019511573
-0.05369780097193
-0.05383504851796
-0.05397193630773
-0.05410846289710
-0.05424462684394
-0.05438042670812
-0.05451586105153
-0.05465092843810
-0.05478562743379
-0.05491995660665
-0.05505391452676
-0.05518749976633
-0.05532071089966
-0.05545354650315
-0.05558600515534
-0.05571808543691
-0.05584978593071
-0.05598110522172
-0.05611204189715
-0.05624259454637
-0.05637276176098
-0.05650254213480
-0.05663193426388
-0.05676093674652
-0.05688954818328
-0.05701776717702
-0.05714559233287
-0.05727302225826
-0.05740005556294
-0.05752669085902
-0.05765292676091
-0.05777876188540
-0.05790419485165
-0.05802922428120
-0.05815384879799
-0.05827806702838
-0.05840187760114
-0.05852527914747
-0.05864827030105
-0.05877084969800
-0.05889301597693
-0.05901476777894
-0.05913610374761
-0.05925702252908
-0.05937752277199
-0.05949760312753
-0.05961726224944
-0.05973649879406
-0.05985531142027
-0.05997369878959
-0.06009165956612
-0.06020919241659
-0.06032629601036
-0.06044296901947
-0.06055921011858
-0.06067501798505
-0.06079039129893
-0.06090532874296
-0.06101982900260
-0.06113389076604
-0.06124751272421
-0.06136069357079
-0.06147343200223
-0.06158572671776
-0.06169757641940
-0.06180897981199
-0.06191993560316
-0.06203044250340
-0.06214049922603
-0.06225010448723
-0.06235925700606
-0.06246795550445
-0.06257619870723
-0.06268398534214
-0.06279131413984
-0.06289818383393
-0.06300459316096
-0.06311054086043
-0.06321602567482
-0.06332104634960
-0.06342560163322
-0.06352969027717
-0.06363331103594
-0.06373646266706
-0.06383914393113
-0.06394135359178
-0.06404309041574
-0.06414435317283
-0.06424514063594
-0.06434545158111
-0.06444528478748
-0.06454463903733
-0.06464351311611
-0.06474190581240
-0.06483981591799
-0.06493724222783
-0.06503418354008
-0.06513063865614
-0.06522660638058
-0.06532208552125
-0.06541707488924
-0.06551157329890
-0.06560557956786
-0.06569909251702
-0.06579211097060
-0.06588463375613
-0.06597665970444
-0.06606818764973
-0.06615921642952
-0.06624974488472
-0.06633977185958
-0.06642929620176
-0.06651831676232
-0.06660683239570
-0.06669484195979
-0.06678234431590
-0.06686933832880
-0.06695582286670
-0.06704179680129
-0.06712725900775
-0.06721220836473
-0.06729664375441
-0.06738056406247
-0.06746396817814
-0.06754685499417
-0.06762922340689
-0.06771107231617
-0.06779240062546
-0.06787320724182
-0.06795349107590
-0.06803325104195
-0.06811248605787
-0.06819119504517
-0.06826937692903
-0.06834703063827
-0.06842415510541
-0.06850074926663
-0.06857681206181
-0.06865234243454
-0.06872733933212
-0.06880180170559
-0.06887572850973
-0.06894911870307
-0.06902197124790
-0.06909428511030
-0.06916605926012
-0.06923729267102
-0.06930798432046
-0.06937813318975
-0.06944773826399
-0.06951679853215
-0.06958531298706
-0.06965328062541
-0.06972070044775
-0.06978757145855
-0.06985389266616
-0.06991966308286
-0.06998488172483
-0.07004954761219
-0.07011365976903
-0.07017721722337
-0.07024021900720
-0.07030266415649
-0.07036455171121
-0.07042588071533
-0.07048665021681
-0.07054685926766
-0.07060650692390
-0.07066559224561
-0.07072411429691
-0.07078207214602
-0.07083946486519
-0.07089629153078
-0.07095255122327
-0.07100824302720
-0.07106336603128
-0.07111791932831
-0.07117190201525
-0.07122531319322
-0.07127815196749
-0.07133041744751
-0.07138210874689
-0.07143322498347
-0.07148376527927
-0.07153372876053
-0.07158311455772
-0.07163192180555
-0.07168014964295
-0.07172779721315
-0.07177486366360
-0.07182134814606
-0.07186724981656
-0.07191256783545
-0.07195730136735
-0.07200144958123
-0.07204501165038
-0.07208798675242
-0.07213037406934
-0.07217217278745
-0.07221338209746
-0.07225400119446
-0.07229402927790
-0.07233346555166
-0.07237230922400
-0.07241055950763
-0.07244821561966
-0.07248527678166
-0.07252174221962
-0.07255761116401
-0.07259288284976
-0.07262755651628
-0.07266163140746
-0.07269510677170
-0.07272798186188
-0.07276025593542
-0.07279192825426
-0.07282299808487
-0.07285346469825
-0.07288332736999
-0.07291258538020
-0.07294123801360
-0.07296928455946
-0.07299672431167
-0.07302355656870
-0.07304978063363
-0.07307539581416
-0.07310040142264
-0.07312479677603
-0.07314858119594
-0.07317175400864
-0.07319431454508
-0.07321626214086
-0.07323759613627
-0.07325831587629
-0.07327842071061
-0.07329790999362
-0.07331678308443
-0.07333503934687
-0.07335267814954
-0.07336969886573
-0.07338610087353
-0.07340188355577
-0.07341704630006
-0.07343158849877
-0.07344550954909
-0.07345880885298
-0.07347148581723
-0.07348353985340
-0.07349497037793
-0.07350577681205
-0.07351595858185
-0.07352551511824
-0.07353444585703
-0.07354275023885
-0.07355042770923
-0.07355747771857
-0.07356389972216
-0.07356969318019
-0.07357485755775
-0.07357939232486
-0.07358329695644
-0.07358657093234
-0.07358921373737
-0.07359122486126
-0.07359260379871
-0.07359335004938
-0.07359346311789
-0.07359294251383
-0.07359178775181
-0.07358999835139
-0.07358757383715
-0.07358451373869
-0.07358081759061
-0.07357648493252
-0.07357151530909
-0.07356590827002
-0.07355966337003
-0.07355278016893
-0.07354525823157
-0.07353709712787
-0.07352829643283
-0.07351885572652
-0.07350877459413
-0.07349805262591
-0.07348668941724
-0.07347468456860
-0.07346203768559
-0.07344874837894
-0.07343481626451
-0.07342024096330
-0.07340502210145
-0.07338915931027
-0.07337265222622
-0.07335550049093
-0.07333770375120
-0.07331926165901
-0.07330017387154
-0.07328044005115
-0.07326005986541
-0.07323903298709
-0.07321735909420
-0.07319503786993
-0.07317206900273
-0.07314845218627
-0.07312418711946
-0.07309927350646
-0.07307371105669
-0.07304749948482
-0.07302063851079
-0.07299312785981
-0.07296496726237
-0.07293615645424
-0.07290669517649
-0.07287658317547
-0.07284582020286
-0.07281440601562
-0.07278234037605
-0.07274962305174
-0.07271625381564
-0.07268223244602
-0.07264755872646
-0.07261223244594
-0.07257625339874
-0.07253962138452
-0.07250233620829
-0.07246439768044
-0.07242580561672
-0.07238655983827
-0.07234666017159
-0.07230610644859
-0.07226489850658
-0.07222303618824
-0.07218051934168
-0.07213734782041
-0.07209352148337
-0.07204904019489
-0.07200390382475
-0.07195811224816
-0.07191166534576
-0.07186456300363
-0.07181680511329
-0.07176839157173
-0.07171932228138
-0.07166959715013
-0.07161921609135
-0.07156817902386
-0.07151648587197
-0.07146413656547
-0.07141113103962
-0.07135746923518
-0.07130315109841
-0.07124817658106
-0.07119254564038
-0.07113625823912
-0.07107931434557
-0.07102171393351
-0.07096345698224
-0.07090454347660
-0.07084497340694
-0.07078474676917
-0.07072386356471
-0.07066232380054
-0.07060012748916
-0.07053727464865
-0.07047376530263
-0.07040959948027
-0.07034477721631
-0.07027929855106
-0.07021316353037
-0.07014637220571
-0.07007892463408
-0.07001082087808
-0.06994206100591
-0.06987264509133
-0.06980257321369
-0.06973184545797
-0.06966046191470
-0.06958842268004
-0.06951572785576
-0.06944237754920
-0.06936837187337
-0.06929371094683
-0.06921839489381
-0.06914242384413
-0.06906579793324
-0.06898851730223
-0.06891058209781
-0.06883199247230
-0.06875274858370
-0.06867285059563
-0.06859229867733
-0.06851109300371
-0.06842923375532
-0.06834672111836
-0.06826355528467
-0.06817973645178
-0.06809526482284
-0.06801014060667
-0.06792436401776
-0.06783793527626
-0.06775085460799
-0.06766312224445
-0.06757473842278
-0.06748570338584
-0.06739601738212
-0.06730568066581
-0.06721469349680
-0.06712305614063
-0.06703076886855
-0.06693783195747
-0.06684424569002
-0.06675001035449
-0.06665512624490
-0.06655959366093
-0.06646341290796
-0.06636658429710
-0.06626910814511
-0.06617098477450
-0.06607221451345
-0.06597279769586
-0.06587273466133
-0.06577202575516
-0.06567067132837
-0.06556867173769
-0.06546602734556
-0.06536273852013
-0.06525880563525
-0.06515422907052
-0.06504900921122
-0.06494314644837
-0.06483664117870
-0.06472949380465
-0.06462170473440
-0.06451327438184
-0.06440420316658
-0.06429449151395
-0.06418413985501
-0.06407314862655
-0.06396151827107
-0.06384924923680
-0.06373634197770
-0.06362279695345
-0.06350861462947
-0.06339379547689
-0.06327833997258
-0.06316224859913
-0.06304552184487
-0.06292816020384
-0.06281016417583
-0.06269153426633
-0.06257227098659
-0.06245237485357
-0.06233184638997
-0.06221068612421
-0.06208889459044
-0.06196647232853
-0.06184341988411
-0.06171973780850
-0.06159542665877
-0.06147048699772
-0.06134491939385
-0.06121872442142
-0.06109190266041
-0.06096445469649
-0.06083638112111
-0.06070768253141
-0.06057835953025
-0.06044841272623
-0.06031784273368
-0.06018665017262
-0.06005483566882
-0.05992239985376
-0.05978934336463
-0.05965566684435
-0.05952137094155
-0.05938645631057
-0.05925092361149
-0.05911477351008
-0.05897800667783
-0.05884062379192
-0.05870262553529
-0.05856401259653
-0.05842478566997
-0.05828494545564
-0.05814449265928
-0.05800342799232
-0.05786175217188
-0.05771946592082
-0.05757656996764
-0.05743306504660
-0.05728895189759
-0.05714423126624
-0.05699890390384
-0.05685297056738
-0.05670643201954
-0.05655928902868
-0.05641154236883
-0.05626319281972
-0.05611424116674
-0.05596468820096
-0.05581453471913
-0.05566378152367
-0.05551242942265
-0.05536047922982
-0.05520793176460
-0.05505478785205
-0.05490104832291
-0.05474671401357
-0.05459178576606
-0.05443626442806
-0.05428015085292
-0.05412344589961
-0.05396615043276
-0.05380826532262
-0.05364979144509
-0.05349072968169
-0.05333108091958
-0.05317084605155
-0.05301002597600
-0.05284862159696
-0.05268663382408
-0.05252406357259
-0.05236091176339
-0.05219717932292
-0.05203286718329
-0.05186797628215
-0.05170250756278
-0.05153646197405
-0.05136984047040
-0.05120264401189
-0.05103487356412
-0.05086653009830
-0.05069761459119
-0.05052812802514
-0.05035807138806
-0.05018744567341
-0.05001625188023
-0.04984449101308
-0.04967216408212
-0.04949927210300
-0.04932581609695
-0.04915179709072
-0.04897721611660
-0.04880207421241
-0.04862637242149
-0.04845011179269
-0.04827329338038
-0.04809591824447
-0.04791798745032
-0.04773950206884
-0.04756046317642
-0.04738087185492
-0.04720072919172
-0.04702003627967
-0.04683879421709
-0.04665700410777
-0.04647466706099
-0.04629178419146
-0.04610835661938
-0.04592438547037
-0.04573987187551
-0.04555481697134
-0.04536922189980
-0.04518308780829
-0.04499641584963
-0.04480920718204
-0.04462146296917
-0.04443318438009
-0.04424437258926
-0.04405502877652
-0.04386515412715
-0.04367474983176
-0.04348381708638
-0.04329235709239
-0.04310037105657
-0.04290786019104
-0.04271482571326
-0.04252126884608
-0.04232719081768
-0.04213259286156
-0.04193747621657
-0.04174184212689
-0.04154569184201
-0.04134902661674
-0.04115184771119
-0.04095415639077
-0.04075595392621
-0.04055724159349
-0.04035802067390
-0.04015829245399
-0.03995805822558
-0.03975731928576
-0.03955607693687
-0.03935433248650
-0.03915208724746
-0.03894934253784
-0.03874609968091
-0.03854236000520
-0.03833812484441
-0.03813339553749
-0.03792817342857
-0.03772245986696
-0.03751625620717
-0.03730956380889
-0.03710238403698
-0.03689471826145
-0.03668656785747
-0.03647793420537
-0.03626881869061
-0.03605922270378
-0.03584914764061
-0.03563859490194
-0.03542756589371
-0.03521606202697
-0.03500408471788
-0.03479163538766
-0.03457871546262
-0.03436532637416
-0.03415146955870
-0.03393714645777
-0.03372235851790
-0.03350710719068
-0.03329139393273
-0.03307522020569
-0.03285858747621
-0.03264149721596
-0.03242395090159
-0.03220595001475
-0.03198749604207
-0.03176859047514
-0.03154923481054
-0.03132943054979
-0.03110917919934
-0.03088848227060
-0.03066734127992
-0.03044575774853
-0.03022373320261
-0.03000126917322
-0.02977836719633
-0.02955502881279
-0.02933125556831
-0.02910704901349
-0.02888241070377
-0.02865734219946
-0.02843184506568
-0.02820592087241
-0.02797957119443
-0.02775279761135
-0.02752560170755
-0.02729798507225
-0.02706994929941
-0.02684149598778
-0.02661262674089
-0.02638334316701
-0.02615364687915
-0.02592353949506
-0.02569302263722
-0.02546209793283
-0.02523076701379
-0.02499903151669
-0.02476689308282
-0.02453435335813
-0.02430141399325
-0.02406807664346
-0.02383434296870
-0.02360021463353
-0.02336569330713
-0.02313078066332
-0.02289547838051
-0.02265978814171
-0.02242371163450
-0.02218725055106
-0.02195040658812
-0.02171318144696
-0.02147557683341
-0.02123759445783
-0.02099923603510
-0.02076050328462
-0.02052139793028
-0.02028192170045
-0.02004207632802
-0.01980186355029
-0.01956128510907
-0.01932034275058
-0.01907903822549
-0.01883737328890
-0.01859534970031
-0.01835296922363
-0.01811023362716
-0.01786714468357
-0.01762370416991
-0.01737991386760
-0.01713577556236
-0.01689129104430
-0.01664646210781
-0.01640129055162
-0.01615577817875
-0.01590992679649
-0.01566373821644
-0.01541721425444
-0.01517035673059
-0.01492316746925
-0.01467564829898
-0.01442780105258
-0.01417962756705
-0.01393112968358
-0.01368230924754
-0.01343316810849
-0.01318370812013
-0.01293393114032
-0.01268383903103
-0.01243343365839
-0.01218271689260
-0.01193169060798
-0.01168035668295
-0.01142871699997
-0.01117677344558
-0.01092452791037
-0.01067198228896
-0.01041913847999
-0.01016599838612
-0.00991256391401
-0.00965883697430
-0.00940481948160
-0.00915051335449
-0.00889592051548
-0.00864104289105
-0.00838588241156
-0.00813044101132
-0.00787472062849
-0.00761872320517
-0.00736245068728
-0.00710590502462
-0.00684908817084
-0.00659200208341
-0.00633464872363
-0.00607703005659
-0.00581914805118
-0.00556100468008
-0.00530260191971
-0.00504394175026
-0.00478502615566
-0.00452585712356
-0.00426643664532
-0.00400676671599
-0.00374684933434
-0.00348668650276
-0.00322628022733
-0.00296563251778
-0.00270474538745
-0.00244362085331
-0.00218226093591
-0.00192066765943
-0.00165884305158
-0.00139678914367
-0.00113450797053
-0.00087200157053
-0.00060927198557
-0.00034632126104
-0.00008315144584
0.00018023540768
0.00044383724368
0.00070765200289
0.00097167762259
0.00123591203666
0.00150035317556
0.00176499896635
0.00202984733273
0.00229489619504
0.00256014347026
0.00282558707204
0.00309122491070
0.00335705489327
0.00362307492350
0.00388928290183
0.00415567672548
0.00442225428839
0.00468901348129
0.00495595219168
0.00522306830387
0.00549035969898
0.00575782425496
0.00602545984659
0.00629326434553
0.00656123562030
0.00682937153630
0.00709766995585
0.00736612873818
0.00763474573946
0.00790351881281
0.00817244580829
0.00844152457297
0.00871075295091
0.00898012878315
0.00924964990780
0.00951931415998
0.00978911937188
0.01005906337275
0.01032914398894
0.01059935904389
0.01086970635817
0.01114018374949
0.01141078903267
0.01168152001976
0.01195237451992
0.01222335033957
0.01249444528231
0.01276565714896
0.01303698373761
0.01330842284359
0.01357997225951
0.01385162977529
0.01412339317814
0.01439526025259
0.01466722878053
0.01493929654118
0.01521146131116
0.01548372086446
0.01575607297248
0.01602851540403
0.01630104592539
0.01657366230026
0.01684636228981
0.01711914365273
0.01739200414518
0.01766494152084
0.01793795353095
0.01821103792427
0.01848419244716
0.01875741484354
0.01903070285495
0.01930405422052
0.01957746667706
0.01985093795899
0.02012446579841
0.02039804792511
0.02067168206659
0.02094536594806
0.02121909729244
0.02149287382045
0.02176669325054
0.02204055329897
0.02231445167979
0.02258838610487
0.02286235428392
0.02313635392451
0.02341038273207
0.02368443840992
0.02395851865928
0.02423262117932
0.02450674366712
0.02478088381772
0.02505503932414
0.02532920787740
0.02560338716651
0.02587757487852
0.02615176869852
0.02642596630965
0.02670016539315
0.02697436362833
0.02724855869262
0.02752274826161
0.02779693000898
0.02807110160664
0.02834526072462
0.02861940503121
0.02889353219287
0.02916763987432
0.02944172573854
0.02971578744675
0.02998982265850
0.03026382903161
0.03053780422226
0.03081174588493
0.03108565167249
0.03135951923619
0.03163334622567
0.03190713028896
0.03218086907256
0.03245456022140
0.03272820137887
0.03300179018687
0.03327532428578
0.03354880131452
0.03382221891053
0.03409557470984
0.03436886634702
0.03464209145525
0.03491524766633
0.03518833261069
0.03546134391739
0.03573427921418
0.03600713612748
0.03627991228243
0.03655260530288
0.03682521281142
0.03709773242941
0.03737016177697
0.03764249847303
0.03791474013534
0.03818688438046
0.03845892882383
0.03873087107974
0.03900270876136
0.03927443948080
0.03954606084907
0.03981757047613
0.04008896597091
0.04036024494130
0.04063140499422
0.04090244373559
0.04117335877037
0.04144414770258
0.04171480813531
0.04198533767076
0.04225573391022
0.04252599445413
0.04279611690206
0.04306609885278
0.04333593790422
0.04360563165353
0.04387517769708
0.04414457363049
0.04441381704865
0.04468290554572
0.04495183671517
0.04522060814979
0.04548921744171
0.04575766218241
0.04602593996277
0.04629404837304
0.04656198500292
0.04682974744150
0.04709733327737
0.04736474009858
0.04763196549265
0.04789900704664
0.04816586234713
0.04843252898026
0.04869900453173
0.04896528658683
0.04923137273046
0.04949726054716
0.04976294762110
0.05002843153612
0.05029370987577
0.05055878022326
0.05082364016157
0.05108828727339
0.05135271914120
0.05161693334726
0.05188092747361
0.05214469910213
0.05240824581454
0.05267156519243
0.05293465481725
0.05319751227037
0.05346013513307
0.05372252098656
0.05398466741204
0.05424657199066
0.05450823230357
0.05476964593195
0.05503081045702
0.05529172346005
0.05555238252237
0.05581278522545
0.05607292915083
0.05633281188022
0.05659243099546
0.05685178407859
0.05711086871182
0.05736968247761
0.05762822295861
0.05788648773775
0.05814447439825
0.05840218052360
0.05865960369760
0.05891674150441
0.05917359152852
0.05943015135481
0.05968641856853
0.05994239075538
0.06019806550146
0.06045344039335
0.06070851301808
0.06096328096318
0.06121774181670
0.06147189316722
0.06172573260388
0.06197925771638
0.06223246609501
0.06248535533070
0.06273792301498
0.06299016674005
0.06324208409879
0.06349367268475
0.06374493009222
0.06399585391621
0.06424644175248
0.06449669119757
0.06474659984881
0.06499616530434
0.06524538516314
0.06549425702505
0.06574277849076
0.06599094716189
0.06623876064095
0.06648621653137
0.06673331243757
0.06698004596493
0.06722641471981
0.06747241630960
0.06771804834273
0.06796330842867
0.06820819417798
0.06845270320230
0.06869683311440
0.06894058152817
0.06918394605868
0.06942692432216
0.06966951393604
0.06991171251897
0.07015351769082
0.07039492707274
0.07063593828716
0.07087654895778
0.07111675670964
0.07135655916911
0.07159595396393
0.07183493872321
0.07207351107746
0.07231166865860
0.07254940910001
0.07278673003651
0.07302362910441
0.07326010394153
0.07349615218720
0.07373177148228
0.07396695946921
0.07420171379201
0.07443603209629
0.07466991202929
0.07490335123990
0.07513634737865
0.07536889809778
0.07560100105122
0.07583265389462
0.07606385428538
0.07629459988267
0.07652488834744
0.07675471734244
0.07698408453225
0.07721298758329
0.07744142416386
0.07766939194413
0.07789688859618
0.07812391179404
0.07835045921365
0.07857652853294
0.07880211743183
0.07902722359223
0.07925184469811
0.07947597843545
0.07969962249232
0.07992277455889
0.08014543232742
0.08036759349231
0.08058925575011
0.08081041679953
0.08103107434148
0.08125122607909
0.08147086971771
0.08169000296494
0.08190862353066
0.08212672912703
0.08234431746855
0.08256138627201
0.08277793325660
0.08299395614384
0.08320945265768
0.08342442052446
0.08363885747297
0.08385276123445
0.08406612954260
0.08427896013363
0.08449125074627
0.08470299912177
0.08491420300395
0.08512486013919
0.08533496827649
0.08554452516744
0.08575352856628
0.08596197622991
0.08616986591790
0.08637719539252
0.08658396241876
0.08679016476433
0.08699580019973
0.08720086649821
0.08740536143583
0.08760928279146
0.08781262834682
0.08801539588649
0.08821758319791
0.08841918807143
0.08862020830031
0.08882064168078
0.08902048601199
0.08921973909609
0.08941839873822
0.08961646274655
0.08981392893227
0.09001079510966
0.09020705909605
0.09040271871187
0.09059777178070
0.09079221612923
0.09098604958732
0.09117926998801
0.09137187516753
0.09156386296533
0.09175523122413
0.09194597778986
0.09213610051177
0.09232559724238
0.09251446583755
0.09270270415647
0.09289031006169
0.09307728141913
0.09326361609813
0.09344931197142
0.09363436691520
0.09381877880909
0.09400254553623
0.09418566498322
0.09436813504020
0.09454995360084
0.09473111856238
0.09491162782560
0.09509147929492
0.09527067087835
0.09544920048755
0.09562706603782
0.09580426544815
0.09598079664121
0.09615665754341
0.09633184608486
0.09650636019945
0.09668019782483
0.09685335690246
0.09702583537759
0.09719763119931
0.09736874232057
0.09753916669819
0.09770890229287
0.09787794706922
0.09804629899580
0.09821395604510
0.09838091619358
0.09854717742170
0.09871273771392
0.09887759505872
0.09904174744863
0.09920519288026
0.09936792935428
0.09952995487549
0.09969126745280
0.09985186509926
0.10001174583208
0.10017090767267
0.10032934864663
0.10048706678377
0.10064406011815
0.10080032668809
0.10095586453617
0.10111067170930
0.10126474625867
0.10141808623983
0.10157068971267
0.10172255474145
0.10187367939484
0.10202406174591
0.10217369987216
0.10232259185553
0.10247073578244
0.10261812974380
0.10276477183502
0.10291066015603
0.10305579281130
0.10320016790989
0.10334378356541
0.10348663789608
0.10362872902474
0.10377005507887
0.10391061419061
0.10405040449677
0.10418942413884
0.10432767126305
0.10446514402034
0.10460184056641
0.10473775906172
0.10487289767152
0.10500725456588
0.10514082791967
0.10527361591261
0.10540561672930
0.10553682855919
0.10566724959665
0.10579687804095
0.10592571209632
0.10605374997190
0.10618098988185
0.10630743004529
0.10643306868635
0.10655790403420
0.10668193432304
0.10680515779214
0.10692757268585
0.10704917725361
0.10716996975000
0.10728994843471
0.10740911157260
0.10752745743369
0.10764498429320
0.10776169043155
0.10787757413439
0.10799263369261
0.10810686740235
0.10822027356506
0.10833285048746
0.10844459648159
0.10855550986483
0.10866558895991
0.10877483209491
0.10888323760332
0.10899080382403
0.10909752910133
0.10920341178497
0.10930845023015
0.10941264279755
0.10951598785332
0.10961848376915
0.10972012892223
0.10982092169531
0.10992086047669
0.11001994366027
0.11011816964552
0.11021553683753
0.11031204364703
0.11040768849040
0.11050246978967
0.11059638597256
0.11068943547250
0.11078161672862
0.11087292818579
0.11096336829464
0.11105293551155
0.11114162829870
0.11122944512407
0.11131638446146
0.11140244479049
0.11148762459666
0.11157192237131
0.11165533661168
0.11173786582093
0.11181950850811
0.11190026318823
0.11198012838224
0.11205910261706
0.11213718442560
0.11221437234679
0.11229066492554
0.11236606071284
0.11244055826570
0.11251415614722
0.11258685292657
0.11265864717903
0.11272953748600
0.11279952243502
0.11286860061976
0.11293677064007
0.11300403110200
0.11307038061777
0.11313581780583
0.11320034129085
0.11326394970378
0.11332664168180
0.11338841586838
0.11344927091329
0.11350920547260
0.11356821820873
0.11362630779042
0.11368347289277
0.11373971219729
0.11379502439182
0.11384940817067
0.11390286223452
0.11395538529051
0.11400697605225
0.11405763323978
0.11410735557966
0.11415614180492
0.11420399065513
0.11425090087638
0.11429687122129
0.11434190044907
0.11438598732548
0.11442913062290
0.11447132912028
0.11451258160322
0.11455288686395
0.11459224370134
0.11463065092095
0.11466810733500
0.11470461176241
0.11474016302883
0.11477475996661
0.11480840141486
0.11484108621944
0.11487281323298
0.11490358131490
0.11493338933141
0.11496223615554
0.11499012066716
0.11501704175297
0.11504299830653
0.11506798922828
0.11509201342553
0.11511506981252
0.11513715731038
0.11515827484719
0.11517842135795
0.11519759578463
0.11521579707619
0.11523302418855
0.11524927608465
0.11526455173443
0.11527885011487
0.11529217020999
0.11530451101085
0.11531587151561
0.11532625072950
0.11533564766483
0.11534406134106
0.11535149078474
0.11535793502957
0.11536339311641
0.11536786409329
0.11537134701539
0.11537384094512
0.11537534495207
0.11537585811305
0.11537537951213
0.11537390824060
0.11537144339701
0.11536798408720
0.11536352942427
0.11535807852864
0.11535163052804
0.11534418455751
0.11533573975944
0.11532629528357
0.11531585028699
0.11530440393419
0.11529195539703
0.11527850385477
0.11526404849409
0.11524858850911
0.11523212310136
0.11521465147985
0.11519617286103
0.11517668646885
0.11515619153472
0.11513468729759
0.11511217300389
0.11508864790759
0.11506411127019
0.11503856236075
0.11501200045588
0.11498442483978
0.11495583480423
0.11492622964859
0.11489560867986
0.11486397121263
0.11483131656915
0.11479764407931
0.11476295308064
0.11472724291835
0.11469051294534
0.11465276252217
0.11461399101715
0.11457419780625
0.11453338227322
0.11449154380950
0.11444868181431
0.11440479569461
0.11435988486515
0.11431394874844
0.11426698677479
0.11421899838233
0.11416998301698
0.11411994013250
0.11406886919049
0.11401676966038
0.11396364101948
0.11390948275294
0.11385429435383
0.11379807532307
0.11374082516950
0.11368254340988
0.11362322956886
0.11356288317905
0.11350150378100
0.11343909092321
0.11337564416212
0.11331116306217
0.11324564719578
0.11317909614335
0.11311150949329
0.11304288684203
0.11297322779401
0.11290253196171
0.11283079896565
0.11275802843441
0.11268422000461
0.11260937332098
0.11253348803629
0.11245656381142
0.11237860031535
0.11229959722517
0.11221955422609
0.11213847101143
0.11205634728269
0.11197318274946
0.11188897712954
0.11180373014885
0.11171744154151
0.11163011104982
0.11154173842427
0.11145232342354
0.11136186581453
0.11127036537237
0.11117782188038
0.11108423513016
0.11098960492152
0.11089393106254
0.11079721336955
0.11069945166717
0.11060064578827
0.11050079557403
0.11039990087391
0.11029796154567
0.11019497745540
0.11009094847749
0.10998587449466
0.10987975539797
0.10977259108683
0.10966438146897
0.10955512646052
0.10944482598595
0.10933347997810
0.10922108837820
0.10910765113589
0.10899316820916
0.10887763956443
0.10876106517655
0.10864344502876
0.10852477911272
0.10840506742855
0.10828430998480
0.10816250679846
0.10803965789497
0.10791576330825
0.10779082308068
0.10766483726310
0.10753780591485
0.10740972910376
0.10728060690613
0.10715043940680
0.10701922669908
0.10688696888483
0.10675366607439
0.10661931838668
0.10648392594910
0.10634748889762
0.10621000737676
0.10607148153957
0.10593191154769
0.10579129757130
0.10564963978915
0.10550693838858
0.10536319356550
0.10521840552442
0.10507257447844
0.10492570064925
0.10477778426716
0.10462882557107
0.10447882480852
0.10432778223565
0.10417569811724
0.10402257272671
0.10386840634609
0.10371319926607
0.10355695178599
0.10339966421384
0.10324133686627
0.10308197006857
0.10292156415473
0.10276011946739
0.10259763635788
0.10243411518620
0.10226955632105
0.10210396013980
0.10193732702854
0.10176965738204
0.10160095160378
0.10143121010596
0.10126043330947
0.10108862164393
0.10091577554768
0.10074189546778
0.10056698186003
0.10039103518896
0.10021405592781
0.10003604455861
0.09985700157208
0.09967692746773
0.09949582275380
0.09931368794729
0.09913052357397
0.09894633016834
0.09876110827370
0.09857485844209
0.09838758123436
0.09819927722009
0.09800994697766
0.09781959109423
0.09762821016576
0.09743580479696
0.09724237560135
0.09704792320126
0.09685244822778
0.09665595132083
0.09645843312910
0.09625989431012
0.09606033553018
0.09585975746442
0.09565816079677
0.09545554621997
0.09525191443558
0.09504726615398
0.09484160209437
0.09463492298476
0.09442722956198
0.09421852257171
0.09400880276843
0.09379807091546
0.09358632778496
0.09337357415790
0.09315981082409
0.09294503858219
0.09272925823967
0.09251247061287
0.09229467652693
0.09207587681587
0.09185607232251
0.09163526389856
0.09141345240453
0.09119063870979
0.09096682369257
0.09074200823992
0.09051619324776
0.09028937962084
0.09006156827277
0.08983276012600
0.08960295611184
0.08937215717043
0.08914036425079
0.08890757831077
0.08867380031706
0.08843903124524
0.08820327207969
0.08796652381368
0.08772878744933
0.08749006399757
0.08725035447824
0.08700965991999
0.08676798136032
0.08652531984561
0.08628167643106
0.08603705218073
0.08579144816752
0.08554486547321
0.08529730518838
0.08504876841250
0.08479925625385
0.08454876982958
0.08429731026567
0.08404487869694
0.08379147626708
0.08353710412859
0.08328176344281
0.08302545537994
0.08276818111901
0.08250994184786
0.08225073876321
0.08199057307057
0.08172944598430
0.08146735872759
0.08120431253245
0.08094030863973
0.08067534829909
0.08040943276901
0.08014256331680
0.07987474121859
0.07960596775932
0.07933624423273
0.07906557194139
0.07879395219667
0.07852138631876
0.07824787563664
0.07797342148809
0.07769802521970
0.07742168818684
0.07714441175369
0.07686619729321
0.07658704618716
0.07630695982607
0.07602593960926
0.07574398694483
0.07546110324964
0.07517728994935
0.07489254847836
0.07460688027986
0.07432028680579
0.07403276951685
0.07374432988249
0.07345496938093
0.07316468949911
0.07287349173275
0.07258137758627
0.07228834857286
0.07199440621442
0.07169955204160
0.07140378759375
0.07110711441896
0.07080953407402
0.07051104812446
0.07021165814448
0.06991136571701
0.06961017243366
0.06930807989475
0.06900508970929
0.06870120349496
0.06839642287812
0.06809074949383
0.06778418498579
0.06747673100639
0.06716838921665
0.06685916128628
0.06654904889362
0.06623805372565
0.06592617747800
0.06561342185494
0.06529978856935
0.06498527934275
0.06466989590526
0.06435363999564
0.06403651336122
0.06371851775796
0.06339965495041
0.06307992671168
0.06275933482351
0.06243788107618
0.06211556726855
0.06179239520804
0.06146836671066
0.06114348360092
0.06081774771191
0.06049116088526
0.06016372497111
0.05983544182815
0.05950631332358
0.05917634133309
0.05884552774092
0.05851387443978
0.05818138333088
0.05784805632390
0.05751389533702
0.05717890229688
0.05684307913858
0.05650642780569
0.05616895025022
0.05583064843262
0.05549152432177
0.05515157989499
0.05481081713801
0.05446923804498
0.05412684461844
0.05378363886933
0.05343962281700
0.05309479848914
0.05274916792184
0.05240273315955
0.05205549625508
0.05170745926958
0.05135862427253
0.05100899334176
0.05065856856342
0.05030735203197
0.04995534585016
0.04960255212907
0.04924897298805
0.04889461055472
0.04853946696499
0.04818354436302
0.04782684490124
0.04746937074030
0.04711112404910
0.04675210700477
0.04639232179264
0.04603177060627
0.04567045564740
0.04530837912596
0.04494554326007
0.04458195027602
0.04421760240825
0.04385250189936
0.04348665100008
0.04312005196928
0.04275270707396
0.04238461858920
0.04201578879823
0.04164621999232
0.04127591447085
0.04090487454127
0.04053310251910
0.04016060072787
0.03978737149920
0.03941341717271
0.03903874009604
0.03866334262486
0.03828722712280
0.03791039596153
0.03753285152064
0.03715459618773
0.03677563235832
0.03639596243591
0.03601558883190
0.03563451396563
0.03525274026434
0.03487027016318
0.03448710610519
0.03410325054126
0.03371870593017
0.03333347473856
0.03294755944089
0.03256096251946
0.03217368646438
0.03178573377359
0.03139710695281
0.03100780851553
0.03061784098304
0.03022720688436
0.02983590875629
0.02944394914333
0.02905133059772
0.02865805567942
0.02826412695608
0.02786954700302
0.02747431840325
0.02707844374745
0.02668192563392
0.02628476666862
0.02588696946513
0.02548853664462
0.02508947083589
0.02468977467529
0.02428945080677
0.02388850188181
0.02348693055947
0.02308473950630
0.02268193139641
0.02227850891139
0.02187447474033
0.02146983157979
0.02106458213382
0.02065872911388
0.02025227523891
0.01984522323525
0.01943757583666
0.01902933578429
0.01862050582668
0.01821108871973
0.01780108722671
0.01739050411821
0.01697934217217
0.01656760417382
0.01615529291570
0.01574241119764
0.01532896182673
0.01491494761731
0.01450037139098
0.01408523597655
0.01366954421005
0.01325329893470
0.01283650300090
0.01241915926624
0.01200127059543
0.01158283986033
0.01116386993994
0.01074436372034
0.01032432409473
0.00990375396336
0.00948265623356
0.00906103381969
0.00863888964317
0.00821622663241
0.00779304772283
0.00736935585683
0.00694515398379
0.00652044506004
0.00609523204883
0.00566951792035
0.00524330565171
0.00481659822687
0.00438939863671
0.00396170987893
0.00353353495809
0.00310487688559
0.00267573867960
0.00224612336513
0.00181603397393
0.00138547354454
0.00095444512222
0.00052295175898
0.00009099651352
-0.00034141754875
-0.00077428735575
-0.00120760982873
-0.00164138188230
-0.00207560042445
-0.00251026235655
-0.00294536457337
-0.00338090396312
-0.00381687740744
-0.00425328178142
-0.00469011395365
-0.00512737078619
-0.00556504913461
-0.00600314584802
-0.00644165776905
-0.00688058173393
-0.00731991457243
-0.00775965310794
-0.00819979415745
-0.00864033453161
-0.00908127103468
-0.00952260046461
-0.00996431961305
-0.01040642526532
-0.01084891420048
-0.01129178319134
-0.01173502900446
-0.01217864840016
-0.01262263813257
-0.01306699494964
-0.01351171559313
-0.01395679679867
-0.01440223529575
-0.01484802780773
-0.01529417105191
-0.01574066173949
-0.01618749657561
-0.01663467225938
-0.01708218548389
-0.01753003293622
-0.01797821129749
-0.01842671724284
-0.01887554744145
-0.01932469855661
-0.01977416724567
-0.02022395016013
-0.02067404394559
-0.02112444524181
-0.02157515068274
-0.02202615689649
-0.02247746050540
-0.02292905812605
-0.02338094636923
-0.02383312184004
-0.02428558113785
-0.02473832085634
-0.02519133758352
-0.02564462790173
-0.02609818838772
-0.02655201561258
-0.02700610614184
-0.02746045653545
-0.02791506334779
-0.02836992312774
-0.02882503241864
-0.02928038775836
-0.02973598567928
-0.03019182270835
-0.03064789536706
-0.03110420017152
-0.03156073363244
-0.03201749225516
-0.03247447253967
-0.03293167098063
-0.03338908406741
-0.03384670828407
-0.03430454010942
-0.03476257601703
-0.03522081247524
-0.03567924594718
-0.03613787289081
-0.03659668975894
-0.03705569299921
-0.03751487905416
-0.03797424436125
-0.03843378535284
-0.03889349845625
-0.03935338009375
-0.03981342668262
-0.04027363463515
-0.04073400035865
-0.04119452025548
-0.04165519072310
-0.04211600815403
-0.04257696893595
-0.04303806945165
-0.04349930607909
-0.04396067519143
-0.04442217315701
-0.04488379633942
-0.04534554109749
-0.04580740378532
-0.04626938075231
-0.04673146834318
-0.04719366289799
-0.04765596075214
-0.04811835823645
-0.04858085167710
-0.04904343739575
-0.04950611170946
-0.04996887093080
-0.05043171136783
-0.05089462932410
-0.05135762109875
-0.05182068298644
-0.05228381127743
-0.05274700225761
-0.05321025220847
-0.05367355740717
-0.05413691412655
-0.05460031863515
-0.05506376719724
-0.05552725607281
-0.05599078151766
-0.05645433978335
-0.05691792711727
-0.05738153976265
-0.05784517395858
-0.05830882594004
-0.05877249193793
-0.05923616817905
-0.05969985088618
-0.06016353627809
-0.06062722056953
-0.06109089997129
-0.06155457069021
-0.06201822892921
-0.06248187088728
-0.06294549275957
-0.06340909073736
-0.06387266100809
-0.06433619975541
-0.06479970315917
-0.06526316739547
-0.06572658863669
-0.06618996305147
-0.06665328680479
-0.06711655605794
-0.06757976696861
-0.06804291569084
-0.06850599837509
-0.06896901116827
-0.06943195021374
-0.06989481165134
-0.07035759161741
-0.07082028624483
-0.07128289166305
-0.07174540399809
-0.07220781937257
-0.07267013390574
-0.07313234371351
-0.07359444490848
-0.07405643359995
-0.07451830589393
-0.07498005789320
-0.07544168569733
-0.07590318540267
-0.07636455310241
-0.07682578488660
-0.07728687684216
-0.07774782505291
-0.07820862559962
-0.07866927456000
-0.07912976800872
-0.07959010201748
-0.08005027265502
-0.08051027598710
-0.08097010807658
-0.08142976498342
-0.08188924276473
-0.08234853747475
-0.08280764516490
-0.08326656188385
-0.08372528367744
-0.08418380658882
-0.08464212665841
-0.08510023992391
-0.08555814242040
-0.08601583018029
-0.08647329923340
-0.08693054560693
-0.08738756532554
-0.08784435441137
-0.08830090888401
-0.08875722476060
-0.08921329805581
-0.08966912478186
-0.09012470094859
-0.09058002256346
-0.09103508563155
-0.09148988615563
-0.09194442013617
-0.09239868357136
-0.09285267245713
-0.09330638278721
-0.09375981055310
-0.09421295174417
-0.09466580234761
-0.09511835834851
-0.09557061572986
-0.09602257047260
-0.09647421855560
-0.09692555595575
-0.09737657864793
-0.09782728260508
-0.09827766379820
-0.09872771819638
-0.09917744176683
-0.09962683047490
-0.10007588028414
-0.10052458715628
-0.10097294705127
-0.10142095592733
-0.10186860974096
-0.10231590444696
-0.10276283599846
-0.10320940034697
-0.10365559344236
-0.10410141123295
-0.10454684966547
-0.10499190468514
-0.10543657223567
-0.10588084825929
-0.10632472869678
-0.10676820948749
-0.10721128656941
-0.10765395587911
-0.10809621335185
-0.10853805492158
-0.10897947652095
-0.10942047408136
-0.10986104353295
-0.11030118080470
-0.11074088182438
-0.11118014251863
-0.11161895881293
-0.11205732663172
-0.11249524189833
-0.11293270053506
-0.11336969846320
-0.11380623160306
-0.11424229587398
-0.11467788719438
-0.11511300148177
-0.11554763465279
-0.11598178262323
-0.11641544130806
-0.11684860662144
-0.11728127447681
-0.11771344078683
-0.11814510146346
-0.11857625241800
-0.11900688956107
-0.11943700880269
-0.11986660605225
-0.12029567721859
-0.12072421821001
-0.12115222493428
-0.12157969329871
-0.12200661921012
-0.12243299857492
-0.12285882729911
-0.12328410128831
-0.12370881644781
-0.12413296868256
-0.12455655389724
-0.12497956799624
-0.12540200688375
-0.12582386646373
-0.12624514263996
-0.12666583131609
-0.12708592839562
-0.12750542978198
-0.12792433137852
-0.12834262908855
-0.12876031881540
-0.12917739646237
-0.12959385793285
-0.13000969913028
-0.13042491595822
-0.13083950432034
-0.13125346012050
-0.13166677926273
-0.13207945765127
-0.13249149119062
-0.13290287578555
-0.13331360734112
-0.13372368176275
-0.13413309495618
-0.13454184282757
-0.13494992128348
-0.13535732623091
-0.13576405357734
-0.13617009923075
-0.13657545909965
-0.13698012909311
-0.13738410512079
-0.13778738309295
-0.13818995892050
-0.13859182851503
-0.13899298778883
-0.13939343265492
-0.13979315902705
-0.14019216281981
-0.14059043994856
-0.14098798632951
-0.14138479787977
-0.14178087051733
-0.14217620016110
-0.14257078273098
-0.14296461414782
-0.14335769033352
-0.14375000721100
-0.14414156070427
-0.14453234673842
-0.14492236123970
-0.14531160013549
-0.14570005935439
-0.14608773482620
-0.14647462248195
-0.14686071825396
-0.14724601807588
-0.14763051788263
-0.14801421361056
-0.14839710119735
-0.14877917658214
-0.14916043570550
-0.14954087450948
-0.14992048893763
-0.15029927493504
-0.15067722844835
-0.15105434542582
-0.15143062181730
-0.15180605357430
-0.15218063665001
-0.15255436699934
-0.15292724057891
-0.15329925334712
-0.15367040126416
-0.15404068029204
-0.15441008639463
-0.15477861553767
-0.15514626368883
-0.15551302681768
-0.15587890089579
-0.15624388189672
-0.15660796579605
-0.15697114857140
-0.15733342620251
-0.15769479467118
-0.15805524996141
-0.15841478805931
-0.15877340495323
-0.15913109663374
-0.15948785909365
-0.15984368832807
-0.16019858033441
-0.16055253111245
-0.16090553666432
-0.16125759299454
-0.16160869611009
-0.16195884202039
-0.16230802673736
-0.16265624627541
-0.16300349665153
-0.16334977388525
-0.16369507399874
-0.16403939301678
-0.16438272696681
-0.16472507187897
-0.16506642378611
-0.16540677872383
-0.16574613273052
-0.16608448184735
-0.16642182211835
-0.16675814959040
-0.16709346031328
-0.16742775033968
-0.16776101572525
-0.16809325252861
-0.16842445681141
-0.16875462463831
-0.16908375207705
-0.16941183519847
-0.16973887007650
-0.17006485278828
-0.17038977941408
-0.17071364603740
-0.17103644874499
-0.17135818362684
-0.17167884677626
-0.17199843428988
-0.17231694226769
-0.17263436681303
-0.17295070403270
-0.17326595003692
-0.17358010093935
-0.17389315285721
-0.17420510191119
-0.17451594422556
-0.17482567592818
-0.17513429315051
-0.17544179202767
-0.17574816869842
-0.17605341930525
-0.17635753999437
-0.17666052691573
-0.17696237622308
-0.17726308407400
-0.17756264662988
-0.17786106005600
-0.17815832052154
-0.17845442419960
-0.17874936726725
-0.17904314590554
-0.17933575629953
-0.17962719463833
-0.17991745711512
-0.18020653992718
-0.18049443927592
-0.18078115136690
-0.18106667240988
-0.18135099861882
-0.18163412621194
-0.18191605141171
-0.18219677044492
-0.18247627954267
-0.18275457494044
-0.18303165287807
-0.18330750959983
-0.18358214135443
-0.18385554439505
-0.18412771497936
-0.18439864936957
-0.18466834383244
-0.18493679463932
-0.18520399806616
-0.18546995039356
-0.18573464790678
-0.18599808689579
-0.18626026365527
-0.18652117448467
-0.18678081568822
-0.18703918357494
-0.18729627445871
-0.18755208465826
-0.18780661049723
-0.18805984830418
-0.18831179441260
-0.18856244516100
-0.18881179689284
-0.18905984595667
-0.18930658870607
-0.18955202149972
-0.18979614070143
-0.19003894268013
-0.19028042380995
-0.19052058047020
-0.19075940904546
-0.19099690592552
-0.19123306750549
-0.19146789018578
-0.19170137037214
-0.19193350447571
-0.19216428891300
-0.19239372010596
-0.19262179448199
-0.19284850847398
-0.19307385852031
-0.19329784106492
-0.19352045255729
-0.19374168945250
-0.19396154821127
-0.19418002529992
-0.19439711719050
-0.19461282036071
-0.19482713129402
-0.19504004647964
-0.19525156241254
-0.19546167559356
-0.19567038252932
-0.19587767973234
-0.19608356372102
-0.19628803101968
-0.19649107815861
-0.19669270167405
-0.19689289810826
-0.19709166400951
-0.19728899593214
-0.19748489043658
-0.19767934408937
-0.19787235346318
-0.19806391513685
-0.19825402569540
-0.19844268173011
-0.19862987983845
-0.19881561662422
-0.19899988869747
-0.19918269267462
-0.19936402517842
-0.19954388283801
-0.19972226228893
-0.19989916017316
-0.20007457313916
-0.20024849784184
-0.20042093094266
-0.20059186910961
-0.20076130901724
-0.20092924734671
-0.20109568078578
-0.20126060602889
-0.20142401977713
-0.20158591873830
-0.20174629962693
-0.20190515916429
-0.20206249407846
-0.20221830110429
-0.20237257698350
-0.20252531846464
-0.20267652230316
-0.20282618526142
-0.20297430410872
-0.20312087562132
-0.20326589658248
-0.20340936378247
-0.20355127401859
-0.20369162409524
-0.20383041082388
-0.20396763102312
-0.20410328151869
-0.20423735914353
-0.20436986073773
-0.20450078314865
-0.20463012323086
-0.20475787784625
-0.20488404386396
-0.20500861816050
-0.20513159761972
-0.20525297913283
-0.20537275959848
-0.20549093592271
-0.20560750501904
-0.20572246380847
-0.20583580921949
-0.20594753818814
-0.20605764765800
-0.20616613458025
-0.20627299591366
-0.20637822862464
-0.20648182968725
-0.20658379608325
-0.20668412480210
-0.20678281284098
-0.20687985720484
-0.20697525490642
-0.20706900296624
-0.20716109841269
-0.20725153828199
-0.20734031961825
-0.20742743947349
-0.20751289490766
-0.20759668298867
-0.20767880079241
-0.20775924540277
-0.20783801391167
-0.20791510341910
-0.20799051103311
-0.20806423386987
-0.20813626905367
-0.20820661371695
-0.20827526500033
-0.20834222005264
-0.20840747603092
-0.20847103010047
-0.20853287943487
-0.20859302121598
-0.20865145263399
-0.20870817088744
-0.20876317318325
-0.20881645673670
-0.20886801877152
-0.20891785651988
-0.20896596722239
-0.20901234812817
-0.20905699649486
-0.20909990958862
-0.20914108468416
-0.20918051906481
-0.20921821002248
-0.20925415485771
-0.20928835087971
-0.20932079540635
-0.20935148576421
-0.20938041928861
-0.20940759332358
-0.20943300522195
-0.20945665234533
-0.20947853206416
-0.20949864175771
-0.20951697881411
-0.20953354063039
-0.20954832461246
-0.20956132817520
-0.20957254874241
-0.20958198374689
-0.20958963063042
-0.20959548684383
-0.20959954984697
-0.20960181710877
-0.20960228610723
-0.20960095432950
-0.20959781927183
-0.20959287843965
-0.20958612934755
-0.20957756951934
-0.20956719648804
-0.20955500779592
-0.20954100099453
-0.20952517364469
-0.20950752331654
-0.20948804758958
-0.20946674405261
-0.20944361030386
-0.20941864395094
-0.20939184261088
-0.20936320391014
-0.20933272548468
-0.20930040497992
-0.20926624005078
-0.20923022836174
-0.20919236758680
-0.20915265540954
-0.20911108952316
-0.20906766763043
-0.20902238744380
-0.20897524668533
-0.20892624308680
-0.20887537438967
-0.20882263834512
-0.20876803271407
-0.20871155526720
-0.20865320378499
-0.20859297605769
-0.20853086988541
-0.20846688307809
-0.20840101345552
-0.20833325884739
-0.20826361709330
-0.20819208604278
-0.20811866355528
-0.20804334750025
-0.20796613575710
-0.20788702621527
-0.20780601677421
-0.20772310534344
-0.20763828984251
-0.20755156820110
-0.20746293835897
-0.20737239826602
-0.20727994588229
-0.20718557917799
-0.20708929613351
-0.20699109473946
-0.20689097299667
-0.20678892891621
-0.20668496051941
-0.20657906583791
-0.20647124291361
-0.20636148979877
-0.20624980455599
-0.20613618525819
-0.20602062998873
-0.20590313684131
-0.20578370392010
-0.20566232933966
-0.20553901122504
-0.20541374771175
-0.20528653694580
-0.20515737708369
-0.20502626629247
-0.20489320274974
-0.20475818464365
-0.20462121017296
-0.20448227754701
-0.20434138498577
-0.20419853071986
-0.20405371299054
-0.20390693004976
-0.20375818016016
-0.20360746159509
-0.20345477263863
-0.20330011158561
-0.20314347674163
-0.20298486642306
-0.20282427895709
-0.20266171268171
-0.20249716594576
-0.20233063710891
-0.20216212454174
-0.20199162662568
-0.20181914175308
-0.20164466832722
-0.20146820476231
-0.20128974948352
-0.20110930092698
-0.20092685753984
-0.20074241778023
-0.20055598011732
-0.20036754303130
-0.20017710501345
-0.19998466456609
-0.19979022020264
-0.19959377044765
-0.19939531383677
-0.19919484891679
-0.19899237424566
-0.19878788839251
-0.19858138993764
-0.19837287747256
-0.19816234960002
-0.19794980493398
-0.19773524209966
-0.19751865973355
-0.19730005648343
-0.19707943100836
-0.19685678197872
-0.19663210807624
-0.19640540799397
-0.19617668043633
-0.19594592411911
-0.19571313776951
-0.19547832012612
-0.19524146993895
-0.19500258596945
-0.19476166699052
-0.19451871178653
-0.19427371915333
-0.19402668789826
-0.19377761684018
-0.19352650480946
-0.19327335064802
-0.19301815320933
-0.19276091135844
-0.19250162397196
-0.19224028993812
-0.19197690815673
-0.19171147753926
-0.19144399700880
-0.19117446550009
-0.19090288195955
-0.19062924534527
-0.19035355462703
-0.19007580878633
-0.18979600681638
-0.18951414772214
-0.18923023052030
-0.18894425423933
-0.18865621791946
-0.18836612061271
-0.18807396138291
-0.18777973930570
-0.18748345346854
-0.18718510297075
-0.18688468692348
-0.18658220444975
-0.18627765468448
-0.18597103677447
-0.18566234987840
-0.18535159316689
-0.18503876582250
-0.18472386703971
-0.18440689602495
-0.18408785199664
-0.18376673418515
-0.18344354183285
-0.18311827419413
-0.18279093053537
-0.18246151013497
-0.18213001228340
-0.18179643628314
-0.18146078144877
-0.18112304710690
-0.18078323259625
-0.18044133726764
-0.18009736048397
-0.17975130162028
-0.17940316006372
-0.17905293521360
-0.17870062648136
-0.17834623329061
-0.17798975507715
-0.17763119128892
-0.17727054138610
-0.17690780484104
-0.17654298113832
-0.17617606977474
-0.17580707025934
-0.17543598211341
-0.17506280487047
-0.17468753807635
-0.17431018128911
-0.17393073407913
-0.17354919602906
-0.17316556673388
-0.17277984580087
-0.17239203284964
-0.17200212751214
-0.17161012943264
-0.17121603826781
-0.17081985368663
-0.17042157537049
-0.17002120301314
-0.16961873632074
-0.16921417501183
-0.16880751881738
-0.16839876748076
-0.16798792075776
-0.16757497841664
-0.16715994023806
-0.16674280601517
-0.16632357555355
-0.16590224867126
-0.16547882519886
-0.16505330497936
-0.16462568786829
-0.16419597373367
-0.16376416245603
-0.16333025392841
-0.16289424805641
-0.16245614475812
-0.16201594396420
-0.16157364561786
-0.16112924967483
-0.16068275610345
-0.16023416488461
-0.15978347601178
-0.15933068949101
-0.15887580534095
-0.15841882359286
-0.15795974429058
-0.15749856749059
-0.15703529326198
-0.15656992168646
-0.15610245285839
-0.15563288688476
-0.15516122388521
-0.15468746399203
-0.15421160735017
-0.15373365411726
-0.15325360446357
-0.15277145857209
-0.15228721663846
-0.15180087887103
-0.15131244549083
-0.15082191673161
-0.15032929283981
-0.14983457407459
-0.14933776070784
-0.14883885302416
-0.14833785132087
-0.14783475590805
-0.14732956710850
-0.14682228525778
-0.14631291070417
-0.14580144380875
-0.14528788494532
-0.14477223450046
-0.14425449287352
-0.14373466047662
-0.14321273773466
-0.14268872508532
-0.14216262297908
-0.14163443187918
-0.14110415226168
-0.14057178461545
-0.14003732944212
-0.13950078725618
-0.13896215858489
-0.13842144396834
-0.13787864395945
-0.13733375912394
-0.13678679004037
-0.13623773730013
-0.13568660150743
-0.13513338327933
-0.13457808324571
-0.13402070204932
-0.13346124034572
-0.13289969880336
-0.13233607810350
-0.13177037894027
-0.13120260202067
-0.13063274806453
-0.13006081780457
-0.12948681198635
-0.12891073136831
-0.12833257672176
-0.12775234883086
-0.12717004849267
-0.12658567651711
-0.12599923372697
-0.12541072095793
-0.12482013905855
-0.12422748889026
-0.12363277132738
-0.12303598725711
-0.12243713757956
-0.12183622320769
-0.12123324506737
-0.12062820409736
-0.12002110124931
-0.11941193748774
-0.11880071379011
-0.11818743114672
-0.11757209056080
-0.11695469304846
-0.11633523963872
-0.11571373137346
-0.11509016930751
-0.11446455450855
-0.11383688805717
-0.11320717104688
-0.11257540458405
-0.11194158978797
-0.11130572779082
-0.11066781973768
-0.11002786678652
-0.10938587010822
-0.10874183088653
-0.10809575031812
-0.10744762961254
-0.10679746999224
-0.10614527269256
-0.10549103896173
-0.10483477006086
-0.10417646726398
-0.10351613185798
-0.10285376514266
-0.10218936843067
-0.10152294304759
-0.10085449033184
-0.10018401163476
-0.09951150832055
-0.09883698176628
-0.09816043336191
-0.09748186451026
-0.09680127662706
-0.09611867114085
-0.09543404949309
-0.09474741313808
-0.09405876354299
-0.09336810218785
-0.09267543056554
-0.09198075018181
-0.09128406255526
-0.09058536921733
-0.08988467171232
-0.08918197159737
-0.08847727044245
-0.08777056983038
-0.08706187135682
-0.08635117663025
-0.08563848727198
-0.08492380491615
-0.08420713120972
-0.08348846781247
-0.08276781639698
-0.08204517864865
-0.08132055626570
-0.08059395095912
-0.07986536445273
-0.07913479848312
-0.07840225479968
-0.07766773516460
-0.07693124135282
-0.07619277515208
-0.07545233836287
-0.07470993279848
-0.07396556028494
-0.07321922266103
-0.07247092177829
-0.07172065950103
-0.07096843770627
-0.07021425828378
-0.06945812313606
-0.06870003417835
-0.06793999333858
-0.06717800255744
-0.06641406378829
-0.06564817899720
-0.06488035016297
-0.06411057927705
-0.06333886834361
-0.06256521937949
-0.06178963441418
-0.06101211548988
-0.06023266466142
-0.05945128399630
-0.05866797557467
-0.05788274148931
-0.05709558384565
-0.05630650476174
-0.05551550636825
-0.05472259080848
-0.05392776023831
-0.05313101682626
-0.05233236275341
-0.05153180021344
-0.05072933141261
-0.04992495856976
-0.04911868391627
-0.04831050969610
-0.04750043816575
-0.04668847159426
-0.04587461226320
-0.04505886246669
-0.04424122451133
-0.04342170071626
-0.04260029341310
-0.04177700494597
-0.04095183767149
-0.04012479395873
-0.03929587618925
-0.03846508675705
-0.03763242806860
-0.03679790254278
-0.03596151261095
-0.03512326071685
-0.03428314931665
-0.03344118087894
-0.03259735788468
-0.03175168282723
-0.03090415821233
-0.03005478655809
-0.02920357039496
-0.02835051226577
-0.02749561472566
-0.02663888034211
-0.02578031169492
-0.02491991137620
-0.02405768199036
-0.02319362615409
-0.02232774649638
-0.02146004565846
-0.02059052629384
-0.01971919106828
-0.01884604265975
-0.01797108375847
-0.01709431706687
-0.01621574529959
-0.01533537118345
-0.01445319745747
-0.01356922687283
-0.01268346219287
-0.01179590619309
-0.01090656166112
-0.01001543139671
-0.00912251821174
-0.00822782493019
-0.00733135438812
-0.00643310943369
-0.00553309292711
-0.00463130774065
-0.00372775675865
-0.00282244287743
-0.00191536900539
-0.00100653806288
-0.00009595298230
0.00081638329200
0.00173046780370
0.00264629758451
0.00356386965419
0.00448318102058
0.00540422867960
0.00632700961526
0.00725152079966
0.00817775919305
0.00910572174379
0.01003540538839
0.01096680705152
0.01189992364603
0.01283475207294
0.01377128922148
0.01470953196909
0.01564947718145
0.01659112171245
0.01753446240427
0.01847949608732
0.01942621958034
0.02037462969032
0.02132472321258
0.02227649693079
0.02322994761691
0.02418507203130
0.02514186692266
0.02610032902808
0.02706045507305
0.02802224177149
0.02898568582570
0.02995078392648
0.03091753275306
0.03188592897313
0.03285596924288
0.03382765020703
0.03480096849876
0.03577592073985
0.03675250354058
0.03773071349982
0.03871054720501
0.03969200123219
0.04067507214602
0.04165975649978
0.04264605083540
0.04363395168345
0.04462345556322
0.04561455898264
0.04660725843840
0.04760155041587
0.04859743138921
0.04959489782129
0.05059394616379
0.05159457285717
0.05259677433070
0.05360054700248
0.05460588727943
0.05561279155737
0.05662125622097
0.05763127764380
0.05864285218833
0.05965597620598
0.06067064603711
0.06168685801103
0.06270460844605
0.06372389364947
0.06474470991760
0.06576705353580
0.06679092077847
0.06781630790908
0.06884321118020
0.06987162683351
0.07090155109979
0.07193298019898
0.07296591034018
0.07400033772168
0.07503625853095
0.07607366894468
0.07711256512882
0.07815294323853
0.07919479941829
0.08023812980185
0.08128293051226
0.08232919766192
0.08337692735258
0.08442611567533
0.08547675871069
0.08652885252856
0.08758239318827
0.08863737673860
0.08969379921780
0.09075165665360
0.09181094506322
0.09287166045344
0.09393379882056
0.09499735615045
0.09606232841856
0.09712871158996
0.09819650161933
0.09926569445100
0.10033628601897
0.10140827224693
0.10248164904825
0.10355641232607
0.10463255797324
0.10571008187240
0.10678897989597
0.10786924790618
0.10895088175510
0.11003387728465
0.11111823032661
0.11220393670267
0.11329099222442
0.11437939269342
0.11546913390114
0.11656021162906
0.11765262164866
0.11874635972144
0.11984142159894
0.12093780302276
0.12203549972461
0.12313450742629
0.12423482183973
0.12533643866704
0.12643935360047
0.12754356232250
0.12864906050580
0.12975584381331
0.13086390789822
0.13197324840400
0.13308386096445
0.13419574120370
0.13530888473621
0.13642328716684
0.13753894409085
0.13865585109392
0.13977400375216
0.14089339763218
0.14201402829106
0.14313589127640
0.14425898212635
0.14538329636960
0.14650882952544
0.14763557710377
0.14876353460512
0.14989269752067
0.15102306133229
0.15215462151254
0.15328737352471
0.15442131282285
0.15555643485177
0.15669273504710
0.15783020883527
0.15896885163357
0.16010865885015
0.16124962588406
0.16239174812528
0.16353502095471
0.16467943974425
0.16582499985676
0.16697169664613
0.16811952545730
0.16926848162626
0.17041856048011
0.17156975733706
0.17272206750644
0.17387548628877
0.17503000897576
0.17618563085032
0.17734234718661
0.17850015325006
0.17965904429739
0.18081901557663
0.18198006232715
0.18314217977970
0.18430536315642
0.18546960767087
0.18663490852803
0.18780126092440
0.18896866004792
0.19013710107809
0.19130657918594
0.19247708953409
0.19364862727674
0.19482118755973
0.19599476552054
0.19716935628834
0.19834495498400
0.19952155672012
0.20069915660106
0.20187774972296
0.20305733117376
0.20423789603327
0.20541943937312
0.20660195625686
0.20778544173996
0.20896989086981
0.21015529868578
0.21134166021925
0.21252897049362
0.21371722452432
0.21490641731890
0.21609654387697
0.21728759919030
0.21847957824283
0.21967247601067
0.22086628746214
0.22206100755781
0.22325663125054
0.22445315348546
0.22565056920005
0.22684887332411
0.22804806077985
0.22924812648189
0.23044906533728
0.23165087224551
0.23285354209861
0.23405706978109
0.23526145017004
0.23646667813511
0.23767274853855
0.23887965623527
0.24008739607281
0.24129596289142
0.24250535152407
0.24371555679647
0.24492657352710
0.24613839652727
0.24735102060110
0.24856444054558
0.24977865115058
0.25099364719892
0.25220942346634
0.25342597472156
0.25464329572633
0.25586138123540
0.25708022599662
0.25829982475092
0.25952017223234
0.26074126316809
0.26196309227856
0.26318565427734
0.26440894387128
0.26563295576048
0.26685768463835
0.26808312519164
0.26930927210043
0.27053612003821
0.27176366367190
0.27299189766183
0.27422081666185
0.27545041531928
0.27668068827502
0.27791163016349
0.27914323561275
0.28037549924447
0.28160841567397
0.28284197951027
0.28407618535611
0.28531102780797
0.28654650145612
0.28778260088464
0.28901932067143
0.29025665538828
0.29149459960089
0.29273314786886
0.29397229474577
0.29521203477921
0.29645236251077
0.29769327247610
0.29893475920493
0.30017681722113
0.30141944104269
0.30266262518180
0.30390636414484
0.30515065243244
0.30639548453950
0.30764085495522
0.30888675816315
0.31013318864117
0.31138014086160
0.31262760929115
0.31387558839101
0.31512407261686
0.31637305641889
0.31762253424185
0.31887250052507
0.32012294970251
0.32137387620277
0.32262527444913
0.32387713885957
0.32512946384683
0.32638224381842
0.32763547317665
0.32888914631869
0.33014325763655
0.33139780151717
0.33265277234241
0.33390816448909
0.33516397232905
0.33642019022915
0.33767681255132
0.33893383365256
0.34019124788503
0.34144904959603
0.34270723312807
0.34396579281886
0.34522472300139
0.34648401800393
0.34774367215008
0.34900367975877
0.35026403514436
0.35152473261658
0.35278576648065
0.35404713103726
0.35530882058263
0.35657082940851
0.35783315180225
0.35909578204682
0.36035871442082
0.36162194319854
0.36288546265000
0.36414926704096
0.36541335063294
0.36667770768331
0.36794233244526
0.36920721916787
0.37047236209614
0.37173775547101
0.37300339352939
0.37426927050423
0.37553538062451
0.37680171811527
0.37806827719771
0.37933505208914
0.38060203700306
0.38186922614919
0.38313661373348
0.38440419395820
0.38567196102188
0.38693990911944
0.38820803244217
0.38947632517776
0.39074478151038
0.39201339562065
0.39328216168572
0.39455107387930
0.39582012637167
0.39708931332974
0.39835862891706
0.39962806729387
0.40089762261713
0.40216728904057
0.40343706071467
0.40470693178676
0.40597689640103
0.40724694869855
0.40851708281730
0.40978729289224
0.41105757305532
0.41232791743551
0.41359832015883
0.41486877534842
0.41613927712453
0.41740981960459
0.41868039690321
0.41995100313224
0.42122163240080
0.42249227881532
0.42376293647953
0.42503359949458
0.42630426195898
0.42757491796872
0.42884556161722
0.43011618699544
0.43138678819189
0.43265735929262
0.43392789438132
0.43519838753932
0.43646883284564
0.43773922437700
0.43900955620788
0.44027982241056
0.44155001705511
0.44282013420947
0.44409016793948
0.44536011230890
0.44662996137945
0.44789970921083
0.44916934986078
0.45043887738512
0.45170828583775
0.45297756927071
0.45424672173421
0.45551573727667
0.45678460994475
0.45805333378336
0.45932190283577
0.46059031114354
0.46185855274664
0.46312662168346
0.46439451199083
0.46566221770406
0.46692973285700
0.46819705148203
0.46946416761014
0.47073107527094
0.47199776849271
0.47326424130241
0.47453048772576
0.47579650178721
0.47706227751005
0.47832780891639
0.47959309002721
0.48085811486240
0.48212287744082
0.48338737178027
0.48465159189759
0.48591553180867
0.48717918552847
0.48844254707111
0.48970561044981
0.49096836967703
0.49223081876445
0.49349295172299
0.49475476256288
0.49601624529371
0.49727739392441
0.49853820246333
0.49979866491825
0.50105877529643
0.50231852760467
0.50357791584927
0.50483693403616
0.50609557617085
0.50735383625855
0.50861170830411
0.50986918631215
0.51112626428703
0.51238293623291
0.51363919615379
0.51489503805353
0.51615045593590
0.51740544380462
0.51865999566337
0.51991410551586
0.52116776736583
0.52242097521712
0.52367372307367
0.52492600493960
0.52617781481921
0.52742914671701
0.52867999463780
0.52993035258667
0.53118021456903
0.53242957459068
0.53367842665782
0.53492676477708
0.53617458295558
0.53742187520095
0.53866863552137
0.53991485792561
0.54116053642305
0.54240566502373
0.54365023773840
0.54489424857850
0.54613769155628
0.54738056068476
0.54862284997780
0.54986455345014
0.55110566511743
0.55234617899625
0.55358608910417
0.55482538945978
0.55606407408271
0.55730213699368
0.55853957221454
0.55977637376829
0.56101253567913
0.56224805197249
0.56348291667507
0.56471712381487
0.56595066742122
0.56718354152483
0.56841574015783
0.56964725735379
0.57087808714775
0.57210822357629
0.57333766067752
0.57456639249115
0.57579441305853
0.57702171642264
0.57824829662819
0.57947414772159
0.58069926375106
0.58192363876658
0.58314726682000
0.58437014196504
0.58559225825733
0.58681360975444
0.58803419051594
0.58925399460340
0.59047301608047
0.59169124901287
0.59290868746846
0.59412532551726
0.59534115723147
0.59655617668556
0.59777037795625
0.59898375512255
0.60019630226585
0.60140801346988
0.60261888282081
0.60382890440725
0.60503807232028
0.60624638065352
0.60745382350315
0.60866039496792
0.60986608914922
0.61107090015110
0.61227482208032
0.61347784904636
0.61467997516148
0.61588119454073
0.61708150130203
0.61828088956614
0.61947935345678
0.62067688710056
0.62187348462713
0.62306914016912
0.62426384786223
0.62545760184526
0.62665039626011
0.62784222525188
0.62903308296882
0.63022296356245
0.63141186118755
0.63259977000219
0.63378668416779
0.63497259784914
0.63615750521444
0.63734140043535
0.63852427768699
0.63970613114800
0.64088695500059
0.64206674343052
0.64324549062721
0.64442319078372
0.64559983809679
0.64677542676693
0.64794995099836
0.64912340499914
0.65029578298114
0.65146707916011
0.65263728775570
0.65380640299149
0.65497441909507
0.65614133029799
0.65730713083587
0.65847181494843
0.65963537687946
0.66079781087694
0.66195911119301
0.66311927208404
0.66427828781065
0.66543615263777
0.66659286083461
0.66774840667480
0.66890278443631
0.67005598840157
0.67120801285747
0.67235885209539
0.67350850041126
0.67465695210557
0.67580420148341
0.67695024285451
0.67809507053328
0.67923867883884
0.68038106209503
0.68152221463050
0.68266213077869
0.68380080487789
0.68493823127128
0.68607440430695
0.68720931833794
0.68834296772227
0.68947534682299
0.69060645000819
0.69173627165107
0.69286480612993
0.69399204782823
0.69511799113465
0.69624263044305
0.69736596015259
0.69848797466771
0.69960866839816
0.70072803575908
0.70184607117099
0.70296276905986
0.70407812385710
0.70519212999964
0.70630478192993
0.70741607409601
0.70852600095148
0.70963455695562
0.71074173657335
0.71184753427531
0.71295194453787
0.71405496184317
0.71515658067915
0.71625679553961
0.71735560092421
0.71845299133850
0.71954896129399
0.72064350530816
0.72173661790451
0.72282829361255
0.72391852696789
0.72500731251223
0.72609464479344
0.72718051836554
0.72826492778876
0.72934786762958
0.73042933246075
0.73150931686134
0.73258781541675
0.73366482271876
0.73474033336556
0.73581434196178
0.73688684311851
0.73795783145339
0.73902730159055
0.74009524816073
0.74116166580126
0.74222654915611
0.74328989287595
0.74435169161812
0.74541194004671
0.74647063283260
0.74752776465345
0.74858333019377
0.74963732414494
0.75068974120524
0.75174057607988
0.75278982348106
0.75383747812795
0.75488353474678
0.75592798807083
0.75697083284048
0.75801206380324
0.75905167571379
0.76008966333400
0.76112602143298
0.76216074478707
0.76319382817992
0.76422526640252
0.76525505425319
0.76628318653766
0.76730965806905
0.76833446366797
0.76935759816249
0.77037905638820
0.77139883318825
0.77241692341335
0.77343332192183
0.77444802357968
0.77546102326055
0.77647231584578
0.77748189622449
0.77848975929353
0.77949589995757
0.78050031312912
0.78150299372854
0.78250393668409
0.78350313693196
0.78450058941630
0.78549628908925
0.78649023091096
0.78748240984964
0.78847282088160
0.78946145899122
0.79044831917107
0.79143339642188
0.79241668575258
0.79339818218035
0.79437788073063
0.79535577643716
0.79633186434202
0.79730613949563
0.79827859695684
0.79924923179287
0.80021803907944
0.80118501390074
0.80215015134945
0.80311344652681
0.80407489454266
0.80503449051540
0.80599222957210
0.80694810684847
0.80790211748894
0.80885425664663
0.80980451948346
0.81075290117011
0.81169939688606
0.81264400181968
0.81358671116816
0.81452752013765
0.81546642394319
0.81640341780881
0.81733849696751
0.81827165666136
0.81920289214142
0.82013219866788
0.82105957151003
0.82198500594628
0.82290849726424
0.82383004076071
0.82474963174170
0.82566726552251
0.82658293742771
0.82749664279117
0.82840837695613
0.82931813527520
0.83022591311039
0.83113170583313
0.83203550882432
0.83293731747436
0.83383712718315
0.83473493336014
0.83563073142436
0.83652451680444
0.83741628493864
0.83830603127488
0.83919375127077
0.84007944039365
0.84096309412057
0.84184470793839
0.84272427734375
0.84360179784312
0.84447726495282
0.84535067419909
0.84622202111803
0.84709130125572
0.84795851016820
0.84882364342148
0.84968669659163
0.85054766526475
0.85140654503703
0.85226333151473
0.85311802031430
0.85397060706230
0.85482108739551
0.85566945696090
0.85651571141570
0.85735984642740
0.85820185767378
0.85904174084296
0.85987949163340
0.86071510575392
0.86154857892378
0.86237990687262
0.86320908534058
0.86403611007826
0.86486097684678
0.86568368141779
0.86650421957349
0.86732258710669
0.86813877982080
0.86895279352988
0.86976462405865
0.87057426724251
0.87138171892761
0.87218697497081
0.87299003123977
0.87379088361292
0.87458952797954
0.87538596023973
0.87618017630448
0.87697217209566
0.87776194354609
0.87854948659952
0.87933479721068
0.88011787134530
0.88089870498014
0.88167729410300
0.88245363471275
0.88322772281939
0.88399955444400
0.88476912561885
0.88553643238737
0.88630147080418
0.88706423693513
0.88782472685732
0.88858293665913
0.88933886244022
0.89009250031159
0.89084384639557
0.89159289682587
0.89233964774758
0.89308409531724
0.89382623570280
0.89456606508369
0.89530357965083
0.89603877560665
0.89677164916512
0.89750219655176
0.89823041400370
0.89895629776967
0.89967984411000
0.90040104929673
0.90111990961352
0.90183642135579
0.90255058083064
0.90326238435693
0.90397182826531
0.90467890889819
0.90538362260983
0.90608596576631
0.90678593474557
0.90748352593746
0.90817873574370
0.90887156057797
0.90956199686589
0.91025004104506
0.91093568956507
0.91161893888752
0.91229978548609
0.91297822584648
0.91365425646650
0.91432787385605
0.91499907453719
0.91566785504409
0.91633421192312
0.91699814173284
0.91765964104403
0.91831870643968
0.91897533451508
0.91962952187777
0.92028126514760
0.92093056095674
0.92157740594971
0.92222179678339
0.92286373012705
0.92350320266235
0.92414021108340
0.92477475209674
0.92540682242138
0.92603641878884
0.92666353794312
0.92728817664077
0.92791033165088
0.92852999975511
0.92914717774772
0.92976186243557
0.93037405063815
0.93098373918762
0.93159092492877
0.93219560471913
0.93279777542891
0.93339743394105
0.93399457715124
0.93458920196795
0.93518130531242
0.93577088411872
0.93635793533373
0.93694245591716
0.93752444284163
0.93810389309260
0.93868080366845
0.93925517158048
0.93982699385293
0.94039626752301
0.94096298964088
0.94152715726971
0.94208876748570
0.94264781737806
0.94320430404905
0.94375822461402
0.94430957620138
0.94485835595267
0.94540456102254
0.94594818857878
0.94648923580234
0.94702769988735
0.94756357804113
0.94809686748421
0.94862756545035
0.94915566918657
0.94968117595312
0.95020408302356
0.95072438768473
0.95124208723681
0.95175717899329
0.95226966028100
0.95277952844016
0.95328678082437
0.95379141480059
0.95429342774925
0.95479281706418
0.95528958015266
0.95578371443543
0.95627521734674
0.95676408633429
0.95725031885933
0.95773391239663
0.95821486443449
0.95869317247479
0.95916883403297
0.95964184663806
0.96011220783272
0.96057991517321
0.96104496622943
0.96150735858494
0.96196708983696
0.96242415759641
0.96287855948789
0.96333029314972
0.96377935623395
0.96422574640637
0.96466946134653
0.96511049874774
0.96554885631712
0.96598453177556
0.96641752285781
0.96684782731239
0.96727544290172
0.96770036740205
0.96812259860349
0.96854213431006
0.96895897233968
0.96937311052415
0.96978454670924
0.97019327875463
0.97059930453397
0.97100262193486
0.97140322885890
0.97180112322166
0.97219630295275
0.97258876599577
0.97297851030836
0.97336553386222
0.97374983464308
0.97413141065077
0.97451025989919
0.97488638041632
0.97525977024429
0.97563042743931
0.97599835007173
0.97636353622607
0.97672598400099
0.97708569150930
0.97744265687803
0.97779687824837
0.97814835377573
0.97849708162974
0.97884305999423
0.97918628706731
0.97952676106130
0.97986448020282
0.98019944273273
0.98053164690618
0.98086109099264
0.98118777327585
0.98151169205389
0.98183284563915
0.98215123235838
0.98246685055266
0.98277969857744
0.98308977480252
0.98339707761209
0.98370160540475
0.98400335659347
0.98430232960564
0.98459852288307
0.98489193488199
0.98518256407309
0.98547040894149
0.98575546798678
0.98603773972300
0.98631722267868
0.98659391539684
0.98686781643498
0.98713892436513
0.98740723777380
0.98767275526204
0.98793547544544
0.98819539695411
0.98845251843272
0.98870683854050
0.98895835595123
0.98920706935328
0.98945297744960
0.98969607895771
0.98993637260975
0.99017385715247
0.99040853134721
0.99064039396995
0.99086944381130
0.99109567967649
0.99131910038541
0.99153970477261
0.99175749168728
0.99197245999328
0.99218460856915
0.99239393630812
0.99260044211808
0.99280412492164
0.99300498365611
0.99320301727349
0.99339822474052
0.99359060503863
0.99378015716400
0.99396688012755
0.99415077295491
0.99433183468650
0.99451006437745
0.99468546109767
0.99485802393184
0.99502775197939
0.99519464435454
0.99535870018629
0.99551991861842
0.99567829880951
0.99583383993293
0.99598654117686
0.99613640174428
0.99628342085300
0.99642759773562
0.99656893163958
0.99670742182715
0.99684306757542
0.99697586817633
0.99710582293665
0.99723293117800
0.99735719223684
0.99747860546451
0.99759717022718
0.99771288590589
0.99782575189655
0.99793576760994
0.99804293247170
0.99814724592238
0.99824870741736
0.99834731642695
0.99844307243633
0.99853597494555
0.99862602346960
0.99871321753831
0.99879755669646
0.99887904050371
0.99895766853461
0.99903344037865
0.99910635564021
0.99917641393859
0.99924361490800
0.99930795819757
0.99936944347135
0.99942807040831
0.99948383870235
0.99953674806230
0.99958679821190
0.99963398888983
0.99967831984971
0.99971979086007
0.99975840170440
0.99979415218111
0.99982704210354
0.99985707130000
0.99988423961369
0.99990854690279
0.99992999304042
0.99994857791461
0.99996430142836
0.99997716349960
0.99998716406122
0.99999430306104
0.99999858046182
0.99999999624128
0.99999855039206
0.99999424292178
0.99998707385299
0.99997704322315
0.99996415108473
0.99994839750508
0.99992978256654
0.99990830636637
0.99988396901678
0.99985677064491
0.99982671139286
0.99979379141766
0.99975801089127
0.99971937000061
0.99967786894751
0.99963350794876
0.99958628723607
0.99953620705609
0.99948326767039
0.99942746935548
0.99936881240280
0.99930729711871
0.99924292382448
0.99917569285633
0.99910560456538
0.99903265931768
0.99895685749419
0.99887819949077
0.99879668571822
0.99871231660221
0.99862509258335
0.99853501411713
0.99844208167395
0.99834629573910
0.99824765681278
0.99814616541005
0.99804182206089
0.99793462731013
0.99782458171752
0.99771168585765
0.99759594032000
0.99747734570892
0.99735590264363
0.99723161175819
0.99710447370155
0.99697448913749
0.99684165874464
0.99670598321648
0.99656746326135
0.99642609960239
0.99628189297759
0.99613484413978
0.99598495385660
0.99583222291049
0.99567665209873
0.99551824223340
0.99535699414138
0.99519290866435
0.99502598665877
0.99485622899590
0.99468363656177
0.99450821025721
0.99432995099779
0.99414885971386
0.99396493735052
0.99377818486764
0.99358860323981
0.99339619345637
0.99320095652141
0.99300289345374
0.99280200528686
0.99259829306903
0.99239175786320
0.99218240074701
0.99197022281282
0.99175522516764
0.99153740893319
0.99131677524587
0.99109332525672
0.99086706013145
0.99063798105044
0.99040608920868
0.99017138581583
0.98993387209615
0.98969354928854
0.98945041864652
0.98920448143820
0.98895573894630
0.98870419246811
0.98844984331552
0.98819269281500
0.98793274230756
0.98766999314878
0.98740444670881
0.98713610437229
0.98686496753844
0.98659103762097
0.98631431604811
0.98603480426261
0.98575250372170
0.98546741589709
0.98517954227498
0.98488888435604
0.98459544365538
0.98429922170257
0.98400022004162
0.98369844023096
0.98339388384346
0.98308655246637
0.98277644770135
0.98246357116447
0.98214792448614
0.98182950931117
0.98150832729873
0.98118438012231
0.98085766946975
0.98052819704323
0.98019596455924
0.97986097374857
0.97952322635629
0.97918272414179
0.97883946887869
0.97849346235491
0.97814470637260
0.97779320274815
0.97743895331217
0.97708195990950
0.97672222439917
0.97635974865443
0.97599453456267
0.97562658402547
0.97525589895858
0.97488248129187
0.97450633296936
0.97412745594917
0.97374585220355
0.97336152371884
0.97297447249546
0.97258470054789
0.97219220990469
0.97179700260844
0.97139908071578
0.97099844629735
0.97059510143779
0.97018904823576
0.96978028880387
0.96936882526873
0.96895465977086
0.96853779446476
0.96811823151884
0.96769597311542
0.96727102145073
0.96684337873486
0.96641304719180
0.96598002905939
0.96554432658929
0.96510594204704
0.96466487771193
0.96422113587711
0.96377471884947
0.96332562894971
0.96287386851225
0.96241943988529
0.96196234543072
0.96150258752417
0.96104016855497
0.96057509092610
0.96010735705425
0.95963696936973
0.95916393031651
0.95868824235216
0.95820990794788
0.95772892958844
0.95724530977220
0.95675905101107
0.95627015583051
0.95577862676952
0.95528446638058
0.95478767722969
0.95428826189633
0.95378622297344
0.95328156306740
0.95277428479803
0.95226439079856
0.95175188371563
0.95123676620923
0.95071904095276
0.95019871063294
0.94967577794981
0.94915024561676
0.94862211636045
0.94809139292083
0.94755807805111
0.94702217451774
0.94648368510041
0.94594261259202
0.94539895979866
0.94485272953958
0.94430392464722
0.94375254796713
0.94319860235800
0.94264209069163
0.94208301585288
0.94152138073971
0.94095718826311
0.94039044134710
0.93982114292872
0.93924929595802
0.93867490339801
0.93809796822465
0.93751849342686
0.93693648200646
0.93635193697819
0.93576486136967
0.93517525822138
0.93458313058663
0.93398848153159
0.93339131413521
0.93279163148923
0.93218943669817
0.93158473287928
0.93097752316256
0.93036781069071
0.92975559861911
0.92914089011582
0.92852368836156
0.92790399654966
0.92728181788607
0.92665715558933
0.92603001289054
0.92540039303337
0.92476829927400
0.92413373488114
0.92349670313595
0.92285720733211
0.92221525077570
0.92157083678525
0.92092396869170
0.92027464983836
0.91962288358091
0.91896867328737
0.91831202233810
0.91765293412574
0.91699141205521
0.91632745954369
0.91566108002062
0.91499227692762
0.91432105371852
0.91364741385932
0.91297136082818
0.91229289811538
0.91161202922331
0.91092875766643
0.91024308697128
0.90955502067645
0.90886456233252
0.90817171550208
0.90747648375971
0.90677887069192
0.90607887989715
0.90537651498576
0.90467177958000
0.90396467731395
0.90325521183356
0.90254338679658
0.90182920587257
0.90111267274284
0.90039379110046
0.89967256465021
0.89894899710860
0.89822309220378
0.89749485367560
0.89676428527549
0.89603139076653
0.89529617392336
0.89455863853219
0.89381878839076
0.89307662730834
0.89233215910568
0.89158538761498
0.89083631667991
0.89008495015553
0.88933129190832
0.88857534581611
0.88781711576808
0.88705660566473
0.88629381941788
0.88552876095058
0.88476143419715
0.88399184310315
0.88321999162531
0.88244588373154
0.88166952340092
0.88089091462362
0.88011006140095
0.87932696774525
0.87854163767995
0.87775407523947
0.87696428446925
0.87617226942571
0.87537803417620
0.87458158279900
0.87378291938328
0.87298204802911
0.87217897284738
0.87137369795980
0.87056622749889
0.86975656560793
0.86894471644095
0.86813068416270
0.86731447294862
0.86649608698480
0.86567553046799
0.86485280760554
0.86402792261540
0.86320087972608
0.86237168317662
0.86154033721655
0.86070684610592
0.85987121411521
0.85903344552534
0.85819354462761
0.85735151572373
0.85650736312573
0.85566109115598
0.85481270414712
0.85396220644210
0.85310960239408
0.85225489636643
0.85139809273272
0.85053919587668
0.84967821019216
0.84881514008314
0.84794998996364
0.84708276425777
0.84621346739963
0.84534210383333
0.84446867801294
0.84359319440248
0.84271565747588
0.84183607171695
0.84095444161934
0.84007077168656
0.83918506643190
0.83829733037843
0.83740756805895
0.83651578401599
0.83562198280177
0.83472616897816
0.83382834711665
0.83292852179837
0.83202669761398
0.83112287916371
0.83021707105730
0.82930927791399
0.82839950436247
0.82748775504085
0.82657403459667
0.82565834768681
0.82474069897751
0.82382109314434
0.82289953487214
0.82197602885500
0.82105057979626
0.82012319240843
0.81919387141323
0.81826262154147
0.81732944753312
0.81639435413719
0.81545734611178
0.81451842822399
0.81357760524991
0.81263488197460
0.81169026319207
0.81074375370520
0.80979535832578
0.80884508187442
0.80789292918055
0.80693890508238
0.80598301442690
0.80502526206980
0.80406565287547
0.80310419171696
0.80214088347596
0.80117573304278
0.80020874531627
0.79923992520384
0.79826927762143
0.79729680749344
0.79632251975272
0.79534641934056
0.79436851120663
0.79338880030896
0.79240729161392
0.79142399009615
0.79043890073860
0.78945202853242
0.78846337847700
0.78747295557987
0.78648076485673
0.78548681133139
0.78449110003574
0.78349363600971
0.78249442430127
0.78149346996636
0.78049077806890
0.77948635368071
0.77848020188153
0.77747232775894
0.77646273640838
0.77545143293307
0.77443842244400
0.77342371005990
0.77240730090722
0.77138920012008
0.77036941284021
0.76934794421700
0.76832479940739
0.76729998357587
0.76627350189446
0.76524535954264
0.76421556170737
0.76318411358300
0.76215102037129
0.76111628728135
0.76007991952961
0.75904192233979
0.75800230094288
0.75696106057707
0.75591820648779
0.75487374392758
0.75382767815615
0.75278001444029
0.75173075805385
0.75067991427773
0.74962748839982
0.74857348571497
0.74751791152498
0.74646077113854
0.74540206987122
0.74434181304541
0.74328000599031
0.74221665404191
0.74115176254292
0.74008533684276
0.73901738229752
0.73794790426992
0.73687690812932
0.73580439925161
0.73473038301925
0.73365486482121
0.73257785005290
0.73149934411622
0.73041935241943
0.72933788037720
0.72825493341052
0.72717051694671
0.72608463641933
0.72499729726822
0.72390850493940
0.72281826488508
0.72172658256360
0.72063346343942
0.71953891298306
0.71844293667109
0.71734553998609
0.71624672841659
0.71514650745709
0.71404488260797
0.71294185937551
0.71183744327180
0.71073163981475
0.70962445452803
0.70851589294107
0.70740596058896
0.70629466301251
0.70518200575812
0.70406799437782
0.70295263442920
0.70183593147537
0.70071789108496
0.69959851883204
0.69847782029614
0.69735580106215
0.69623246672036
0.69510782286636
0.69398187510104
0.69285462903057
0.69172609026630
0.69059626442483
0.68946515712786
0.68833277400225
0.68719912067992
0.68606420279788
0.68492802599811
0.68379059592762
0.68265191823834
0.68151199858713
0.68037084263572
0.67922845605069
0.67808484450344
0.67694001367014
0.67579396923169
0.67464671687371
0.67349826228650
0.67234861116499
0.67119776920870
0.67004574212173
0.66889253561273
0.66773815539482
0.66658260718559
0.66542589670708
0.66426802968571
0.66310901185224
0.66194884894178
0.66078754669374
0.65962511085174
0.65846154716366
0.65729686138154
0.65613105926159
0.65496414656412
0.65379612905351
0.65262701249821
0.65145680267066
0.65028550534728
0.64911312630843
0.64793967133836
0.64676514622520
0.64558955676092
0.64441290874127
0.64323520796578
0.64205646023770
0.64087667136396
0.63969584715516
0.63851399342553
0.63733111599286
0.63614722067852
0.63496231330737
0.63377639970776
0.63258948571149
0.63140157715377
0.63021267987316
0.62902279971160
0.62783194251429
0.62664011412972
0.62544732040962
0.62425356720889
0.62305886038561
0.62186320580098
0.62066660931930
0.61946907680790
0.61827061413715
0.61707122718039
0.61587092181393
0.61466970391696
0.61346757937158
0.61226455406269
0.61106063387803
0.60985582470810
0.60865013244612
0.60744356298803
0.60623612223243
0.60502781608051
0.60381865043611
0.60260863120557
0.60139776429779
0.60018605562414
0.59897351109842
0.59776013663688
0.59654593815811
0.59533092158306
0.59411509283499
0.59289845783941
0.59168102252408
0.59046279281896
0.58924377465616
0.58802397396992
0.58680339669657
0.58558204877450
0.58435993614411
0.58313706474780
0.58191344052989
0.58068906943665
0.57946395741618
0.57823811041845
0.57701153439523
0.57578423530006
0.57455621908819
0.57332749171660
0.57209805914390
0.57086792733034
0.56963710223777
0.56840558982957
0.56717339607064
0.56594052692739
0.56470698836763
0.56347278636061
0.56223792687695
0.56100241588861
0.55976625936883
0.55852946329215
0.55729203363430
0.55605397637224
0.55481529748408
0.55357600294903
0.55233609874742
0.55109559086060
0.54985448527095
0.54861278796184
0.54737050491756
0.54612764212331
0.54488420556519
0.54364020123009
0.54239563510575
0.54115051318063
0.53990484144393
0.53865862588556
0.53741187249608
0.53616458726664
0.53491677618902
0.53366844525551
0.53241960045895
0.53117024779261
0.52992039325025
0.52867004282600
0.52741920251438
0.52616787831023
0.52491607620869
0.52366380220517
0.52241106229531
0.52115786247492
0.51990420873998
0.51865010708658
0.51739556351091
0.51614058400920
0.51488517457767
0.51362934121255
0.51237308990998
0.51111642666603
0.50985935747662
0.50860188833752
0.50734402524427
0.50608577419220
0.50482714117635
0.50356813219146
0.50230875323192
0.50104901029173
0.49978890936449
0.49852845644333
0.49726765752091
0.49600651858936
0.49474504564024
0.49348324466453
0.49222112165256
0.49095868259403
0.48969593347790
0.48843288029241
0.48716952902504
0.48590588566243
0.48464195619041
0.48337774659391
0.48211326285695
0.48084851096261
0.47958349689297
0.47831822662909
0.47705270615099
0.47578694143759
0.47452093846667
0.47325470321487
0.47198824165761
0.47072155976910
0.46945466352226
0.46818755888872
0.46692025183878
0.46565274834133
0.46438505436389
0.46311717587251
0.46184911883178
0.46058088920476
0.45931249295296
0.45804393603631
0.45677522441313
0.45550636404006
0.45423736087206
0.45296822086238
0.45169894996248
0.45042955412205
0.44916003928893
0.44789041140912
0.44662067642668
0.44535084028377
0.44408090892055
0.44281088827521
0.44154078428386
0.44027060288057
0.43900034999727
0.43773003156375
0.43645965350765
0.43518922175436
0.43391874222703
0.43264822084653
0.43137766353141
0.43010707619787
0.42883646475971
0.42756583512833
0.42629519321264
0.42502454491907
0.42375389615155
0.42248325281141
0.42121262079740
0.41994200600564
0.41867141432959
0.41740085166000
0.41613032388490
0.41485983688953
0.41358939655635
0.41231900876497
0.41104867939214
0.40977841431168
0.40850821939451
0.40723810050854
0.40596806351868
0.40469811428681
0.40342825867173
0.40215850252911
0.40088885171151
0.39961931206828
0.39834988944557
0.39708058968628
0.39581141863004
0.39454238211315
0.39327348596856
0.39200473602586
0.39073613811119
0.38946769804728
0.38819942165334
0.38693131474507
0.38566338313464
0.38439563263061
0.38312806903793
0.38186069815790
0.38059352578814
0.37932655772252
0.37805979975119
0.37679325766051
0.37552693723300
0.37426084424733
0.37299498447831
0.37172936369679
0.37046398766970
0.36919886215996
0.36793399292648
0.36666938572411
0.36540504630363
0.36414098041167
0.36287719379073
0.36161369217913
0.36035048131094
0.35908756691601
0.35782495471988
0.35656265044378
0.35530065980460
0.35403898851484
0.35277764228257
0.35151662681141
0.35025594780053
0.34899561094455
0.34773562193356
0.34647598645305
0.34521671018393
0.34395779880242
0.34269925798011
0.34144109338383
0.34018331067572
0.33892591551309
0.33766891354848
0.33641231042958
0.33515611179920
0.33390032329524
0.33264495055069
0.33138999919354
0.33013547484680
0.32888138312842
0.32762772965133
0.32637452002330
0.32512175984703
0.32386945472002
0.32261761023460
0.32136623197785
0.32011532553161
0.31886489647242
0.31761495037152
0.31636549279478
0.31511652930269
0.31386806545031
0.31262010678729
0.31137265885776
0.31012572720036
0.30887931734820
0.30763343482879
0.30638808516405
0.30514327387027
0.30389900645807
0.30265528843235
0.30141212529232
0.30016952253140
0.29892748563723
0.29768602009162
0.29644513137054
0.29520482494407
0.29396510627637
0.29272598082565
0.29148745404416
0.29024953137813
0.28901221826776
0.28777552014717
0.28653944244439
0.28530399058132
0.28406916997369
0.28283498603105
0.28160144415673
0.28036854974780
0.27913630819504
0.27790472488295
0.27667380518966
0.27544355448693
0.27421397814013
0.27298508150818
0.27175686994356
0.27052934879224
0.26930252339367
0.26807639908075
0.26685098117980
0.26562627501053
0.26440228588600
0.26317901911262
0.26195647999006
0.26073467381129
0.25951360586253
0.25829328142318
0.25707370576583
0.25585488415624
0.25463682185328
0.25341952410891
0.25220299616817
0.25098724326911
0.24977227064280
0.24855808351330
0.24734468709760
0.24613208660562
0.24492028724017
0.24370929419690
0.24249911266433
0.24128974782376
0.24008120484928
0.23887348890770
0.23766660515858
0.23646055875415
0.23525535483932
0.23405099855162
0.23284749502118
0.23164484937072
0.23044306671551
0.22924215216333
0.22804211081445
0.22684294776163
0.22564466809002
0.22444727687723
0.22325077919323
0.22205518010032
0.22086048465316
0.21966669789869
0.21847382487613
0.21728187061693
0.21609084014476
0.21490073847549
0.21371157061713
0.21252334156983
0.21133605632585
0.21014971986953
0.20896433717726
0.20777991321745
0.20659645295051
0.20541396132881
0.20423244329669
0.20305190379037
0.20187234773800
0.20069378005956
0.19951620566688
0.19833962946360
0.19716405634514
0.19598949119869
0.19481593890315
0.19364340432913
0.19247189233892
0.19130140778648
0.19013195551736
0.18896354036874
0.18779616716935
0.18662984073949
0.18546456589096
0.18430034742707
0.18313719014260
0.18197509882376
0.18081407824819
0.17965413318492
0.17849526839434
0.17733748862821
0.17618079862957
0.17502520313277
0.17387070686343
0.17271731453839
0.17156503086573
0.17041386054471
0.16926380826575
0.16811487871041
0.16696707655137
0.16582040645242
0.16467487306837
0.16353048104513
0.16238723501957
0.16124513961958
0.16010419946403
0.15896441916270
0.15782580331633
0.15668835651651
0.15555208334573
0.15441698837731
0.15328307617542
0.15215035129499
0.15101881828176
0.14988848167219
0.14875934599347
0.14763141576353
0.14650469549092
0.14537918967490
0.14425490280533
0.14313183936269
0.14201000381803
0.14088940063299
0.13977003425972
0.13865190914089
0.13753502970969
0.13641940038974
0.13530502559514
0.13419190973038
0.13308005719038
0.13196947236041
0.13086015961613
0.12975212332349
0.12864536783878
0.12753989750858
0.12643571666970
0.12533282964923
0.12423124076446
0.12313095432288
0.12203197462216
0.12093430595012
0.11983795258472
0.11874291879401
0.11764920883614
0.11655682695934
0.11546577740186
0.11437606439198
0.11328769214799
0.11220066487814
0.11111498678067
0.11003066204373
0.10894769484538
0.10786608935360
0.10678584972623
0.10570698011095
0.10462948464530
0.10355336745659
0.10247863266196
0.10140528436830
0.10033332667224
0.09926276366015
0.09819359940809
0.09712583798184
0.09605948343680
0.09499453981805
0.09393101116027
0.09286890148778
0.09180821481445
0.09074895514373
0.08969112646861
0.08863473277160
0.08757977802474
0.08652626618952
0.08547420121693
0.08442358704737
0.08337442761071
0.08232672682618
0.08128048860242
0.08023571683746
0.07919241541864
0.07815058822266
0.07711023911552
0.07607137195250
0.07503399057817
0.07399809882635
0.07296370052010
0.07193079947168
0.07089939948257
0.06986950434342
0.06884111783404
0.06781424372339
0.06678888576953
0.06576504771967
0.06474273331007
0.06372194626608
0.06270269030210
0.06168496912155
0.06066878641689
0.05965414586957
0.05864105115000
0.05762950591759
0.05661951382067
0.05561107849651
0.05460420357129
0.05359889266008
0.05259514936682
0.05159297728434
0.05059237999428
0.04959336106712
0.04859592406214
0.04760007252743
0.04660580999983
0.04561314000497
0.04462206605719
0.04363259165959
0.04264472030394
0.04165845547073
0.04067380062912
0.03969075923693
0.03870933474063
0.03772953057530
0.03675135016466
0.03577479692101
0.03479987424523
0.03382658552676
0.03285493414362
0.03188492346232
0.03091655683792
0.02994983761398
0.02898476912253
0.02802135468410
0.02705959760764
0.02609950119059
0.02514106871878
0.02418430346647
0.02322920869631
0.02227578765933
0.02132404359496
0.02037397973093
0.01942559928336
0.01847890545666
0.01753390144358
0.01659059042514
0.01564897557066
0.01470906003772
0.01377084697216
0.01283433950806
0.01189954076772
0.01096645386166
0.01003508188860
0.00910542793544
0.00817749507725
0.00725128637727
0.00632680488688
0.00540405364559
0.00448303568104
0.00356375400895
0.00264621163316
0.00173041154558
0.00081635672619
-0.00009594985698
-0.00100650524786
-0.00191530650234
-0.00282235068830
-0.00372763488562
-0.00463115618618
-0.00553291169389
-0.00643289852467
-0.00733111380651
-0.00822755467945
-0.00912221829558
-0.01001510181911
-0.01090620242629
-0.01179551730551
-0.01268304365728
-0.01356877869420
-0.01445271964104
-0.01533486373471
-0.01621520822428
-0.01709375037099
-0.01797048744827
-0.01884541674173
-0.01971853554920
-0.02058984118072
-0.02145933095855
-0.02232700221719
-0.02319285230340
-0.02405687857618
-0.02491907840682
-0.02577944917886
-0.02663798828814
-0.02749469314282
-0.02834956116335
-0.02920258978250
-0.03005377644536
-0.03090311860938
-0.03175061374435
-0.03259625933242
-0.03344005286809
-0.03428199185827
-0.03512207382222
-0.03596029629164
-0.03679665681058
-0.03763115293556
-0.03846378223549
-0.03929454229172
-0.04012343069804
-0.04095044506069
-0.04177558299837
-0.04259884214225
-0.04342022013598
-0.04423971463568
-0.04505732330998
-0.04587304383999
-0.04668687391935
-0.04749881125420
-0.04830885356323
-0.04911699857763
-0.04992324404115
-0.05072758771010
-0.05153002735333
-0.05233056075225
-0.05312918570086
-0.05392590000572
-0.05472070148599
-0.05551358797342
-0.05630455731236
-0.05709360735977
-0.05788073598521
-0.05866594107090
-0.05944922051164
-0.06023057221490
-0.06100999410079
-0.06178748410204
-0.06256304016407
-0.06333666024495
-0.06410834231540
-0.06487808435884
-0.06564588437136
-0.06641174036174
-0.06717565035143
-0.06793761237461
-0.06869762447815
-0.06945568472162
-0.07021179117733
-0.07096594193028
-0.07171813507823
-0.07246836873164
-0.07321664101373
-0.07396295006044
-0.07470729402049
-0.07544967105531
-0.07619007933913
-0.07692851705892
-0.07766498241440
-0.07839947361810
-0.07913198889530
-0.07986252648406
-0.08059108463524
-0.08131766161249
-0.08204225569223
-0.08276486516369
-0.08348548832892
-0.08420412350275
-0.08492076901284
-0.08563542319964
-0.08634808441644
-0.08705875102934
-0.08776742141728
-0.08847409397199
-0.08917876709807
-0.08988143921294
-0.09058210874686
-0.09128077414292
-0.09197743385708
-0.09267208635811
-0.09336473012767
-0.09405536366025
-0.09474398546319
-0.09543059405670
-0.09611518797385
-0.09679776576057
-0.09747832597565
-0.09815686719076
-0.09883338799042
-0.09950788697206
-0.10018036274593
-0.10085081393521
-0.10151923917591
-0.10218563711696
-0.10285000642014
-0.10351234576013
-0.10417265382449
-0.10483092931366
-0.10548717094098
-0.10614137743267
-0.10679354752783
-0.10744367997846
-0.10809177354946
-0.10873782701862
-0.10938183917659
-0.11002380882697
-0.11066373478620
-0.11130161588366
-0.11193745096159
-0.11257123887515
-0.11320297849238
-0.11383266869423
-0.11446030837453
-0.11508589644003
-0.11570943181035
-0.11633091341803
-0.11695034020849
-0.11756771114005
-0.11818302518393
-0.11879628132424
-0.11940747855799
-0.12001661589507
-0.12062369235828
-0.12122870698331
-0.12183165881872
-0.12243254692600
-0.12303137037948
-0.12362812826643
-0.12422281968696
-0.12481544375410
-0.12540599959375
-0.12599448634469
-0.12658090315858
-0.12716524919998
-0.12774752364630
-0.12832772568784
-0.12890585452778
-0.12948190938215
-0.13005588947987
-0.13062779406273
-0.13119762238537
-0.13176537371530
-0.13233104733289
-0.13289464253138
-0.13345615861685
-0.13401559490823
-0.13457295073731
-0.13512822544874
-0.13568141839999
-0.13623252896138
-0.13678155651607
-0.13732850046006
-0.13787336020218
-0.13841613516408
-0.13895682478024
-0.13949542849797
-0.14003194577739
-0.14056637609143
-0.14109871892583
-0.14162897377916
-0.14215714016276
-0.14268321760080
-0.14320720563021
-0.14372910380075
-0.14424891167493
-0.14476662882807
-0.14528225484824
-0.14579578933631
-0.14630723190591
-0.14681658218343
-0.14732383980801
-0.14782900443156
-0.14833207571874
-0.14883305334693
-0.14933193700629
-0.14982872639967
-0.15032342124268
-0.15081602126364
-0.15130652620359
-0.15179493581629
-0.15228124986819
-0.15276546813845
-0.15324759041894
-0.15372761651420
-0.15420554624145
-0.15468137943062
-0.15515511592426
-0.15562675557764
-0.15609629825866
-0.15656374384787
-0.15702909223847
-0.15749234333631
-0.15795349705988
-0.15841255334026
-0.15886951212119
-0.15932437335900
-0.15977713702264
-0.16022780309366
-0.16067637156617
-0.16112284244692
-0.16156721575520
-0.16200949152287
-0.16244966979438
-0.16288775062670
-0.16332373408939
-0.16375762026451
-0.16418940924668
-0.16461910114304
-0.16504669607324
-0.16547219416944
-0.16589559557631
-0.16631690045102
-0.16673610896320
-0.16715322129498
-0.16756823764094
-0.16798115820814
-0.16839198321608
-0.16880071289670
-0.16920734749439
-0.16961188726594
-0.17001433248059
-0.17041468341997
-0.17081294037810
-0.17120910366140
-0.17160317358869
-0.17199515049112
-0.17238503471223
-0.17277282660792
-0.17315852654642
-0.17354213490829
-0.17392365208643
-0.17430307848603
-0.17468041452462
-0.17505566063200
-0.17542881725027
-0.17579988483378
-0.17616886384918
-0.17653575477535
-0.17690055810343
-0.17726327433678
-0.17762390399100
-0.17798244759390
-0.17833890568548
-0.17869327881796
-0.17904556755570
-0.17939577247529
-0.17974389416542
-0.18008993322696
-0.18043389027293
-0.18077576592846
-0.18111556083080
-0.18145327562929
-0.18178891098540
-0.18212246757266
-0.18245394607666
-0.18278334719507
-0.18311067163761
-0.18343592012602
-0.18375909339407
-0.18408019218755
-0.18439921726425
-0.18471616939393
-0.18503104935837
-0.18534385795126
-0.18565459597828
-0.18596326425705
-0.18626986361710
-0.18657439489989
-0.18687685895877
-0.18717725665899
-0.18747558887769
-0.18777185650385
-0.18806606043831
-0.18835820159376
-0.18864828089472
-0.18893629927751
-0.18922225769024
-0.18950615709285
-0.18978799845700
-0.19006778276617
-0.19034551101552
-0.19062118421201
-0.19089480337428
-0.19116636953269
-0.19143588372930
-0.19170334701782
-0.19196876046367
-0.19223212514389
-0.19249344214717
-0.19275271257382
-0.19300993753577
-0.19326511815653
-0.19351825557121
-0.19376935092646
-0.19401840538052
-0.19426542010314
-0.19451039627561
-0.19475333509071
-0.19499423775274
-0.19523310547746
-0.19546993949210
-0.19570474103536
-0.19593751135735
-0.19616825171960
-0.19639696339508
-0.19662364766810
-0.19684830583438
-0.19707093920100
-0.19729154908636
-0.19751013682021
-0.19772670374361
-0.19794125120892
-0.19815378057978
-0.19836429323108
-0.19857279054898
-0.19877927393089
-0.19898374478540
-0.19918620453233
-0.19938665460268
-0.19958509643863
-0.19978153149350
-0.19997596123175
-0.20016838712899
-0.20035881067189
-0.20054723335825
-0.20073365669692
-0.20091808220782
-0.20110051142189
-0.20128094588113
-0.20145938713850
-0.20163583675799
-0.20181029631454
-0.20198276739406
-0.20215325159337
-0.20232175052025
-0.20248826579336
-0.20265279904226
-0.20281535190737
-0.20297592603997
-0.20313452310216
-0.20329114476688
-0.20344579271786
-0.20359846864960
-0.20374917426740
-0.20389791128726
-0.20404468143595
-0.20418948645093
-0.20433232808036
-0.20447320808307
-0.20461212822855
-0.20474909029693
-0.20488409607897
-0.20501714737602
-0.20514824600002
-0.20527739377348
-0.20540459252944
-0.20552984411150
-0.20565315037374
-0.20577451318074
-0.20589393440758
-0.20601141593976
-0.20612695967323
-0.20624056751435
-0.20635224137990
-0.20646198319701
-0.20656979490318
-0.20667567844627
-0.20677963578443
-0.20688166888614
-0.20698177973015
-0.20707997030547
-0.20717624261135
-0.20727059865730
-0.20736304046299
-0.20745357005830
-0.20754218948327
-0.20762890078809
-0.20771370603309
-0.20779660728866
-0.20787760663534
-0.20795670616369
-0.20803390797433
-0.20810921417792
-0.20818262689511
-0.20825414825654
-0.20832378040283
-0.20839152548453
-0.20845738566212
-0.20852136310599
-0.20858345999641
-0.20864367852351
-0.20870202088728
-0.20875848929752
-0.20881308597383
-0.20886581314561
-0.20891667305199
-0.20896566794188
-0.20901280007386
-0.20905807171626
-0.20910148514706
-0.20914304265388
-0.20918274653402
-0.20922059909434
-0.20925660265134
-0.20929075953107
-0.20932307206912
-0.20935354261063
-0.20938217351024
-0.20940896713206
-0.20943392584968
-0.20945705204613
-0.20947834811386
-0.20949781645471
-0.20951545947992
-0.20953127961006
-0.20954527927505
-0.20955746091411
-0.20956782697576
-0.20957637991777
-0.20958312220718
-0.20958805632024
-0.20959118474240
-0.20959250996828
-0.20959203450169
-0.20958976085553
-0.20958569155185
-0.20957982912175
-0.20957217610544
-0.20956273505215
-0.20955150852013
-0.20953849907663
-0.20952370929789
-0.20950714176909
-0.20948879908434
-0.20946868384666
-0.20944679866797
-0.20942314616904
-0.20939772897946
-0.20937054973767
-0.20934161109088
-0.20931091569509
-0.20927846621501
-0.20924426532412
-0.20920831570457
-0.20917062004719
-0.20913118105148
-0.20909000142554
-0.20904708388610
-0.20900243115847
-0.20895604597652
-0.20890793108265
-0.20885808922776
-0.20880652317128
-0.20875323568105
-0.20869822953340
-0.20864150751304
-0.20858307241309
-0.20852292703506
-0.20846107418875
-0.20839751669234
-0.20833225737227
-0.20826529906327
-0.20819664460832
-0.20812629685860
-0.20805425867352
-0.20798053292067
-0.20790512247575
-0.20782803022264
-0.20774925905328
-0.20766881186772
-0.20758669157404
-0.20750290108838
-0.20741744333485
-0.20733032124556
-0.20724153776057
-0.20715109582789
-0.20705899840340
-0.20696524845089
-0.20686984894201
-0.20677280285621
-0.20667411318078
-0.20657378291079
-0.20647181504904
-0.20636821260608
-0.20626297860018
-0.20615611605727
-0.20604762801094
-0.20593751750243
-0.20582578758056
-0.20571244130175
-0.20559748172997
-0.20548091193672
-0.20536273500101
-0.20524295400932
-0.20512157205559
-0.20499859224119
-0.20487401767489
-0.20474785147284
-0.20462009675855
-0.20449075666284
-0.20435983432383
-0.20422733288694
-0.20409325550481
-0.20395760533733
-0.20382038555156
-0.20368159932176
-0.20354124982931
-0.20339934026273
-0.20325587381762
-0.20311085369666
-0.20296428310956
-0.20281616527307
-0.20266650341089
-0.20251530075371
-0.20236256053917
-0.20220828601179
-0.20205248042300
-0.20189514703107
-0.20173628910111
-0.20157590990505
-0.20141401272159
-0.20125060083616
-0.20108567754097
-0.20091924613487
-0.20075130992343
-0.20058187221885
-0.20041093633995
-0.20023850561214
-0.20006458336742
-0.19988917294430
-0.19971227768783
-0.19953390094954
-0.19935404608741
-0.19917271646587
-0.19898991545576
-0.19880564643427
-0.19861991278498
-0.19843271789779
-0.19824406516888
-0.19805395800072
-0.19786239980202
-0.19766939398772
-0.19747494397893
-0.19727905320295
-0.19708172509320
-0.19688296308922
-0.19668277063663
-0.19648115118710
-0.19627810819835
-0.19607364513408
-0.19586776546398
-0.19566047266368
-0.19545177021473
-0.19524166160457
-0.19503015032652
-0.19481723987972
-0.19460293376913
-0.19438723550550
-0.19417014860532
-0.19395167659083
-0.19373182298994
-0.19351059133627
-0.19328798516905
-0.19306400803317
-0.19283866347906
-0.19261195506276
-0.19238388634581
-0.19215446089529
-0.19192368228373
-0.19169155408913
-0.19145807989491
-0.19122326328988
-0.19098710786825
-0.19074961722952
-0.19051079497855
-0.19027064472545
-0.19002917008563
-0.18978637467968
-0.18954226213343
-0.18929683607787
-0.18905010014913
-0.18880205798848
-0.18855271324225
-0.18830206956185
-0.18805013060373
-0.18779690002933
-0.18754238150508
-0.18728657870236
-0.18702949529746
-0.18677113497157
-0.18651150141075
-0.18625059830590
-0.18598842935272
-0.18572499825170
-0.18546030870807
-0.18519436443179
-0.18492716913753
-0.18465872654461
-0.18438904037700
-0.18411811436328
-0.18384595223660
-0.18357255773469
-0.18329793459979
-0.18302208657864
-0.18274501742245
-0.18246673088687
-0.18218723073197
-0.18190652072221
-0.18162460462638
-0.18134148621762
-0.18105716927337
-0.18077165757533
-0.18048495490944
-0.18019706506588
-0.17990799183897
-0.17961773902724
-0.17932631043331
-0.17903370986390
-0.17873994112983
-0.17844500804593
-0.17814891443107
-0.17785166410809
-0.17755326090379
-0.17725370864890
-0.17695301117805
-0.17665117232974
-0.17634819594630
-0.17604408587390
-0.17573884596248
-0.17543248006572
-0.17512499204106
-0.17481638574961
-0.17450666505618
-0.17419583382918
-0.17388389594068
-0.17357085526629
-0.17325671568521
-0.17294148108014
-0.17262515533730
-0.17230774234637
-0.17198924600045
-0.17166967019609
-0.17134901883318
-0.17102729581500
-0.17070450504814
-0.17038065044249
-0.17005573591118
-0.16972976537063
-0.16940274274042
-0.16907467194334
-0.16874555690532
-0.16841540155542
-0.16808420982579
-0.16775198565164
-0.16741873297122
-0.16708445572580
-0.16674915785960
-0.16641284331983
-0.16607551605658
-0.16573718002285
-0.16539783917451
-0.16505749747025
-0.16471615887158
-0.16437382734278
-0.16403050685086
-0.16368620136557
-0.16334091485935
-0.16299465130729
-0.16264741468712
-0.16229920897915
-0.16195003816631
-0.16159990623402
-0.16124881717026
-0.16089677496548
-0.16054378361257
-0.16018984710689
-0.15983496944617
-0.15947915463051
-0.15912240666237
-0.15876472954651
-0.15840612728998
-0.15804660390210
-0.15768616339437
-0.15732480978055
-0.15696254707652
-0.15659937930033
-0.15623531047211
-0.15587034461412
-0.15550448575061
-0.15513773790792
-0.15477010511434
-0.15440159140014
-0.15403220079752
-0.15366193734061
-0.15329080506541
-0.15291880800975
-0.15254595021331
-0.15217223571754
-0.15179766856569
-0.15142225280270
-0.15104599247524
-0.15066889163167
-0.15029095432197
-0.14991218459776
-0.14953258651224
-0.14915216412019
-0.14877092147789
-0.14838886264316
-0.14800599167527
-0.14762231263496
-0.14723782958436
-0.14685254658702
-0.14646646770782
-0.14607959701300
-0.14569193857008
-0.14530349644786
-0.14491427471639
-0.14452427744694
-0.14413350871196
-0.14374197258507
-0.14334967314099
-0.14295661445558
-0.14256280060574
-0.14216823566945
-0.14177292372567
-0.14137686885437
-0.14098007513647
-0.14058254665381
-0.14018428748915
-0.13978530172610
-0.13938559344913
-0.13898516674352
-0.13858402569534
-0.13818217439141
-0.13777961691928
-0.13737635736720
-0.13697239982410
-0.13656774837954
-0.13616240712371
-0.13575638014738
-0.13534967154186
-0.13494228539901
-0.13453422581120
-0.13412549687124
-0.13371610267240
-0.13330604730838
-0.13289533487324
-0.13248396946141
-0.13207195516766
-0.13165929608705
-0.13124599631490
-0.13083205994681
-0.13041749107857
-0.13000229380615
-0.12958647222572
-0.12917003043353
-0.12875297252596
-0.12833530259948
-0.12791702475058
-0.12749814307577
-0.12707866167157
-0.12665858463444
-0.12623791606078
-0.12581666004692
-0.12539482068902
-0.12497240208313
-0.12454940832510
-0.12412584351058
-0.12370171173498
-0.12327701709346
-0.12285176368087
-0.12242595559176
-0.12199959692031
-0.12157269176034
-0.12114524420527
-0.12071725834808
-0.12028873828129
-0.11985968809694
-0.11943011188655
-0.11900001374110
-0.11856939775100
-0.11813826800604
-0.11770662859543
-0.11727448360768
-0.11684183713065
-0.11640869325146
-0.11597505605652
-0.11554092963147
-0.11510631806114
-0.11467122542955
-0.11423565581988
-0.11379961331442
-0.11336310199457
-0.11292612594079
-0.11248868923259
-0.11205079594848
-0.11161245016596
-0.11117365596151
-0.11073441741051
-0.11029473858727
-0.10985462356496
-0.10941407641561
-0.10897310121006
-0.10853170201796
-0.10808988290771
-0.10764764794647
-0.10720500120010
-0.10676194673315
-0.10631848860882
-0.10587463088895
-0.10543037763398
-0.10498573290293
-0.10454070075336
-0.10409528524138
-0.10364949042157
-0.10320332034697
-0.10275677906909
-0.10230987063785
-0.10186259910153
-0.10141496850681
-0.10096698289866
-0.10051864632041
-0.10006996281362
-0.09962093641813
-0.09917157117201
-0.09872187111152
-0.09827184027109
-0.09782148268330
-0.09737080237886
-0.09691980338656
-0.09646848973326
-0.09601686544387
-0.09556493454130
-0.09511270104645
-0.09466016897819
-0.09420734235331
-0.09375422518652
-0.09330082149040
-0.09284713527541
-0.09239317054980
-0.09193893131965
-0.09148442158882
-0.09102964535889
-0.09057460662920
-0.09011930939676
-0.08966375765626
-0.08920795540005
-0.08875190661807
-0.08829561529789
-0.08783908542461
-0.08738232098090
-0.08692532594693
-0.08646810430036
-0.08601066001632
-0.08555299706737
-0.08509511942350
-0.08463703105207
-0.08417873591779
-0.08372023798274
-0.08326154120627
-0.08280264954504
-0.08234356695295
-0.08188429738116
-0.08142484477801
-0.08096521308902
-0.08050540625689
-0.08004542822143
-0.07958528291957
-0.07912497428530
-0.07866450624968
-0.07820388274081
-0.07774310768376
-0.07728218500061
-0.07682111861038
-0.07635991242901
-0.07589857036938
-0.07543709634120
-0.07497549425107
-0.07451376800239
-0.07405192149540
-0.07358995862708
-0.07312788329119
-0.07266569937821
-0.07220341077531
-0.07174102136638
-0.07127853503192
-0.07081595564908
-0.07035328709162
-0.06989053322988
-0.06942769793074
-0.06896478505764
-0.06850179847049
-0.06803874202572
-0.06757561957620
-0.06711243497124
-0.06664919205655
-0.06618589467424
-0.06572254666277
-0.06525915185694
-0.06479571408788
-0.06433223718298
-0.06386872496591
-0.06340518125660
-0.06294160987115
-0.06247801462190
-0.06201439931733
-0.06155076776209
-0.06108712375692
-0.06062347109869
-0.06015981358032
-0.05969615499080
-0.05923249911513
-0.05876884973432
-0.05830521062536
-0.05784158556120
-0.05737797831072
-0.05691439263871
-0.05645083230584
-0.05598730106865
-0.05552380267952
-0.05506034088663
-0.05459691943398
-0.05413354206133
-0.05367021250417
-0.05320693449373
-0.05274371175693
-0.05228054801640
-0.05181744699037
-0.05135441239275
-0.05089144793304
-0.05042855731632
-0.04996574424325
-0.04950301241001
-0.04904036550831
-0.04857780722537
-0.04811534124385
-0.04765297124189
-0.04719070089305
-0.04672853386629
-0.04626647382595
-0.04580452443175
-0.04534268933872
-0.04488097219723
-0.04441937665295
-0.04395790634679
-0.04349656491493
-0.04303535598879
-0.04257428319498
-0.04211335015530
-0.04165256048670
-0.04119191780129
-0.04073142570628
-0.04027108780399
-0.03981090769182
-0.03935088896221
-0.03889103520263
-0.03843134999557
-0.03797183691851
-0.03751249954390
-0.03705334143912
-0.03659436616649
-0.03613557728322
-0.03567697834142
-0.03521857288805
-0.03476036446491
-0.03430235660862
-0.03384455285060
-0.03338695671704
-0.03292957172889
-0.03247240140185
-0.03201544924630
-0.03155871876734
-0.03110221346474
-0.03064593683291
-0.03018989236090
-0.02973408353238
-0.02927851382558
-0.02882318671334
-0.02836810566301
-0.02791327413649
-0.02745869559020
-0.02700437347501
-0.02655031123631
-0.02609651231388
-0.02564298014197
-0.02518971814923
-0.02473672975869
-0.02428401838774
-0.02383158744814
-0.02337944034597
-0.02292758048159
-0.02247601124970
-0.02202473603922
-0.02157375823336
-0.02112308120952
-0.02067270833935
-0.02022264298865
-0.01977288851743
-0.01932344827982
-0.01887432562410
-0.01842552389266
-0.01797704642198
-0.01752889654263
-0.01708107757921
-0.01663359285037
-0.01618644566879
-0.01573963934112
-0.01529317716803
-0.01484706244411
-0.01440129845791
-0.01395588849192
-0.01351083582250
-0.01306614371994
-0.01262181544835
-0.01217785426572
-0.01173426342388
-0.01129104616844
-0.01084820573882
-0.01040574536823
-0.00996366828362
-0.00952197770569
-0.00908067684885
-0.00863976892123
-0.00819925712463
-0.00775914465452
-0.00731943470003
-0.00688013044393
-0.00644123506257
-0.00600275172593
-0.00556468359756
-0.00512703383456
-0.00468980558759
-0.00425300200083
-0.00381662621196
-0.00338068135218
-0.00294517054613
-0.00251009691192
-0.00207546356112
-0.00164127359870
-0.00120753012304
-0.00077423622591
-0.00034139499247
0.00009099049879
0.00052291717604
0.00095438197411
0.00138538183453
0.00181591370555
0.00224597454214
0.00267556130602
0.00310467096567
0.00353330049635
0.00396144688010
0.00438910710578
0.00481627816908
0.00524295707253
0.00566914082551
0.00609482644429
0.00652001095201
0.00694469137873
0.00736886476142
0.00779252814402
0.00821567857738
0.00863831311934
0.00906042883474
0.00948202279539
0.00990309208013
0.01032363377484
0.01074364497243
0.01116312277289
0.01158206428327
0.01200046661772
0.01241832689750
0.01283564225098
0.01325240981369
0.01366862672829
0.01408429014463
0.01449939721971
0.01491394511775
0.01532793101018
0.01574135207566
0.01615420550007
0.01656648847657
0.01697819820557
0.01738933189477
0.01779988675918
0.01820986002111
0.01861924891019
0.01902805066341
0.01943626252510
0.01984388174696
0.02025090558809
0.02065733131496
0.02106315620147
0.02146837752893
0.02187299258610
0.02227699866919
0.02268039308187
0.02308317313529
0.02348533614809
0.02388687944642
0.02428780036395
0.02468809624186
0.02508776442891
0.02548680228140
0.02588520716319
0.02628297644575
0.02668010750813
0.02707659773698
0.02747244452660
0.02786764527890
0.02826219740346
0.02865609831750
0.02904934544593
0.02944193622133
0.02983386808399
0.03022513848190
0.03061574487080
0.03100568471412
0.03139495548307
0.03178355465662
0.03217147972148
0.03255872817219
0.03294529751103
0.03333118524814
0.03371638890144
0.03410090599669
0.03448473406752
0.03486787065536
0.03525031330956
0.03563205958730
0.03601310705368
0.03639345328168
0.03677309585221
0.03715203235407
0.03753026038402
0.03790777754676
0.03828458145494
0.03866066972916
0.03903603999802
0.03941068989810
0.03978461707396
0.04015781917821
0.04053029387143
0.04090203882226
0.04127305170737
0.04164333021149
0.04201287202739
0.04238167485593
0.04274973640604
0.04311705439476
0.04348362654720
0.04384945059660
0.04421452428433
0.04457884535986
0.04494241158085
0.04530522071305
0.04566727053042
0.04602855881507
0.04638908335728
0.04674884195554
0.04710783241652
0.04746605255511
0.04782350019440
0.04818017316573
0.04853606930865
0.04889118647097
0.04924552250875
0.04959907528631
0.04995184267624
0.05030382255941
0.05065501282499
0.05100541137042
0.05135501610146
0.05170382493221
0.05205183578504
0.05239904659070
0.05274545528824
0.05309105982509
0.05343585815702
0.05377984824816
0.05412302807102
0.05446539560649
0.05480694884384
0.05514768578074
0.05548760442327
0.05582670278590
0.05616497889156
0.05650243077155
0.05683905646566
0.05717485402208
0.05750982149746
0.05784395695693
0.05817725847404
0.05850972413086
0.05884135201789
0.05917214023414
0.05950208688711
0.05983119009281
0.06015944797572
0.06048685866886
0.06081342031377
0.06113913106051
0.06146398906765
0.06178799250235
0.06211113954026
0.06243342836561
0.06275485717120
0.06307542415835
0.06339512753700
0.06371396552563
0.06403193635133
0.06434903824975
0.06466526946515
0.06498062825040
0.06529511286696
0.06560872158490
0.06592145268291
0.06623330444832
0.06654427517706
0.06685436317372
0.06716356675150
0.06747188423228
0.06777931394656
0.06808585423350
0.06839150344094
0.06869625992536
0.06900012205191
0.06930308819444
0.06960515673546
0.06990632606617
0.07020659458644
0.07050596070488
0.07080442283874
0.07110197941401
0.07139862886539
0.07169436963626
0.07198920017876
0.07228311895370
0.07257612443065
0.07286821508790
0.07315938941247
0.07344964590011
0.07373898305532
0.07402739939133
0.07431489343014
0.07460146370248
0.07488710874785
0.07517182711449
0.07545561735943
0.07573847804843
0.07602040775605
0.07630140506560
0.07658146856919
0.07686059686767
0.07713878857071
0.07741604229674
0.07769235667299
0.07796773033548
0.07824216192900
0.07851565010718
0.07878819353240
0.07905979087587
0.07933044081761
0.07960014204642
0.07986889325992
0.08013669316455
0.08040354047555
0.08066943391698
0.08093437222172
0.08119835413147
0.08146137839674
0.08172344377688
0.08198454904005
0.08224469296326
0.08250387433231
0.08276209194186
0.08301934459541
0.08327563110526
0.08353095029258
0.08378530098734
0.08403868202839
0.08429109226339
0.08454253054884
0.08479299575009
0.08504248674134
0.08529100240561
0.08553854163480
0.08578510332962
0.08603068639964
0.08627528976328
0.08651891234780
0.08676155308932
0.08700321093280
0.08724388483204
0.08748357374972
0.08772227665733
0.08795999253524
0.08819672037265
0.08843245916763
0.08866720792709
0.08890096566680
0.08913373141135
0.08936550419421
0.08959628305771
0.08982606705299
0.09005485524007
0.09028264668782
0.09050944047393
0.09073523568498
0.09096003141636
0.09118382677233
0.09140662086599
0.09162841281927
0.09184920176298
0.09206898683675
0.09228776718904
0.09250554197718
0.09272231036733
0.09293807153448
0.09315282466247
0.09336656894397
0.09357930358049
0.09379102778237
0.09400174076879
0.09421144176776
0.09442013001610
0.09462780475949
0.09483446525241
0.09504011075817
0.09524474054892
0.09544835390560
0.09565095011799
0.09585252848469
0.09605308831310
0.09625262891943
0.09645114962871
0.09664864977477
0.09684512870026
0.09704058575661
0.09723502030407
0.09742843171167
0.09762081935725
0.09781218262743
0.09800252091762
0.09819183363203
0.09838012018363
0.09856737999420
0.09875361249427
0.09893881712317
0.09912299332896
0.09930614056852
0.09948825830747
0.09966934602017
0.09984940318977
0.10002842930816
0.10020642387599
0.10038338640264
0.10055931640625
0.10073421341369
0.10090807696058
0.10108090659125
0.10125270185878
0.10142346232495
0.10159318756029
0.10176187714402
0.10192953066408
0.10209614771713
0.10226172790852
0.10242627085229
0.10258977617120
0.10275224349669
0.10291367246887
0.10307406273654
0.10323341395720
0.10339172579698
0.10354899793070
0.10370523004185
0.10386042182256
0.10401457297361
0.10416768320445
0.10431975223314
0.10447077978641
0.10462076559959
0.10476970941666
0.10491761099020
0.10506447008143
0.10521028646016
0.10535505990482
0.10549879020241
0.10564147714856
0.10578312054746
0.10592372021190
0.10606327596323
0.10620178763138
0.10633925505485
0.10647567808067
0.10661105656446
0.10674539037035
0.10687867937104
0.10701092344774
0.10714212249020
0.10727227639669
0.10740138507399
0.10752944843738
0.10765646641066
0.10778243892610
0.10790736592449
0.10803124735508
0.10815408317558
0.10827587335220
0.10839661785959
0.10851631668085
0.10863496980756
0.10875257723968
0.10886913898567
0.10898465506236
0.10909912549502
0.10921255031734
0.10932492957140
0.10943626330768
0.10954655158504
0.10965579447073
0.10976399204037
0.10987114437794
0.10997725157580
0.11008231373463
0.11018633096347
0.11028930337969
0.11039123110898
0.11049211428535
0.11059195305114
0.11069074755696
0.11078849796173
0.11088520443266
0.11098086714523
0.11107548628319
0.11116906203855
0.11126159461157
0.11135308421076
0.11144353105287
0.11153293536285
0.11162129737390
0.11170861732740
0.11179489547295
0.11188013206833
0.11196432737952
0.11204748168065
0.11212959525402
0.11221066839010
0.11229070138748
0.11236969455292
0.11244764820127
0.11252456265553
0.11260043824680
0.11267527531427
0.11274907420522
0.11282183527502
0.11289355888712
0.11296424541300
0.11303389523221
0.11310250873235
0.11317008630905
0.11323662836594
0.11330213531469
0.11336660757495
0.11343004557439
0.11349244974862
0.11355382054126
0.11361415840389
0.11367346379601
0.11373173718509
0.11378897904653
0.11384518986363
0.11390037012762
0.11395452033764
0.11400764100068
0.11405973263164
0.11411079575328
0.11416083089621
0.11420983859891
0.11425781940767
0.11430477387662
0.11435070256768
0.11439560605062
0.11443948490295
0.11448233970999
0.11452417106483
0.11456497956832
0.11460476582903
0.11464353046330
0.11468127409519
0.11471799735644
0.11475370088655
0.11478838533265
0.11482205134959
0.11485469959988
0.11488633075367
0.11491694548878
0.11494654449063
0.11497512845229
0.11500269807443
0.11502925406530
0.11505479714077
0.11507932802426
0.11510284744674
0.11512535614676
0.11514685487038
0.11516734437120
0.11518682541034
0.11520529875639
0.11522276518546
0.11523922548112
0.11525468043441
0.11526913084382
0.11528257751526
0.11529502126210
0.11530646290510
0.11531690327242
0.11532634319962
0.11533478352963
0.11534222511275
0.11534866880660
0.11535411547618
0.11535856599378
0.11536202123901
0.11536448209879
0.11536594946732
0.11536642424605
0.11536590734373
0.11536439967631
0.11536190216700
0.11535841574622
0.11535394135161
0.11534847992798
0.11534203242733
0.11533459980882
0.11532618303877
0.11531678309064
0.11530640094499
0.11529503758953
0.11528269401902
0.11526937123536
0.11525507024746
0.11523979207134
0.11522353773002
0.11520630825356
0.11518810467906
0.11516892805058
0.11514877941919
0.11512765984293
0.11510557038678
0.11508251212270
0.11505848612954
0.11503349349309
0.11500753530603
0.11498061266793
0.11495272668523
0.11492387847123
0.11489406914607
0.11486329983672
0.11483157167696
0.11479888580739
0.11476524337536
0.11473064553502
0.11469509344725
0.11465858827971
0.11462113120673
0.11458272340940
0.11454336607549
0.11450306039943
0.11446180758236
0.11441960883202
0.11437646536282
0.11433237839579
0.11428734915855
0.11424137888532
0.11419446881689
0.11414662020063
0.11409783429042
0.11404811234670
0.11399745563642
0.11394586543300
0.11389334301639
0.11383988967296
0.11378550669557
0.11373019538349
0.11367395704244
0.11361679298451
0.11355870452821
0.11349969299841
0.11343975972635
0.11337890604958
0.11331713331202
0.11325444286387
0.11319083606164
0.11312631426812
0.11306087885235
0.11299453118963
0.11292727266148
0.11285910465564
0.11279002856606
0.11272004579286
0.11264915774231
0.11257736582688
0.11250467146511
0.11243107608172
0.11235658110747
0.11228118797927
0.11220489814004
0.11212771303878
0.11204963413054
0.11197066287635
0.11189080074327
0.11181004920435
0.11172840973859
0.11164588383095
0.11156247297233
0.11147817865955
0.11139300239533
0.11130694568828
0.11122001005286
0.11113219700941
0.11104350808408
0.11095394480886
0.11086350872152
0.11077220136564
0.11068002429054
0.11058697905131
0.11049306720876
0.11039829032943
0.11030264998555
0.11020614775503
0.11010878522145
0.11001056397404
0.10991148560764
0.10981155172273
0.10971076392537
0.10960912382720
0.10950663304542
0.10940329320278
0.10929910592756
0.10919407285352
0.10908819561995
0.10898147587157
0.10887391525861
0.10876551543668
0.10865627806685
0.10854620481558
0.10843529735472
0.10832355736148
0.10821098651842
0.10809758651344
0.10798335903975
0.10786830579585
0.10775242848552
0.10763572881782
0.10751820850703
0.10739986927266
0.10728071283942
0.10716074093724
0.10703995530118
0.10691835767147
0.10679594979349
0.10667273341771
0.10654871029971
0.10642388220016
0.10629825088477
0.10617181812432
0.10604458569459
0.10591655537638
0.10578772895549
0.10565810822266
0.10552769497362
0.10539649100900
0.10526449813437
0.10513171816019
0.10499815290179
0.10486380417938
0.10472867381798
0.10459276364746
0.10445607550250
0.10431861122253
0.10418037265179
0.10404136163925
0.10390158003860
0.10376102970826
0.10361971251133
0.10347763031560
0.10333478499349
0.10319117842209
0.10304681248308
0.10290168906276
0.10275581005199
0.10260917734620
0.10246179284538
0.10231365845402
0.10216477608113
0.10201514764020
0.10186477504918
0.10171366023049
0.10156180511096
0.10140921162183
0.10125588169875
0.10110181728172
0.10094702031511
0.10079149274762
0.10063523653225
0.10047825362632
0.10032054599141
0.10016211559337
0.10000296440227
0.09984309439242
0.09968250754231
0.09952120583464
0.09935919125624
0.09919646579809
0.09903303145531
0.09886889022711
0.09870404411679
0.09853849513170
0.09837224528325
0.09820529658688
0.09803765106203
0.09786931073212
0.09770027762456
0.09753055377068
0.09736014120575
0.09718904196897
0.09701725810341
0.09684479165601
0.09667164467756
0.09649781922269
0.09632331734984
0.09614814112124
0.09597229260289
0.09579577386456
0.09561858697973
0.09544073402561
0.09526221708310
0.09508303823676
0.09490319957484
0.09472270318919
0.09454155117529
0.09435974563221
0.09417728866262
0.09399418237272
0.09381042887224
0.09362603027446
0.09344098869613
0.09325530625749
0.09306898508223
0.09288202729748
0.09269443503378
0.09250621042510
0.09231735560874
0.09212787272539
0.09193776391908
0.09174703133714
0.09155567713020
0.09136370345220
0.09117111246029
0.09097790631489
0.09078408717964
0.09058965722137
0.09039461861008
0.09019897351895
0.09000272412428
0.08980587260549
0.08960842114512
0.08941037192876
0.08921172714508
0.08901248898578
0.08881265964557
0.08861224132218
0.08841123621630
0.08820964653158
0.08800747447463
0.08780472225494
0.08760139208494
0.08739748617990
0.08719300675797
0.08698795604014
0.08678233625020
0.08657614961475
0.08636939836317
0.08616208472759
0.08595421094288
0.08574577924663
0.08553679187911
0.08532725108328
0.08511715910477
0.08490651819182
0.08469533059531
0.08448359856868
0.08427132436798
0.08405851025181
0.08384515848129
0.08363127132006
0.08341685103427
0.08320189989252
0.08298642016587
0.08277041412784
0.08255388405433
0.08233683222364
0.08211926091646
0.08190117241582
0.08168256900708
0.08146345297792
0.08124382661831
0.08102369222048
0.08080305207893
0.08058190849038
0.08036026375376
0.08013812017020
0.07991548004298
0.07969234567756
0.07946871938150
0.07924460346449
0.07902000023830
0.07879491201677
0.07856934111578
0.07834328985325
0.07811676054911
0.07788975552526
0.07766227710559
0.07743432761592
0.07720590938400
0.07697702473949
0.07674767601393
0.07651786554074
0.07628759565515
0.07605686869427
0.07582568699696
0.07559405290390
0.07536196875752
0.07512943690199
0.07489645968321
0.07466303944880
0.07442917854802
0.07419487933183
0.07396014415282
0.07372497536520
0.07348937532478
0.07325334638896
0.07301689091669
0.07278001126847
0.07254270980631
0.07230498889373
0.07206685089573
0.07182829817876
0.07158933311072
0.07134995806092
0.07111017540007
0.07086998750027
0.07062939673496
0.07038840547894
0.07014701610830
0.06990523100045
0.06966305253407
0.06942048308910
0.06917752504670
0.06893418078928
0.06869045270041
0.06844634316485
0.06820185456853
0.06795698929850
0.06771174974293
0.06746613829107
0.06722015733328
0.06697380926095
0.06672709646649
0.06648002134337
0.06623258628601
0.06598479368982
0.06573664595118
0.06548814546738
0.06523929463663
0.06499009585805
0.06474055153161
0.06449066405815
0.06424043583933
0.06398986927763
0.06373896677634
0.06348773073949
0.06323616357188
0.06298426767905
0.06273204546724
0.06247949934340
0.06222663171512
0.06197344499068
0.06171994157896
0.06146612388949
0.06121199433236
0.06095755531824
0.06070280925837
0.06044775856449
0.06019240564889
0.05993675292433
0.05968080280405
0.05942455770174
0.05916802003152
0.05891119220794
0.05865407664591
0.05839667576075
0.05813899196812
0.05788102768400
0.05762278532470
0.05736426730682
0.05710547604724
0.05684641396308
0.05658708347170
0.05632748699068
0.05606762693780
0.05580750573099
0.05554712578837
0.05528648952818
0.05502559936875
0.05476445772856
0.05450306702612
0.05424142968003
0.05397954810889
0.05371742473136
0.05345506196607
0.05319246223164
0.05292962794663
0.05266656152957
0.05240326539889
0.05213974197293
0.05187599366988
0.05161202290785
0.05134783210473
0.05108342367827
0.05081880004601
0.05055396362527
0.05028891683314
0.05002366208646
0.04975820180177
0.04949253839535
0.04922667428313
0.04896061188074
0.04869435360344
0.04842790186611
0.04816125908325
0.04789442766894
0.04762741003686
0.04736020860020
0.04709282577169
0.04682526396361
0.04655752558768
0.04628961305512
0.04602152877661
0.04575327516226
0.04548485462158
0.04521626956351
0.04494752239633
0.04467861552771
0.04440955136465
0.04414033231346
0.04387096077976
0.04360143916846
0.04333176988372
0.04306195532896
0.04279199790682
0.04252190001913
0.04225166406693
0.04198129245043
0.04171078756897
0.04144015182104
0.04116938760424
0.04089849731525
0.04062748334984
0.04035634810283
0.04008509396808
0.03981372333846
0.03954223860586
0.03927064216113
0.03899893639410
0.03872712369352
0.03845520644710
0.03818318704142
0.03791106786198
0.03763885129312
0.03736653971807
0.03709413551885
0.03682164107632
0.03654905877013
0.03627639097871
0.03600364007924
0.03573080844765
0.03545789845859
0.03518491248542
0.03491185290016
0.03463872207353
0.03436552237488
0.03409225617219
0.03381892583206
0.03354553371969
0.03327208219884
0.03299857363184
0.03272501037956
0.03245139480137
0.03217772925518
0.03190401609735
0.03163025768274
0.03135645636464
0.03108261449477
0.03080873442328
0.03053481849869
0.03026086906793
0.02998688847626
0.02971287906730
0.02943884318300
0.02916478316359
0.02889070134761
0.02861660007187
0.02834248167142
0.02806834847957
0.02779420282783
0.02752004704590
0.02724588346170
0.02697171440127
0.02669754218882
0.02642336914671
0.02614919759537
0.02587502985336
0.02560086823731
0.02532671506189
0.02505257263983
0.02477844328190
0.02450432929685
0.02423023299144
0.02395615667039
0.02368210263638
0.02340807319005
0.02313407062994
0.02286009725249
0.02258615535204
0.02231224722081
0.02203837514886
0.02176454142408
0.02149074833219
0.02121699815672
0.02094329317898
0.02066963567803
0.02039602793072
0.02012247221159
0.01984897079294
0.01957552594475
0.01930213993468
0.01902881502807
0.01875555348791
0.01848235757483
0.01820922954705
0.01793617166043
0.01766318616838
0.01739027532191
0.01711744136956
0.01684468655741
0.01657201312907
0.01629942332563
0.01602691938568
0.01575450354529
0.01548217803797
0.01520994509467
0.01493780694375
0.01466576581100
0.01439382391957
0.01412198349001
0.01385024674019
0.01357861588537
0.01330709313809
0.01303568070821
0.01276438080290
0.01249319562659
0.01222212738096
0.01195117826496
0.01168035047475
0.01140964620371
0.01113906764241
0.01086861697861
0.01059829639724
0.01032810808035
0.01005805420715
0.00978813695398
0.00951835849425
0.00924872099848
0.00897922663425
0.00870987756620
0.00844067595601
0.00817162396240
0.00790272374108
0.00763397744476
0.00736538722313
0.00709695522286
0.00682868358753
0.00656057445769
0.00629262997080
0.00602485226122
0.00575724346020
0.00548980569585
0.00522254109316
0.00495545177394
0.00468853985686
0.00442180745738
0.00415525668776
0.00388888965704
0.00362270847104
0.00335671523234
0.00309091204025
0.00282530099078
0.00255988417671
0.00229466368745
0.00202964160913
0.00176482002455
0.00150020101313
0.00123578665096
0.00097157901073
0.00070758016176
0.00044379216994
0.00018021709777
-0.00008314299573
-0.00034628605494
-0.00060921002772
-0.00087191286543
-0.00113439252288
-0.00139664695842
-0.00165867413391
-0.00192047201472
-0.00218203856980
-0.00244337177165
-0.00270446959633
-0.00296533002351
-0.00322595103645
-0.00348633062203
-0.00374646677076
-0.00400635747679
-0.00426600073795
-0.00452539455570
-0.00478453693521
-0.00504342588536
-0.00530205941871
-0.00556043555157
-0.00581855230399
-0.00607640769975
-0.00633399976641
-0.00659132653531
-0.00684838604158
-0.00710517632415
-0.00736169542577
-0.00761794139303
-0.00787391227635
-0.00812960613002
-0.00838502101219
-0.00864015498491
-0.00889500611411
-0.00914957246963
-0.00940385212525
-0.00965784315866
-0.00991154365151
-0.01016495168942
-0.01041806536196
-0.01067088276271
-0.01092340198924
-0.01117562114313
-0.01142753832997
-0.01167915165940
-0.01193045924512
-0.01218145920486
-0.01243214966046
-0.01268252873781
-0.01293259456692
-0.01318234528191
-0.01343177902101
-0.01368089392659
-0.01392968814517
-0.01417815982741
-0.01442630712818
-0.01467412820650
-0.01492162122558
-0.01516878435286
-0.01541561575999
-0.01566211362284
-0.01590827612153
-0.01615410144043
-0.01639958776819
-0.01664473329770
-0.01688953622618
-0.01713399475513
-0.01737810709036
-0.01762187144200
-0.01786528602453
-0.01810834905676
-0.01835105876187
-0.01859341336739
-0.01883541110524
-0.01907705021175
-0.01931832892761
-0.01955924549795
-0.01979979817233
-0.02003998520473
-0.02027980485357
-0.02051925538176
-0.02075833505663
-0.02099704215003
-0.02123537493827
-0.02147333170219
-0.02171091072711
-0.02194811030289
-0.02218492872392
-0.02242136428913
-0.02265741530201
-0.02289308007059
-0.02312835690751
-0.02336324412997
-0.02359774005977
-0.02383184302333
-0.02406555135165
-0.02429886338039
-0.02453177744984
-0.02476429190492
-0.02499640509523
-0.02522811537501
-0.02545942110319
-0.02569032064340
-0.02592081236393
-0.02615089463782
-0.02638056584278
-0.02660982436129
-0.02683866858053
-0.02706709689245
-0.02729510769373
-0.02752269938584
-0.02774987037501
-0.02797661907225
-0.02820294389337
-0.02842884325897
-0.02865431559449
-0.02887935933015
-0.02910397290104
-0.02932815474707
-0.02955190331299
-0.02977521704841
-0.02999809440784
-0.03022053385061
-0.03044253384098
-0.03066409284809
-0.03088520934597
-0.03110588181358
-0.03132610873478
-0.03154588859838
-0.03176521989812
-0.03198410113268
-0.03220253080569
-0.03242050742577
-0.03263802950648
-0.03285509556639
-0.03307170412903
-0.03328785372296
-0.03350354288170
-0.03371877014383
-0.03393353405294
-0.03414783315762
-0.03436166601155
-0.03457503117340
-0.03478792720695
-0.03500035268100
-0.03521230616944
-0.03542378625124
-0.03563479151046
-0.03584532053623
-0.03605537192280
-0.03626494426954
-0.03647403618093
-0.03668264626655
-0.03689077314115
-0.03709841542460
-0.03730557174193
-0.03751224072330
-0.03771842100406
-0.03792411122473
-0.03812931003098
-0.03833401607368
-0.03853822800891
-0.03874194449793
-0.03894516420720
-0.03914788580840
-0.03935010797843
-0.03955182939944
-0.03975304875876
-0.03995376474902
-0.04015397606806
-0.04035368141899
-0.04055287951017
-0.04075156905524
-0.04094974877310
-0.04114741738796
-0.04134457362928
-0.04154121623184
-0.04173734393572
-0.04193295548628
-0.04212804963423
-0.04232262513558
-0.04251668075166
-0.04271021524915
-0.04290322740006
-0.04309571598174
-0.04328767977689
-0.04347911757357
-0.04367002816522
-0.04386041035061
-0.04405026293392
-0.04423958472469
-0.04442837453785
-0.04461663119372
-0.04480435351803
-0.04499154034190
-0.04517819050185
-0.04536430283984
-0.04554987620323
-0.04573490944480
-0.04591940142279
-0.04610335100084
-0.04628675704805
-0.04646961843896
-0.04665193405357
-0.04683370277733
-0.04701492350115
-0.04719559512140
-0.04737571653995
-0.04755528666410
-0.04773430440669
-0.04791276868599
-0.04809067842579
-0.04826803255539
-0.04844483000955
-0.04862106972856
-0.04879675065823
-0.04897187174987
-0.04914643196030
-0.04932043025189
-0.04949386559251
-0.04966673695558
-0.04983904332005
-0.05001078367041
-0.05018195699670
-0.05035256229451
-0.05052259856497
-0.05069206481479
-0.05086096005622
-0.05102928330709
-0.05119703359078
-0.05136420993628
-0.05153081137812
-0.05169683695642
-0.05186228571691
-0.05202715671087
-0.05219144899520
-0.05235516163238
-0.05251829369050
-0.05268084424324
-0.05284281236991
-0.05300419715540
-0.05316499769023
-0.05332521307053
-0.05348484239806
-0.05364388478019
-0.05380233932993
-0.05396020516590
-0.05411748141236
-0.05427416719921
-0.05443026166199
-0.05458576394187
-0.05474067318567
-0.05489498854586
-0.05504870918055
-0.05520183425352
-0.05535436293418
-0.05550629439762
-0.05565762782457
-0.05580836240144
-0.05595849732029
-0.05610803177887
-0.05625696498058
-0.05640529613449
-0.05655302445535
-0.05670014916361
-0.05684666948535
-0.05699258465238
-0.05713789390217
-0.05728259647786
-0.05742669162832
-0.05757017860806
-0.05771305667732
-0.05785532510201
-0.05799698315376
-0.05813803010986
-0.05827846525332
-0.05841828787286
-0.05855749726288
-0.05869609272349
-0.05883407356052
-0.05897143908548
-0.05910818861561
-0.05924432147384
-0.05937983698883
-0.05951473449494
-0.05964901333225
-0.05978267284654
-0.05991571238931
-0.06004813131779
-0.06017992899491
-0.06031110478934
-0.06044165807544
-0.06057158823331
-0.06070089464876
-0.06082957671335
-0.06095763382431
-0.06108506538465
-0.06121187080306
-0.06133804949399
-0.06146360087758
-0.06158852437972
-0.06171281943202
-0.06183648547182
-0.06195952194218
-0.06208192829189
-0.06220370397547
-0.06232484845316
-0.06244536119094
-0.06256524166051
-0.06268448933929
-0.06280310371046
-0.06292108426289
-0.06303843049120
-0.06315514189573
-0.06327121798256
-0.06338665826348
-0.06350146225602
-0.06361562948343
-0.06372915947470
-0.06384205176454
-0.06395430589337
-0.06406592140736
-0.06417689785839
-0.06428723480407
-0.06439693180773
-0.06450598843844
-0.06461440427097
-0.06472217888583
-0.06482931186923
-0.06493580281312
-0.06504165131517
-0.06514685697875
-0.06525141941297
-0.06535533823263
-0.06545861305827
-0.06556124351614
-0.06566322923819
-0.06576456986210
-0.06586526503124
-0.06596531439471
-0.06606471760730
-0.06616347432951
-0.06626158422757
-0.06635904697339
-0.06645586224457
-0.06655202972444
-0.06664754910201
-0.06674242007200
-0.06683664233481
-0.06693021559655
-0.06702313956901
-0.06711541396968
-0.06720703852173
-0.06729801295402
-0.06738833700109
-0.06747801040318
-0.06756703290618
-0.06765540426168
-0.06774312422694
-0.06783019256491
-0.06791660904417
-0.06800237343901
-0.06808748552937
-0.06817194510085
-0.06825575194472
-0.06833890585792
-0.06842140664302
-0.06850325410827
-0.06858444806755
-0.06866498834041
-0.06874487475202
-0.06882410713323
-0.06890268532050
-0.06898060915594
-0.06905787848729
-0.06913449316794
-0.06921045305688
-0.06928575801874
-0.06936040792379
-0.06943440264789
-0.06950774207254
-0.06958042608484
-0.06965245457751
-0.06972382744887
-0.06979454460284
-0.06986460594895
-0.06993401140233
-0.07000276088369
-0.07007085431935
-0.07013829164118
-0.07020507278668
-0.07027119769889
-0.07033666632645
-0.07040147862356
-0.07046563454999
-0.07052913407108
-0.07059197715773
-0.07065416378638
-0.07071569393904
-0.07077656760326
-0.07083678477215
-0.07089634544434
-0.07095524962400
-0.07101349732085
-0.07107108855012
-0.07112802333257
-0.07118430169448
-0.07123992366764
-0.07129488928935
-0.07134919860244
-0.07140285165520
-0.07145584850146
-0.07150818920051
-0.07155987381715
-0.07161090242165
-0.07166127508978
-0.07171099190275
-0.07176005294726
-0.07180845831549
-0.07185620810505
-0.07190330241903
-0.07194974136594
-0.07199552505978
-0.07204065361994
-0.07208512717129
-0.07212894584410
-0.07217210977407
-0.07221461910234
-0.07225647397544
-0.07229767454532
-0.07233822096933
-0.07237811341023
-0.07241735203616
-0.07245593702066
-0.07249386854264
-0.07253114678640
-0.07256777194160
-0.07260374420327
-0.07263906377180
-0.07267373085294
-0.07270774565779
-0.07274110840278
-0.07277381930969
-0.07280587860563
-0.07283728652303
-0.07286804329965
-0.07289814917855
-0.07292760440811
-0.07295640924200
-0.07298456393921
-0.07301206876400
-0.07303892398591
-0.07306512987977
-0.07309068672568
-0.07311559480900
-0.07313985442035
-0.07316346585560
-0.07318642941588
-0.07320874540754
-0.07323041414219
-0.07325143593663
-0.07327181111291
-0.07329153999829
-0.07331062292522
-0.07332906023137
-0.07334685225959
-0.07336399935794
-0.07338050187962
-0.07339636018305
-0.07341157463178
-0.07342614559454
-0.07344007344520
-0.07345335856280
-0.07346600133148
-0.07347800214056
-0.07348936138444
-0.07350007946268
-0.07351015677990
-0.07351959374588
-0.07352839077545
-0.07353654828856
-0.07354406671023
-0.07355094647054
-0.07355718800468
-0.07356279175285
-0.07356775816033
-0.07357208767745
-0.07357578075955
-0.07357883786704
-0.07358125946531
-0.07358304602480
-0.07358419802093
-0.07358471593414
-0.07358460024985
-0.07358385145847
-0.07358247005539
-0.07358045654095
-0.07357781142047
-0.07357453520421
-0.07357062840739
-0.07356609155016
-0.07356092515758
-0.07355512975966
-0.07354870589131
-0.07354165409234
-0.07353397490746
-0.07352566888628
-0.07351673658326
-0.07350717855777
-0.07349699537401
-0.07348618760106
-0.07347475581284
-0.07346270058809
-0.07345002251041
-0.07343672216820
-0.07342280015469
-0.07340825706789
-0.07339309351064
-0.07337731009053
-0.07336090741996
-0.07334388611608
-0.07332624680082
-0.07330799010084
-0.07328911664757
-0.07326962707715
-0.07324952203047
-0.07322880215311
-0.07320746809539
-0.07318552051230
-0.07316296006355
-0.07313978741351
-0.07311600323123
-0.07309160819043
-0.07306660296947
-0.07304098825137
-0.07301476472377
-0.07298793307897
-0.07296049401385
-0.07293244822992
-0.07290379643328
-0.07287453933464
-0.07284467764926
-0.07281421209699
-0.07278314340224
-0.07275147229398
-0.07271919950572
-0.07268632577548
-0.07265285184584
-0.07261877846387
-0.07258410638116
-0.07254883635379
-0.07251296914232
-0.07247650551180
-0.07243944623172
-0.07240179207607
-0.07236354382324
-0.07232470225609
-0.07228526816189
-0.07224524233234
-0.07220462556354
-0.07216341865599
-0.07212162241457
-0.07207923764856
-0.07203626517157
-0.07199270580161
-0.07194856036100
-0.07190382967643
-0.07185851457890
-0.07181261590373
-0.07176613449055
-0.07171907118327
-0.07167142683011
-0.07162320228357
-0.07157439840038
-0.07152501604156
-0.07147505607237
-0.07142451936230
-0.07137340678505
-0.07132171921857
-0.07126945754497
-0.07121662265059
-0.07116321542593
-0.07110923676568
-0.07105468756868
-0.07099956873792
-0.07094388118054
-0.07088762580779
-0.07083080353507
-0.07077341528185
-0.07071546197174
-0.07065694453241
-0.07059786389560
-0.07053822099714
-0.07047801677690
-0.07041725217879
-0.07035592815076
-0.07029404564478
-0.07023160561684
-0.07016860902690
-0.07010505683894
-0.07004095002091
-0.06997628954472
-0.06991107638624
-0.06984531152528
-0.06977899594560
-0.06971213063486
-0.06964471658464
-0.06957675479043
-0.06950824625160
-0.06943919197139
-0.06936959295692
-0.06929945021915
-0.06922876477291
-0.06915753763683
-0.06908576983338
-0.06901346238884
-0.06894061633329
-0.06886723270057
-0.06879331252833
-0.06871885685797
-0.06864386673464
-0.06856834320723
-0.06849228732837
-0.06841570015439
-0.06833858274534
-0.06826093616496
-0.06818276148068
-0.06810405976358
-0.06802483208843
-0.06794507953361
-0.06786480318118
-0.06778400411679
-0.06770268342971
-0.06762084221283
-0.06753848156259
-0.06745560257906
-0.06737220636581
-0.06728829403003
-0.06720386668241
-0.06711892543717
-0.06703347141207
-0.06694750572836
-0.06686102951078
-0.06677404388756
-0.06668654999040
-0.06659854895445
-0.06651004191831
-0.06642103002402
-0.06633151441702
-0.06624149624619
-0.06615097666378
-0.06605995682544
-0.06596843789018
-0.06587642102039
-0.06578390738178
-0.06569089814342
-0.06559739447769
-0.06550339756029
-0.06540890857022
-0.06531392868975
-0.06521845910444
-0.06512250100311
-0.06502605557783
-0.06492912402389
-0.06483170753984
-0.06473380732741
-0.06463542459154
-0.06453656054036
-0.06443721638517
-0.06433739334045
-0.06423709262379
-0.06413631545597
-0.06403506306085
-0.06393333666542
-0.06383113749977
-0.06372846679708
-0.06362532579360
-0.06352171572864
-0.06341763784456
-0.06331309338676
-0.06320808360365
-0.06310260974667
-0.06299667307026
-0.06289027483181
-0.06278341629173
-0.06267609871335
-0.06256832336298
-0.06246009150984
-0.06235140442608
-0.06224226338676
-0.06213266966983
-0.06202262455614
-0.06191212932939
-0.06180118527614
-0.06168979368580
-0.06157795585061
-0.06146567306564
-0.06135294662873
-0.06123977784056
-0.06112616800455
-0.06101211842690
-0.06089763041658
-0.06078270528527
-0.06066734434740
-0.06055154892010
-0.06043532032322
-0.06031865987927
-0.06020156891347
-0.06008404875366
-0.05996610073037
-0.05984772617674
-0.05972892642854
-0.05960970282415
-0.05949005670454
-0.05936998941328
-0.05924950229648
-0.05912859670284
-0.05900727398358
-0.05888553549245
-0.05876338258574
-0.05864081662222
-0.05851783896316
-0.05839445097230
-0.05827065401585
-0.05814644946248
-0.05802183868327
-0.05789682305176
-0.05777140394386
-0.05764558273790
-0.05751936081461
-0.05739273955705
-0.05726572035068
-0.05713830458326
-0.05701049364491
-0.05688228892807
-0.05675369182746
-0.05662470374011
-0.05649532606531
-0.05636556020463
-0.05623540756188
-0.05610486954310
-0.05597394755657
-0.05584264301276
-0.05571095732436
-0.05557889190621
-0.05544644817534
-0.05531362755094
-0.05518043145432
-0.05504686130894
-0.05491291854035
-0.05477860457623
-0.05464392084633
-0.05450886878247
-0.05437344981854
-0.05423766539048
-0.05410151693625
-0.05396500589583
-0.05382813371122
-0.05369090182641
-0.05355331168734
-0.05341536474196
-0.05327706244013
-0.05313840623368
-0.05299939757634
-0.05286003792377
-0.05272032873350
-0.05258027146498
-0.05243986757950
-0.05229911854021
-0.05215802581211
-0.05201659086203
-0.05187481515860
-0.05173270017226
-0.05159024737525
-0.05144745824155
-0.05130433424694
-0.05116087686891
-0.05101708758671
-0.05087296788130
-0.05072851923532
-0.05058374313314
-0.05043864106078
-0.05029321450595
-0.05014746495797
-0.05000139390782
-0.04985500284812
-0.04970829327306
-0.04956126667846
-0.04941392456168
-0.04926626842169
-0.04911829975900
-0.04897002007563
-0.04882143087517
-0.04867253366269
-0.04852332994478
-0.04837382122949
-0.04822400902636
-0.04807389484639
-0.04792348020199
-0.04777276660705
-0.04762175557683
-0.04747044862801
-0.04731884727866
-0.04716695304821
-0.04701476745748
-0.04686229202860
-0.04670952828505
-0.04655647775164
-0.04640314195445
-0.04624952242088
-0.04609562067961
-0.04594143826055
-0.04578697669490
-0.04563223751506
-0.04547722225469
-0.04532193244861
-0.04516636963287
-0.04501053534470
-0.04485443112247
-0.04469805850572
-0.04454141903513
-0.04438451425250
-0.04422734570075
-0.04406991492387
-0.04391222346697
-0.04375427287620
-0.04359606469877
-0.04343760048296
-0.04327888177804
-0.04311991013432
-0.04296068710309
-0.04280121423664
-0.04264149308822
-0.04248152521207
-0.04232131216333
-0.04216085549811
-0.04200015677340
-0.04183921754713
-0.04167803937810
-0.04151662382599
-0.04135497245134
-0.04119308681553
-0.04103096848079
-0.04086861901016
-0.04070603996750
-0.04054323291745
-0.04038019942542
-0.04021694105760
-0.04005345938094
-0.03988975596311
-0.03972583237251
-0.03956169017825
-0.03939733095014
-0.03923275625866
-0.03906796767497
-0.03890296677089
-0.03873775511887
-0.03857233429199
-0.03840670586395
-0.03824087140904
-0.03807483250214
-0.03790859071870
-0.03774214763475
-0.03757550482683
-0.03740866387203
-0.03724162634797
-0.03707439383275
-0.03690696790497
-0.03673935014371
-0.03657154212850
-0.03640354543934
-0.03623536165666
-0.03606699236128
-0.03589843913448
-0.03572970355789
-0.03556078721354
-0.03539169168384
-0.03522241855152
-0.03505296939968
-0.03488334581173
-0.03471354937140
-0.03454358166271
-0.03437344426998
-0.03420313877778
-0.03403266677096
-0.03386202983460
-0.03369122955402
-0.03352026751474
-0.03334914530251
-0.03317786450326
-0.03300642670307
-0.03283483348823
-0.03266308644514
-0.03249118716036
-0.03231913722056
-0.03214693821252
-0.03197459172312
-0.03180209933931
-0.03162946264814
-0.03145668323667
-0.03128376269203
-0.03111070260138
-0.03093750455188
-0.03076417013069
-0.03059070092498
-0.03041709852187
-0.03024336450845
-0.03006950047175
-0.02989550799876
-0.02972138867635
-0.02954714409133
-0.02937277583040
-0.02919828548012
-0.02902367462693
-0.02884894485712
-0.02867409775684
-0.02849913491204
-0.02832405790850
-0.02814886833179
-0.02797356776727
-0.02779815780009
-0.02762264001513
-0.02744701599705
-0.02727128733022
-0.02709545559875
-0.02691952238643
-0.02674348927678
-0.02656735785297
-0.02639112969785
-0.02621480639395
-0.02603838952339
-0.02586188066796
-0.02568528140906
-0.02550859332768
-0.02533181800439
-0.02515495701937
-0.02497801195234
-0.02480098438257
-0.02462387588887
-0.02444668804959
-0.02426942244255
-0.02409208064511
-0.02391466423411
-0.02373717478583
-0.02355961387604
-0.02338198307994
-0.02320428397218
-0.02302651812682
-0.02284868711731
-0.02267079251653
-0.02249283589671
-0.02231481882946
-0.02213674288576
-0.02195860963590
-0.02178042064954
-0.02160217749562
-0.02142388174241
-0.02124553495746
-0.02106713870760
-0.02088869455893
-0.02071020407680
-0.02053166882580
-0.02035309036975
-0.02017447027168
-0.01999581009383
-0.01981711139763
-0.01963837574369
-0.01945960469175
-0.01928079980076
-0.01910196262877
-0.01892309473295
-0.01874419766963
-0.01856527299418
-0.01838632226111
-0.01820734702399
-0.01802834883543
-0.01784932924714
-0.01767028980981
-0.01749123207322
-0.01731215758611
-0.01713306789625
-0.01695396455039
-0.01677484909427
-0.01659572307258
-0.01641658802896
-0.01623744550600
-0.01605829704521
-0.01587914418702
-0.01569998847077
-0.01552083143468
-0.01534167461584
-0.01516251955023
-0.01498336777267
-0.01480422081681
-0.01462508021515
-0.01444594749900
-0.01426682419848
-0.01408771184249
-0.01390861195872
-0.01372952607362
-0.01355045571243
-0.01337140239908
-0.01319236765628
-0.01301335300544
-0.01283435996667
-0.01265539005881
-0.01247644479935
-0.01229752570447
-0.01211863428900
-0.01193977206644
-0.01176094054891
-0.01158214124715
-0.01140337567053
-0.01122464532702
-0.01104595172317
-0.01086729636410
-0.01068868075353
-0.01051010639371
-0.01033157478542
-0.01015308742801
-0.00997464581931
-0.00979625145569
-0.00961790583200
-0.00943961044157
-0.00926136677621
-0.00908317632620
-0.00890504058026
-0.00872696102554
-0.00854893914764
-0.00837097643055
-0.00819307435669
-0.00801523440686
-0.00783745806023
-0.00765974679435
-0.00748210208514
-0.00730452540685
-0.00712701823207
-0.00694958203172
-0.00677221827502
-0.00659492842951
-0.00641771396102
-0.00624057633363
-0.00606351700973
-0.00588653744993
-0.00570963911311
-0.00553282345638
-0.00535609193507
-0.00517944600272
-0.00500288711107
-0.00482641671007
-0.00465003624782
-0.00447374717061
-0.00429755092288
-0.00412144894721
-0.00394544268434
-0.00376953357310
-0.00359372305046
-0.00341801255148
-0.00324240350932
-0.00306689735522
-0.00289149551849
-0.00271619942648
-0.00254101050463
-0.00236593017638
-0.00219095986322
-0.00201610098464
-0.00184135495817
-0.00166672319928
-0.00149220712149
-0.00131780813624
-0.00114352765296
-0.00096936707903
-0.00079532781978
-0.00062141127845
-0.00044761885624
-0.00027395195221
-0.00010041196337
0.00007299971540
0.00024628169135
0.00041943257383
0.00059245097437
0.00076533550661
0.00093808478638
0.00111069743166
0.00128317206263
0.00145550730165
0.00162770177328
0.00179975410430
0.00197166292369
0.00214342686270
0.00231504455478
0.00248651463566
0.00265783574332
0.00282900651802
0.00300002560228
0.00317089164094
0.00334160328112
0.00351215917226
0.00368255796612
0.00385279831679
0.00402287888070
0.00419279831663
0.00436255528573
0.00453214845150
0.00470157647983
0.00487083803901
0.00503993179970
0.00520885643500
0.00537761062041
0.00554619303386
0.00571460235571
0.00588283726879
0.00605089645835
0.00621877861213
0.00638648242035
0.00655400657569
0.00672134977334
0.00688851071099
0.00705548808884
0.00722228060961
0.00738888697855
0.00755530590346
0.00772153609467
0.00788757626508
0.00805342513016
0.00821908140794
0.00838454381905
0.00854981108672
0.00871488193676
0.00887975509762
0.00904442930034
0.00920890327861
0.00937317576876
0.00953724550976
0.00970111124324
0.00986477171350
0.01002822566750
0.01019147185490
0.01035450902804
0.01051733594197
0.01067995135443
0.01084235402589
0.01100454271957
0.01116651620138
0.01132827324000
0.01148981260685
0.01165113307614
0.01181223342480
0.01197311243258
0.01213376888199
0.01229420155835
0.01245440924977
0.01261439074718
0.01277414484432
0.01293367033777
0.01309296602693
0.01325203071405
0.01341086320424
0.01356946230545
0.01372782682853
0.01388595558718
0.01404384739798
0.01420150108043
0.01435891545690
0.01451608935269
0.01467302159600
0.01482971101797
0.01498615645266
0.01514235673707
0.01529831071115
0.01545401721780
0.01560947510291
0.01576468321529
0.01591964040678
0.01607434553218
0.01622879744927
0.01638299501886
0.01653693710476
0.01669062257379
0.01684405029579
0.01699721914364
0.01715012799326
0.01730277572362
0.01745516121672
0.01760728335764
0.01775914103453
0.01791073313861
0.01806205856418
0.01821311620863
0.01836390497245
0.01851442375923
0.01866467147569
0.01881464703164
0.01896434934002
0.01911377731693
0.01926292988158
0.01941180595634
0.01956040446672
0.01970872434141
0.01985676451226
0.02000452391428
0.02015200148568
0.02029919616785
0.02044610690537
0.02059273264603
0.02073907234081
0.02088512494392
0.02103088941280
0.02117636470810
0.02132154979370
0.02146644363673
0.02161104520758
0.02175535347986
0.02189936743048
0.02204308603959
0.02218650829062
0.02232963317027
0.02247245966854
0.02261498677872
0.02275721349738
0.02289913882441
0.02304076176301
0.02318208131970
0.02332309650431
0.02346380633000
0.02360420981327
0.02374430597396
0.02388409383526
0.02402357242370
0.02416274076919
0.02430159790497
0.02444014286769
0.02457837469734
0.02471629243732
0.02485389513440
0.02499118183875
0.02512815160394
0.02526480348694
0.02540113654812
0.02553714985129
0.02567284246367
0.02580821345590
0.02594326190205
0.02607798687964
0.02621238746963
0.02634646275643
0.02648021182789
0.02661363377533
0.02674672769354
0.02687949268076
0.02701192783873
0.02714403227264
0.02727580509121
0.02740724540659
0.02753835233448
0.02766912499405
0.02779956250799
0.02792966400248
0.02805942860724
0.02818885545549
0.02831794368399
0.02844669243303
0.02857510084641
0.02870316807151
0.02883089325922
0.02895827556399
0.02908531414383
0.02921200816030
0.02933835677854
0.02946435916722
0.02959001449862
0.02971532194858
0.02984028069653
0.02996488992546
0.03008914882199
0.03021305657631
0.03033661238220
0.03045981543706
0.03058266494189
0.03070516010131
0.03082730012354
0.03094908422044
0.03107051160748
0.03119158150375
0.03131229313199
0.03143264571857
0.03155263849351
0.03167227069044
0.03179154154668
0.03191045030318
0.03202899620455
0.03214717849906
0.03226499643864
0.03238244927889
0.03249953627909
0.03261625670218
0.03273260981478
0.03284859488721
0.03296421119345
0.03307945801119
0.03319433462180
0.03330884031035
0.03342297436562
0.03353673608008
0.03365012474991
0.03376313967499
0.03387578015894
0.03398804550907
0.03409993503643
0.03421144805577
0.03432258388560
0.03443334184812
0.03454372126928
0.03465372147879
0.03476334181006
0.03487258160025
0.03498144019030
0.03508991692484
0.03519801115230
0.03530572222484
0.03541304949838
0.03551999233260
0.03562655009094
0.03573272214062
0.03583850785260
0.03594390660162
0.03604891776622
0.03615354072867
0.03625777487505
0.03636161959521
0.03646507428279
0.03656813833521
0.03667081115367
0.03677309214317
0.03687498071250
0.03697647627425
0.03707757824481
0.03717828604436
0.03727859909687
0.03737851683015
0.03747803867579
0.03757716406919
0.03767589244957
0.03777422325996
0.03787215594720
0.03796968996194
0.03806682475867
0.03816355979569
0.03825989453511
0.03835582844289
0.03845136098879
0.03854649164642
0.03864121989320
0.03873554521039
0.03882946708310
0.03892298500025
0.03901609845461
0.03910880694278
0.03920110996521
0.03929300702618
0.03938449763381
0.03947558130010
0.03956625754084
0.03965652587571
0.03974638582822
0.03983583692573
0.03992487869947
0.04001351068449
0.04010173241971
0.04018954344792
0.04027694331574
0.04036393157366
0.04045050777603
0.04053667148105
0.04062242225079
0.04070775965118
0.04079268325200
0.04087719262690
0.04096128735341
0.04104496701291
0.04112823119064
0.04121107947571
0.04129351146110
0.04137552674367
0.04145712492413
0.04153830560707
0.04161906840093
0.04169941291806
0.04177933877465
0.04185884559076
0.04193793299034
0.04201660060120
0.04209484805503
0.04217267498739
0.04225008103771
0.04232706584930
0.04240362906935
0.04247977034891
0.04255548934291
0.04263078571016
0.04270565911333
0.04278010921900
0.04285413569759
0.04292773822340
0.04300091647463
0.04307367013333
0.04314599888543
0.04321790242074
0.04328938043295
0.04336043261962
0.04343105868218
0.04350125832595
0.04357103126009
0.04364037719769
0.04370929585565
0.04377778695480
0.04384585021981
0.04391348537922
0.04398069216547
0.04404747031485
0.04411381956752
0.04417973966752
0.04424523036277
0.04431029140503
0.04437492254996
0.04443912355706
0.04450289418973
0.04456623421521
0.04462914340461
0.04469162153292
0.04475366837898
0.04481528372550
0.04487646735905
0.04493721907007
0.04499753865285
0.04505742590554
0.04511688063016
0.04517590263258
0.04523449172253
0.04529264771358
0.04535037042318
0.04540765967262
0.04546451528704
0.04552093709544
0.04557692493065
0.04563247862937
0.04568759803215
0.04574228298335
0.04579653333122
0.04585034892781
0.04590372962905
0.04595667529469
0.04600918578831
0.04606126097734
0.04611290073304
0.04616410493051
0.04621487344868
0.04626520617029
0.04631510298194
0.04636456377403
0.04641358844080
0.04646217688031
0.04651032899444
0.04655804468889
0.04660532387317
0.04665216646062
0.04669857236838
0.04674454151741
0.04679007383246
0.04683516924213
0.04687982767877
0.04692404907858
0.04696783338153
0.04701118053141
0.04705409047578
0.04709656316603
0.04713859855732
0.04718019660858
0.04722135728258
0.04726208054583
0.04730236636863
0.04734221472507
0.04738162559302
0.04742059895412
0.04745913479377
0.04749723310116
0.04753489386924
0.04757211709472
0.04760890277807
0.04764525092353
0.04768116153910
0.04771663463651
0.04775167023126
0.04778626834260
0.04782042899352
0.04785415221074
0.04788743802475
0.04792028646974
0.04795269758367
0.04798467140821
0.04801620798876
0.04804730737444
0.04807796961810
0.04810819477631
0.04813798290936
0.04816733408122
0.04819624835962
0.04822472581596
0.04825276652534
0.04828037056659
0.04830753802220
0.04833426897838
0.04836056352502
0.04838642175569
0.04841184376765
0.04843682966184
0.04846137954286
0.04848549351901
0.04850917170224
0.04853241420816
0.04855522115605
0.04857759266885
0.04859952887315
0.04862102989918
0.04864209588085
0.04866272695568
0.04868292326483
0.04870268495312
0.04872201216897
0.04874090506446
0.04875936379526
0.04877738852070
0.04879497940368
0.04881213661075
0.04882886031205
0.04884515068133
0.04886100789592
0.04887643213678
0.04889142358843
0.04890598243901
0.04892010888020
0.04893380310731
0.04894706531918
0.04895989571824
0.04897229451049
0.04898426190548
0.04899579811634
0.04900690335972
0.04901757785586
0.04902782182849
0.04903763550494
0.04904701911604
0.04905597289614
0.04906449708316
0.04907259191851
0.04908025764711
0.04908749451742
0.04909430278139
0.04910068269449
0.04910663451566
0.04911215850736
0.04911725493553
0.04912192406960
0.04912616618247
0.04912998155052
0.04913337045361
0.04913633317504
0.04913887000159
0.04914098122350
0.04914266713445
0.04914392803156
0.04914476421541
0.04914517598999
0.04914516366273
0.04914472754451
0.04914386794959
0.04914258519568
0.04914087960387
0.04913875149868
0.04913620120800
0.04913322906316
0.04912983539883
0.04912602055309
0.04912178486740
0.04911712868659
0.04911205235884
0.04910655623571
0.04910064067213
0.04909430602635
0.04908755265998
0.04908038093798
0.04907279122863
0.04906478390355
0.04905635933769
0.04904751790929
0.04903825999993
0.04902858599448
0.04901849628113
0.04900799125136
0.04899707129992
0.04898573682487
0.04897398822753
0.04896182591251
0.04894925028767
0.04893626176414
0.04892286075630
0.04890904768179
0.04889482296149
0.04888018701951
0.04886514028319
0.04884968318311
0.04883381615305
0.04881753963003
0.04880085405425
0.04878375986912
0.04876625752126
0.04874834746047
0.04873003013972
0.04871130601517
0.04869217554616
0.04867263919516
0.04865269742785
0.04863235071302
0.04861159952262
0.04859044433173
0.04856888561859
0.04854692386455
0.04852455955406
0.04850179317472
0.04847862521722
0.04845505617534
0.04843108654598
0.04840671682912
0.04838194752781
0.04835677914818
0.04833121219944
0.04830524719385
0.04827888464673
0.04825212507645
0.04822496900442
0.04819741695508
0.04816946945592
0.04814112703743
0.04811239023313
0.04808325957953
0.04805373561617
0.04802381888556
0.04799350993322
0.04796280930763
0.04793171756026
0.04790023524554
0.04786836292088
0.04783610114661
0.04780345048604
0.04777041150540
0.04773698477386
0.04770317086352
0.04766897034940
0.04763438380943
0.04759941182444
0.04756405497816
0.04752831385721
0.04749218905112
0.04745568115225
0.04741879075587
0.04738151846010
0.04734386486590
0.04730583057710
0.04726741620037
0.04722862234519
0.04718944962389
0.04714989865162
0.04710997004633
0.04706966442878
0.04702898242252
0.04698792465390
0.04694649175206
0.04690468434889
0.04686250307907
0.04681994858003
0.04677702149196
0.04673372245779
0.04669005212318
0.04664601113654
0.04660160014900
0.04655681981438
0.04651167078923
0.04646615373280
0.04642026930704
0.04637401817655
0.04632740100865
0.04628041847331
0.04623307124316
0.04618535999348
0.04613728540221
0.04608884814993
0.04604004891984
0.04599088839776
0.04594136727215
0.04589148623405
0.04584124597712
0.04579064719760
0.04573969059431
0.04568837686868
0.04563670672466
0.04558468086879
0.04553230001017
0.04547956486043
0.04542647613373
0.04537303454678
0.04531924081880
0.04526509567151
0.04521059982917
0.04515575401850
0.04510055896874
0.04504501541158
0.04498912408121
0.04493288571427
0.04487630104987
0.04481937082955
0.04476209579730
0.04470447669955
0.04464651428515
0.04458820930536
0.04452956251384
0.04447057466668
0.04441124652233
0.04435157884164
0.04429157238783
0.04423122792648
0.04417054622556
0.04410952805534
0.04404817418847
0.04398648539992
0.04392446246700
0.04386210616930
0.04379941728876
0.04373639660959
0.04367304491832
0.04360936300373
0.04354535165690
0.04348101167118
0.04341634384215
0.04335134896767
0.04328602784781
0.04322038128491
0.04315441008351
0.04308811505036
0.04302149699443
0.04295455672689
0.04288729506109
0.04281971281257
0.04275181079905
0.04268358984038
0.04261505075861
0.04254619437791
0.04247702152460
0.04240753302711
0.04233772971602
0.04226761242400
0.04219718198583
0.04212643923840
0.04205538502066
0.04198402017365
0.04191234554049
0.04184036196634
0.04176807029843
0.04169547138601
0.04162256608040
0.04154935523490
0.04147583970486
0.04140202034762
0.04132789802254
0.04125347359094
0.04117874791614
0.04110372186343
0.04102839630005
0.04095277209523
0.04087685012010
0.04080063124775
0.04072411635321
0.04064730631340
0.04057020200716
0.04049280431526
0.04041511412031
0.04033713230684
0.04025885976125
0.04018029737179
0.04010144602859
0.04002230662359
0.03994288005061
0.03986316720527
0.03978316898503
0.03970288628914
0.03962232001866
0.03954147107645
0.03946034036716
0.03937892879719
0.03929723727473
0.03921526670971
0.03913301801382
0.03905049210048
0.03896768988484
0.03888461228378
0.03880126021587
0.03871763460140
0.03863373636236
0.03854956642240
0.03846512570685
0.03838041514273
0.03829543565868
0.03821018818502
0.03812467365368
0.03803889299823
0.03795284715387
0.03786653705739
0.03777996364720
0.03769312786328
0.03760603064722
0.03751867294215
0.03743105569280
0.03734317984543
0.03725504634785
0.03716665614941
0.03707801020098
0.03698910945496
0.03689995486524
0.03681054738722
0.03672088797780
0.03663097759535
0.03654081719969
0.03645040775215
0.03635975021545
0.03626884555382
0.03617769473287
0.03608629871966
0.03599465848266
0.03590277499175
0.03581064921820
0.03571828213465
0.03562567471516
0.03553282793513
0.03543974277131
0.03534642020181
0.03525286120610
0.03515906676494
0.03506503786045
0.03497077547604
0.03487628059642
0.03478155420760
0.03468659729687
0.03459141085281
0.03449599586524
0.03440035332524
0.03430448422516
0.03420838955855
0.03411207032021
0.03401552750615
0.03391876211360
0.03382177514096
0.03372456758784
0.03362714045503
0.03352949474449
0.03343163145933
0.03333355160381
0.03323525618335
0.03313674620448
0.03303802267487
0.03293908660328
0.03283993899961
0.03274058087481
0.03264101324095
0.03254123711116
0.03244125349964
0.03234106342163
0.03224066789344
0.03214006793240
0.03203926455688
0.03193825878625
0.03183705164091
0.03173564414224
0.03163403731263
0.03153223217541
0.03143022975493
0.03132803107648
0.03122563716628
0.03112304905151
0.03102026776030
0.03091729432167
0.03081412976557
0.03071077512286
0.03060723142527
0.03050349970543
0.03039958099685
0.03029547633389
0.03019118675178
0.03008671328660
0.02998205697523
0.02987721885542
0.02977219996573
0.02966700134549
0.02956162403489
0.02945606907485
0.02935033750710
0.02924443037415
0.02913834871923
0.02903209358636
0.02892566602029
0.02881906706648
0.02871229777115
0.02860535918119
0.02849825234423
0.02839097830857
0.02828353812320
0.02817593283780
0.02806816350268
0.02796023116883
0.02785213688789
0.02774388171211
0.02763546669440
0.02752689288825
0.02741816134780
0.02730927312774
0.02720022928339
0.02709103087063
0.02698167894590
0.02687217456622
0.02676251878915
0.02665271267278
0.02654275727575
0.02643265365721
0.02632240287683
0.02621200599477
0.02610146407170
0.02599077816876
0.02587994934756
0.02576897867020
0.02565786719920
0.02554661599755
0.02543522612867
0.02532369865640
0.02521203464500
0.02510023515915
0.02498830126391
0.02487623402473
0.02476403450745
0.02465170377828
0.02453924290377
0.02442665295084
0.02431393498675
0.02420109007909
0.02408811929575
0.02397502370497
0.02386180437526
0.02374846237545
0.02363499877464
0.02352141464220
0.02340771104779
0.02329388906128
0.02317994975284
0.02306589419285
0.02295172345191
0.02283743860085
0.02272304071071
0.02260853085273
0.02249391009833
0.02237917951911
0.02226434018687
0.02214939317353
0.02203433955120
0.02191918039209
0.02180391676860
0.02168854975320
0.02157308041851
0.02145750983724
0.02134183908221
0.02122606922630
0.02111020134250
0.02099423650385
0.02087817578345
0.02076202025445
0.02064577099005
0.02052942906346
0.02041299554794
0.02029647151674
0.02017985804312
0.02006315620033
0.01994636706162
0.01982949170019
0.01971253118923
0.01959548660188
0.01947835901121
0.01936114949025
0.01924385911196
0.01912648894920
0.01900904007475
0.01889151356130
0.01877391048143
0.01865623190759
0.01853847891211
0.01842065256720
0.01830275394489
0.01818478411710
0.01806674415555
0.01794863513181
0.01783045811726
0.01771221418310
0.01759390440030
0.01747552983967
0.01735709157176
0.01723859066691
0.01712002819523
0.01700140522657
0.01688272283053
0.01676398207646
0.01664518403343
0.01652632977022
0.01640742035532
0.01628845685694
0.01616944034297
0.01605037188097
0.01593125253819
0.01581208338154
0.01569286547758
0.01557359989253
0.01545428769224
0.01533492994217
0.01521552770744
0.01509608205274
0.01497659404239
0.01485706474029
0.01473749520993
0.01461788651436
0.01449823971623
0.01437855587770
0.01425883606052
0.01413908132596
0.01401929273482
0.01389947134743
0.01377961822363
0.01365973442275
0.01353982100364
0.01341987902463
0.01329990954350
0.01317991361755
0.01305989230349
0.01293984665751
0.01281977773524
0.01269968659173
0.01257957428148
0.01245944185837
0.01233929037573
0.01221912088626
0.01209893444205
0.01197873209460
0.01185851489475
0.01173828389271
0.01161804013808
0.01149778467975
0.01137751856601
0.01125724284442
0.01113695856192
0.01101666676471
0.01089636849833
0.01077606480759
0.01065575673663
0.01053544532881
0.01041513162680
0.01029481667252
0.01017450150715
0.01005418717110
0.00993387470403
0.00981356514483
0.00969325953158
0.00957295890161
0.00945266429143
0.00933237673675
0.00921209727247
0.00909182693265
0.00897156675054
0.00885131775853
0.00873108098818
0.00861085747020
0.00849064823440
0.00837045430975
0.00825027672433
0.00813011650533
0.00800997467903
0.00788985227083
0.00776975030520
0.00764966980568
0.00752961179490
0.00740957729454
0.00728956732532
0.00716958290703
0.00704962505848
0.00692969479752
0.00680979314101
0.00668992110482
0.00657007970384
0.00645026995195
0.00633049286200
0.00621074944585
0.00609104071432
0.00597136767718
0.00585173134318
0.00573213271999
0.00561257281425
0.00549305263151
0.00537357317626
0.00525413545190
0.00513474046073
0.00501538920396
0.00489608268168
0.00477682189290
0.00465760783546
0.00453844150609
0.00441932390040
0.00430025601282
0.00418123883664
0.00406227336400
0.00394336058585
0.00382450149198
0.00370569707097
0.00358694831023
0.00346825619597
0.00334962171317
0.00323104584561
0.00311252957584
0.00299407388519
0.00287567975373
0.00275734816031
0.00263908008250
0.00252087649661
0.00240273837771
0.00228466669957
0.00216666243466
0.00204872655419
0.00193086002805
0.00181306382483
0.00169533891181
0.00157768625494
0.00146010681884
0.00134260156679
0.00122517146075
0.00110781746130
0.00099054052767
0.00087334161774
0.00075622168798
0.00063918169352
0.00052222258807
0.00040534532397
0.00028855085213
0.00017184012208
0.00005521408191
-0.00006132632170
-0.00017778014352
-0.00029414643974
-0.00041042426799
-0.00052661268739
-0.00064271075848
-0.00075871754328
-0.00087463210530
-0.00099045350951
-0.00110618082237
-0.00122181311186
-0.00133734944743
-0.00145278890006
-0.00156813054224
-0.00168337344799
-0.00179851669284
-0.00191355935388
-0.00202850050973
-0.00214333924058
-0.00225807462815
-0.00237270575575
-0.00248723170824
-0.00260165157208
-0.00271596443529
-0.00283016938751
-0.00294426551996
-0.00305825192546
-0.00317212769847
-0.00328589193504
-0.00339954373285
-0.00351308219124
-0.00362650641114
-0.00373981549518
-0.00385300854759
-0.00396608467430
-0.00407904298289
-0.00419188258260
-0.00430460258436
-0.00441720210079
-0.00452968024618
-0.00464203613655
-0.00475426888960
-0.00486637762475
-0.00497836146312
-0.00509021952758
-0.00520195094272
-0.00531355483485
-0.00542503033205
-0.00553637656412
-0.00564759266264
-0.00575867776094
-0.00586963099411
-0.00598045149904
-0.00609113841436
-0.00620169088052
-0.00631210803976
-0.00642238903609
-0.00653253301536
-0.00664253912520
-0.00675240651509
-0.00686213433630
-0.00697172174196
-0.00708116788700
-0.00719047192822
-0.00729963302426
-0.00740865033560
-0.00751752302460
-0.00762625025547
-0.00773483119430
-0.00784326500904
-0.00795155086954
-0.00805968794754
-0.00816767541667
-0.00827551245244
-0.00838319823230
-0.00849073193558
-0.00859811274356
-0.00870533983941
-0.00881241240826
-0.00891932963714
-0.00902609071506
-0.00913269483294
-0.00923914118367
-0.00934542896210
-0.00945155736504
-0.00955752559125
-0.00966333284149
-0.00976897831848
-0.00987446122694
-0.00997978077357
-0.01008493616708
-0.01018992661815
-0.01029475133949
-0.01039940954584
-0.01050390045391
-0.01060822328247
-0.01071237725231
-0.01081636158624
-0.01092017550913
-0.01102381824788
-0.01112728903144
-0.01123058709081
-0.01133371165906
-0.01143666197133
-0.01153943726481
-0.01164203677877
-0.01174445975458
-0.01184670543567
-0.01194877306757
-0.01205066189792
-0.01215237117643
-0.01225390015495
-0.01235524808741
-0.01245641422986
-0.01255739784050
-0.01265819817962
-0.01275881450965
-0.01285924609516
-0.01295949220287
-0.01305955210162
-0.01315942506242
-0.01325911035843
-0.01335860726495
-0.01345791505947
-0.01355703302163
-0.01365596043326
-0.01375469657836
-0.01385324074310
-0.01395159221586
-0.01404975028719
-0.01414771424985
-0.01424548339880
-0.01434305703120
-0.01444043444642
-0.01453761494605
-0.01463459783390
-0.01473138241599
-0.01482796800058
-0.01492435389816
-0.01502053942145
-0.01511652388543
-0.01521230660730
-0.01530788690653
-0.01540326410482
-0.01549843752616
-0.01559340649678
-0.01568817034518
-0.01578272840213
-0.01587708000068
-0.01597122447617
-0.01606516116619
-0.01615888941065
-0.01625240855174
-0.01634571793394
-0.01643881690404
-0.01653170481112
-0.01662438100658
-0.01671684484413
-0.01680909567979
-0.01690113287190
-0.01699295578113
-0.01708456377047
-0.01717595620524
-0.01726713245311
-0.01735809188407
-0.01744883387046
-0.01753935778697
-0.01762966301063
-0.01771974892084
-0.01780961489934
-0.01789926033025
-0.01798868460002
-0.01807788709752
-0.01816686721395
-0.01825562434289
-0.01834415788033
-0.01843246722461
-0.01852055177647
-0.01860841093904
-0.01869604411784
-0.01878345072078
-0.01887063015819
-0.01895758184278
-0.01904430518968
-0.01913079961643
-0.01921706454298
-0.01930309939170
-0.01938890358738
-0.01947447655723
-0.01955981773088
-0.01964492654041
-0.01972980242031
-0.01981444480752
-0.01989885314143
-0.01998302686384
-0.02006696541901
-0.02015066825368
-0.02023413481698
-0.02031736456056
-0.02040035693847
-0.02048311140727
-0.02056562742594
-0.02064790445595
-0.02072994196125
-0.02081173940823
-0.02089329626579
-0.02097461200528
-0.02105568610054
-0.02113651802791
-0.02121710726618
-0.02129745329667
-0.02137755560317
-0.02145741367195
-0.02153702699181
-0.02161639505403
-0.02169551735239
-0.02177439338319
-0.02185302264523
-0.02193140463980
-0.02200953887074
-0.02208742484437
-0.02216506206956
-0.02224245005768
-0.02231958832261
-0.02239647638079
-0.02247311375116
-0.02254949995520
-0.02262563451692
-0.02270151696285
-0.02277714682209
-0.02285252362626
-0.02292764690950
-0.02300251620853
-0.02307713106259
-0.02315149101348
-0.02322559560555
-0.02329944438570
-0.02337303690337
-0.02344637271057
-0.02351945136188
-0.02359227241442
-0.02366483542787
-0.02373713996449
-0.02380918558910
-0.02388097186908
-0.02395249837440
-0.02402376467757
-0.02409477035371
-0.02416551498048
-0.02423599813815
-0.02430621940955
-0.02437617838010
-0.02444587463778
-0.02451530777318
-0.02458447737948
-0.02465338305242
-0.02472202439035
-0.02479040099421
-0.02485851246753
-0.02492635841642
-0.02499393844961
-0.02506125217841
-0.02512829921673
-0.02519507918110
-0.02526159169062
-0.02532783636702
-0.02539381283461
-0.02545952072033
-0.02552495965372
-0.02559012926692
-0.02565502919468
-0.02571965907437
-0.02578401854598
-0.02584810725209
-0.02591192483791
-0.02597547095126
-0.02603874524259
-0.02610174736496
-0.02616447697404
-0.02622693372813
-0.02628911728816
-0.02635102731766
-0.02641266348282
-0.02647402545241
-0.02653511289787
-0.02659592549322
-0.02665646291516
-0.02671672484298
-0.02677671095860
-0.02683642094660
-0.02689585449417
-0.02695501129112
-0.02701389102993
-0.02707249340567
-0.02713081811609
-0.02718886486152
-0.02724663334499
-0.02730412327211
-0.02736133435116
-0.02741826629304
-0.02747491881131
-0.02753129162215
-0.02758738444437
-0.02764319699946
-0.02769872901151
-0.02775398020727
-0.02780895031613
-0.02786363907012
-0.02791804620391
-0.02797217145481
-0.02802601456279
-0.02807957527045
-0.02813285332303
-0.02818584846842
-0.02823856045716
-0.02829098904242
-0.02834313398003
-0.02839499502846
-0.02844657194882
-0.02849786450488
-0.02854887246303
-0.02859959559233
-0.02865003366447
-0.02870018645381
-0.02875005373731
-0.02879963529463
-0.02884893090804
-0.02889794036247
-0.02894666344548
-0.02899509994731
-0.02904324966080
-0.02909111238148
-0.02913868790749
-0.02918597603964
-0.02923297658137
-0.02927968933877
-0.02932611412058
-0.02937225073818
-0.02941809900558
-0.02946365873946
-0.02950892975913
-0.02955391188655
-0.02959860494630
-0.02964300876563
-0.02968712317442
-0.02973094800520
-0.02977448309312
-0.02981772827599
-0.02986068339427
-0.02990334829102
-0.02994572281199
-0.02998780680552
-0.03002960012262
-0.03007110261693
-0.03011231414472
-0.03015323456490
-0.03019386373902
-0.03023420153125
-0.03027424780842
-0.03031400243997
-0.03035346529797
-0.03039263625715
-0.03043151519483
-0.03047010199100
-0.03050839652826
-0.03054639869182
-0.03058410836956
-0.03062152545195
-0.03065864983210
-0.03069548140574
-0.03073202007124
-0.03076826572956
-0.03080421828430
-0.03083987764169
-0.03087524371057
-0.03091031640239
-0.03094509563122
-0.03097958131377
-0.03101377336932
-0.03104767171980
-0.03108127628974
-0.03111458700627
-0.03114760379916
-0.03118032660076
-0.03121275534603
-0.03124488997255
-0.03127673042050
-0.03130827663264
-0.03133952855438
-0.03137048613367
-0.03140114932112
-0.03143151806989
-0.03146159233575
-0.03149137207708
-0.03152085725484
-0.03155004783258
-0.03157894377643
-0.03160754505514
-0.03163585164001
-0.03166386350495
-0.03169158062644
-0.03171900298355
-0.03174613055792
-0.03177296333379
-0.03179950129794
-0.03182574443976
-0.03185169275119
-0.03187734622676
-0.03190270486354
-0.03192776866121
-0.03195253762197
-0.03197701175062
-0.03200119105450
-0.03202507554352
-0.03204866523015
-0.03207196012939
-0.03209496025884
-0.03211766563862
-0.03214007629139
-0.03216219224240
-0.03218401351940
-0.03220554015271
-0.03222677217519
-0.03224770962223
-0.03226835253176
-0.03228870094425
-0.03230875490271
-0.03232851445265
-0.03234797964215
-0.03236715052177
-0.03238602714465
-0.03240460956639
-0.03242289784517
-0.03244089204163
-0.03245859221896
-0.03247599844287
-0.03249311078154
-0.03250992930569
-0.03252645408854
-0.03254268520580
-0.03255862273569
-0.03257426675893
-0.03258961735872
-0.03260467462078
-0.03261943863328
-0.03263390948692
-0.03264808727485
-0.03266197209273
-0.03267556403867
-0.03268886321328
-0.03270186971964
-0.03271458366329
-0.03272700515225
-0.03273913429701
-0.03275097121050
-0.03276251600813
-0.03277376880777
-0.03278472972973
-0.03279539889678
-0.03280577643414
-0.03281586246948
-0.03282565713289
-0.03283516055694
-0.03284437287661
-0.03285329422931
-0.03286192475489
-0.03287026459565
-0.03287831389627
-0.03288607280389
-0.03289354146805
-0.03290072004072
-0.03290760867627
-0.03291420753150
-0.03292051676558
-0.03292653654012
-0.03293226701912
-0.03293770836897
-0.03294286075846
-0.03294772435877
-0.03295229934346
-0.03295658588850
-0.03296058417220
-0.03296429437530
-0.03296771668086
-0.03297085127435
-0.03297369834359
-0.03297625807877
-0.03297853067245
-0.03298051631953
-0.03298221521728
-0.03298362756530
-0.03298475356557
-0.03298559342238
-0.03298614734239
-0.03298641553457
-0.03298639821024
-0.03298609558305
-0.03298550786897
-0.03298463528629
-0.03298347805563
-0.03298203639993
-0.03298031054441
-0.03297830071664
-0.03297600714646
-0.03297343006603
-0.03297056970980
-0.03296742631453
-0.03296400011924
-0.03296029136525
-0.03295630029618
-0.03295202715789
-0.03294747219855
-0.03294263566859
-0.03293751782069
-0.03293211890983
-0.03292643919320
-0.03292047893028
-0.03291423838280
-0.03290771781472
-0.03290091749226
-0.03289383768387
-0.03288647866024
-0.03287884069429
-0.03287092406116
-0.03286272903822
-0.03285425590507
-0.03284550494351
-0.03283647643755
-0.03282717067343
-0.03281758793955
-0.03280772852656
-0.03279759272726
-0.03278718083667
-0.03277649315199
-0.03276552997260
-0.03275429160004
-0.03274277833806
-0.03273099049255
-0.03271892837157
-0.03270659228536
-0.03269398254629
-0.03268109946890
-0.03266794336988
-0.03265451456805
-0.03264081338437
-0.03262684014195
-0.03261259516602
-0.03259807878393
-0.03258329132517
-0.03256823312133
-0.03255290450613
-0.03253730581537
-0.03252143738699
-0.03250529956099
-0.03248889267951
-0.03247221708674
-0.03245527312898
-0.03243806115460
-0.03242058151406
-0.03240283455986
-0.03238482064662
-0.03236654013097
-0.03234799337162
-0.03232918072936
-0.03231010256698
-0.03229075924934
-0.03227115114335
-0.03225127861794
-0.03223114204406
-0.03221074179471
-0.03219007824490
-0.03216915177165
-0.03214796275400
-0.03212651157299
-0.03210479861167
-0.03208282425507
-0.03206058889023
-0.03203809290617
-0.03201533669390
-0.03199232064638
-0.03196904515858
-0.03194551062742
-0.03192171745177
-0.03189766603248
-0.03187335677234
-0.03184879007609
-0.03182396635042
-0.03179888600395
-0.03177354944722
-0.03174795709273
-0.03172210935489
-0.03169600665000
-0.03166964939632
-0.03164303801398
-0.03161617292503
-0.03158905455342
-0.03156168332498
-0.03153405966743
-0.03150618401039
-0.03147805678533
-0.03144967842561
-0.03142104936645
-0.03139217004494
-0.03136304090002
-0.03133366237247
-0.03130403490494
-0.03127415894190
-0.03124403492967
-0.03121366331640
-0.03118304455204
-0.03115217908839
-0.03112106737905
-0.03108970987943
-0.03105810704676
-0.03102625934004
-0.03099416722008
-0.03096183114948
-0.03092925159262
-0.03089642901565
-0.03086336388650
-0.03083005667486
-0.03079650785218
-0.03076271789169
-0.03072868726832
-0.03069441645880
-0.03065990594156
-0.03062515619678
-0.03059016770637
-0.03055494095395
-0.03051947642487
-0.03048377460618
-0.03044783598666
-0.03041166105676
-0.03037525030864
-0.03033860423616
-0.03030172333484
-0.03026460810189
-0.03022725903621
-0.03018967663834
-0.03015186141049
-0.03011381385653
-0.03007553448199
-0.03003702379403
-0.02999828230144
-0.02995931051467
-0.02992010894579
-0.02988067810847
-0.02984101851802
-0.02980113069136
-0.02976101514701
-0.02972067240508
-0.02968010298728
-0.02963930741692
-0.02959828621887
-0.02955703991960
-0.02951556904713
-0.02947387413105
-0.02943195570253
-0.02938981429426
-0.02934745044049
-0.02930486467703
-0.02926205754120
-0.02921902957186
-0.02917578130940
-0.02913231329572
-0.02908862607423
-0.02904472018986
-0.02900059618902
-0.02895625461964
-0.02891169603112
-0.02886692097435
-0.02882193000169
-0.02877672366697
-0.02873130252551
-0.02868566713407
-0.02863981805084
-0.02859375583551
-0.02854748104917
-0.02850099425435
-0.02845429601503
-0.02840738689660
-0.02836026746586
-0.02831293829103
-0.02826539994174
-0.02821765298902
-0.02816969800528
-0.02812153556432
-0.02807316624133
-0.02802459061287
-0.02797580925688
-0.02792682275264
-0.02787763168081
-0.02782823662338
-0.02777863816371
-0.02772883688647
-0.02767883337769
-0.02762862822470
-0.02757822201617
-0.02752761534209
-0.02747680879372
-0.02742580296367
-0.02737459844582
-0.02732319583533
-0.02727159572867
-0.02721979872357
-0.02716780541903
-0.02711561641533
-0.02706323231399
-0.02701065371779
-0.02695788123076
-0.02690491545818
-0.02685175700653
-0.02679840648355
-0.02674486449819
-0.02669113166062
-0.02663720858221
-0.02658309587553
-0.02652879415436
-0.02647430403367
-0.02641962612960
-0.02636476105947
-0.02630970944179
-0.02625447189622
-0.02619904904357
-0.02614344150582
-0.02608764990610
-0.02603167486865
-0.02597551701887
-0.02591917698328
-0.02586265538952
-0.02580595286635
-0.02574907004363
-0.02569200755233
-0.02563476602451
-0.02557734609331
-0.02551974839298
-0.02546197355882
-0.02540402222722
-0.02534589503561
-0.02528759262249
-0.02522911562743
-0.02517046469102
-0.02511164045489
-0.02505264356171
-0.02499347465518
-0.02493413437999
-0.02487462338189
-0.02481494230760
-0.02475509180486
-0.02469507252237
-0.02463488510987
-0.02457453021803
-0.02451400849853
-0.02445332060400
-0.02439246718804
-0.02433144890518
-0.02427026641094
-0.02420892036176
-0.02414741141500
-0.02408574022898
-0.02402390746292
-0.02396191377696
-0.02389975983217
-0.02383744629049
-0.02377497381478
-0.02371234306878
-0.02364955471713
-0.02358660942532
-0.02352350785973
-0.02346025068761
-0.02339683857705
-0.02333327219699
-0.02326955221724
-0.02320567930843
-0.02314165414201
-0.02307747739029
-0.02301314972636
-0.02294867182416
-0.02288404435840
-0.02281926800462
-0.02275434343913
-0.02268927133904
-0.02262405238223
-0.02255868724737
-0.02249317661387
-0.02242752116192
-0.02236172157247
-0.02229577852719
-0.02222969270852
-0.02216346479961
-0.02209709548436
-0.02203058544737
-0.02196393537397
-0.02189714595019
-0.02183021786276
-0.02176315179912
-0.02169594844737
-0.02162860849631
-0.02156113263543
-0.02149352155486
-0.02142577594540
-0.02135789649852
-0.02128988390633
-0.02122173886157
-0.02115346205764
-0.02108505418854
-0.02101651594893
-0.02094784803405
-0.02087905113977
-0.02081012596257
-0.02074107319949
-0.02067189354821
-0.02060258770695
-0.02053315637455
-0.02046360025037
-0.02039392003437
-0.02032411642705
-0.02025419012949
-0.02018414184327
-0.02011397227053
-0.02004368211395
-0.01997327207673
-0.01990274286256
-0.01983209517569
-0.01976132972083
-0.01969044720322
-0.01961944832857
-0.01954833380308
-0.01947710433345
-0.01940576062682
-0.01933430339081
-0.01926273333350
-0.01919105116343
-0.01911925758956
-0.01904735332132
-0.01897533906856
-0.01890321554154
-0.01883098345097
-0.01875864350795
-0.01868619642399
-0.01861364291101
-0.01854098368132
-0.01846821944761
-0.01839535092295
-0.01832237882079
-0.01824930385495
-0.01817612673960
-0.01810284818928
-0.01802946891885
-0.01795598964355
-0.01788241107892
-0.01780873394085
-0.01773495894553
-0.01766108680949
-0.01758711824955
-0.01751305398284
-0.01743889472678
-0.01736464119909
-0.01729029411776
-0.01721585420107
-0.01714132216754
-0.01706669873599
-0.01699198462548
-0.01691718055531
-0.01684228724503
-0.01676730541445
-0.01669223578356
-0.01661707907263
-0.01654183600210
-0.01646650729266
-0.01639109366518
-0.01631559584073
-0.01624001454057
-0.01616435048617
-0.01608860439914
-0.01601277700129
-0.01593686901459
-0.01586088116116
-0.01578481416327
-0.01570866874336
-0.01563244562399
-0.01555614552786
-0.01547976917778
-0.01540331729671
-0.01532679060771
-0.01525018983394
-0.01517351569866
-0.01509676892524
-0.01501995023714
-0.01494306035788
-0.01486610001106
-0.01478906992038
-0.01471197080956
-0.01463480340241
-0.01455756842276
-0.01448026659450
-0.01440289864157
-0.01432546528792
-0.01424796725752
-0.01417040527439
-0.01409278006252
-0.01401509234593
-0.01393734284864
-0.01385953229465
-0.01378166140795
-0.01370373091253
-0.01362574153231
-0.01354769399123
-0.01346958901314
-0.01339142732188
-0.01331320964121
-0.01323493669487
-0.01315660920651
-0.01307822789969
-0.01299979349794
-0.01292130672467
-0.01284276830321
-0.01276417895680
-0.01268553940857
-0.01260685038154
-0.01252811259864
-0.01244932678263
-0.01237049365619
-0.01229161394185
-0.01221268836198
-0.01213371763884
-0.01205470249451
-0.01197564365091
-0.01189654182983
-0.01181739775285
-0.01173821214138
-0.01165898571667
-0.01157971919975
-0.01150041331148
-0.01142106877250
-0.01134168630325
-0.01126226662395
-0.01118281045461
-0.01110331851500
-0.01102379152466
-0.01094423020291
-0.01086463526879
-0.01078500744112
-0.01070534743844
-0.01062565597905
-0.01054593378096
-0.01046618156191
-0.01038640003936
-0.01030658993048
-0.01022675195216
-0.01014688682096
-0.01006699525316
-0.00998707796472
-0.00990713567127
-0.00982716908814
-0.00974717893031
-0.00966716591242
-0.00958713074879
-0.00950707415338
-0.00942699683978
-0.00934689952124
-0.00926678291064
-0.00918664772047
-0.00910649466287
-0.00902632444958
-0.00894613779194
-0.00886593540092
-0.00878571798706
-0.00870548626050
-0.00862524093098
-0.00854498270780
-0.00846471229985
-0.00838443041557
-0.00830413776299
-0.00822383504967
-0.00814352298272
-0.00806320226882
-0.00798287361416
-0.00790253772448
-0.00782219530505
-0.00774184706063
-0.00766149369555
-0.00758113591359
-0.00750077441807
-0.00742040991180
-0.00734004309709
-0.00725967467571
-0.00717930534893
-0.00709893581750
-0.00701856678162
-0.00693819894098
-0.00685783299469
-0.00677746964134
-0.00669710957896
-0.00661675350502
-0.00653640211642
-0.00645605610949
-0.00637571617998
-0.00629538302307
-0.00621505733333
-0.00613473980477
-0.00605443113075
-0.00597413200408
-0.00589384311692
-0.00581356516083
-0.00573329882674
-0.00565304480495
-0.00557280378515
-0.00549257645636
-0.00541236350697
-0.00533216562473
-0.00525198349671
-0.00517181780933
-0.00509166924835
-0.00501153849886
-0.00493142624525
-0.00485133317125
-0.00477125995989
-0.00469120729351
-0.00461117585375
-0.00453116632153
-0.00445117937708
-0.00437121569991
-0.00429127596880
-0.00421136086180
-0.00413147105625
-0.00405160722872
-0.00397177005506
-0.00389196021036
-0.00381217836896
-0.00373242520445
-0.00365270138964
-0.00357300759658
-0.00349334449653
-0.00341371275998
-0.00333411305664
-0.00325454605543
-0.00317501242444
-0.00309551283101
-0.00301604794163
-0.00293661842199
-0.00285722493698
-0.00277786815064
-0.00269854872620
-0.00261926732605
-0.00254002461174
-0.00246082124398
-0.00238165788264
-0.00230253518671
-0.00222345381433
-0.00214441442281
-0.00206541766853
-0.00198646420705
-0.00190755469301
-0.00182868978020
-0.00174987012149
-0.00167109636887
-0.00159236917343
-0.00151368918535
-0.00143505705390
-0.00135647342744
-0.00127793895340
-0.00119945427830
-0.00112102004771
-0.00104263690629
-0.00096430549773
-0.00088602646480
-0.00080780044930
-0.00072962809209
-0.00065151003307
-0.00057344691116
-0.00049543936433
-0.00041748802956
-0.00033959354285
-0.00026175653923
-0.00018397765274
-0.00010625751640
-0.00002859676226
0.00004900397865
0.00012654407630
0.00020402290167
0.00028143982678
0.00035879422464
0.00043608546932
0.00051331293589
0.00059047600049
0.00066757404028
0.00074460643346
0.00082157255932
0.00089847179815
0.00097530353135
0.00105206714136
0.00112876201169
0.00120538752694
0.00128194307276
0.00135842803591
0.00143484180423
0.00151118376665
0.00158745331321
0.00166364983502
0.00173977272434
0.00181582137450
0.00189179517997
0.00196769353634
0.00204351584031
0.00211926148971
0.00219492988353
0.00227052042186
0.00234603250595
0.00242146553821
0.00249681892217
0.00257209206255
0.00264728436519
0.00272239523713
0.00279742408656
0.00287237032284
0.00294723335653
0.00302201259934
0.00309670746419
0.00317131736517
0.00324584171758
0.00332027993791
0.00339463144386
0.00346889565432
0.00354307198942
0.00361715987048
0.00369115872004
0.00376506796188
0.00383888702100
0.00391261532363
0.00398625229722
0.00405979737050
0.00413324997340
0.00420660953714
0.00427987549415
0.00435304727814
0.00442612432409
0.00449910606823
0.00457199194805
0.00464478140233
0.00471747387111
0.00479006879573
0.00486256561880
0.00493496378423
0.00500726273719
0.00507946192420
0.00515156079302
0.00522355879277
0.00529545537384
0.00536724998793
0.00543894208809
0.00551053112866
0.00558201656531
0.00565339785504
0.00572467445616
0.00579584582836
0.00586691143262
0.00593787073129
0.00600872318805
0.00607946826795
0.00615010543737
0.00622063416405
0.00629105391711
0.00636136416702
0.00643156438561
0.00650165404610
0.00657163262305
0.00664149959245
0.00671125443163
0.00678089661933
0.00685042563565
0.00691984096211
0.00698914208163
0.00705832847850
0.00712739963844
0.00719635504855
0.00726519419738
0.00733391657485
0.00740252167233
0.00747100898259
0.00753937799983
0.00760762821968
0.00767575913919
0.00774377025686
0.00781166107262
0.00787943108783
0.00794707980530
0.00801460672930
0.00808201136554
0.00814929322117
0.00821645180482
0.00828348662656
0.00835039719795
0.00841718303198
0.00848384364313
0.00855037854736
0.00861678726210
0.00868306930624
0.00874922420018
0.00881525146579
0.00888115062643
0.00894692120695
0.00901256273370
0.00907807473452
0.00914345673876
0.00920870827727
0.00927382888239
0.00933881808800
0.00940367542947
0.00946840044369
0.00953299266907
0.00959745164554
0.00966177691456
0.00972596801911
0.00979002450369
0.00985394591436
0.00991773179869
0.00998138170580
0.01004489518635
0.01010827179255
0.01017151107813
0.01023461259841
0.01029757591023
0.01036040057199
0.01042308614367
0.01048563218678
0.01054803826442
0.01061030394123
0.01067242878343
0.01073441235882
0.01079625423676
0.01085795398819
0.01091951118564
0.01098092540320
0.01104219621656
0.01110332320299
0.01116430594135
0.01122514401209
0.01128583699726
0.01134638448049
0.01140678604704
0.01146704128373
0.01152714977903
0.01158711112296
0.01164692490721
0.01170659072503
0.01176610817132
0.01182547684256
0.01188469633688
0.01194376625402
0.01200268619533
0.01206145576380
0.01212007456404
0.01217854220229
0.01223685828642
0.01229502242594
0.01235303423199
0.01241089331734
0.01246859929643
0.01252615178531
0.01258355040168
0.01264079476491
0.01269788449599
0.01275481921757
0.01281159855397
0.01286822213113
0.01292468957669
0.01298100051991
0.01303715459173
0.01309315142475
0.01314899065325
0.01320467191314
0.01326019484203
0.01331555907919
0.01337076426557
0.01342581004379
0.01348069605813
0.01353542195458
0.01358998738079
0.01364439198608
0.01369863542149
0.01375271733972
0.01380663739515
0.01386039524388
0.01391399054366
0.01396742295397
0.01402069213596
0.01407379775249
0.01412673946811
0.01417951694907
0.01423212986332
0.01428457788053
0.01433686067204
0.01438897791092
0.01444092927194
0.01449271443160
0.01454433306806
0.01459578486125
0.01464706949277
0.01469818664595
0.01474913600586
0.01479991725924
0.01485053009459
0.01490097420211
0.01495124927374
0.01500135500312
0.01505129108562
0.01510105721836
0.01515065310017
0.01520007843160
0.01524933291494
0.01529841625423
0.01534732815520
0.01539606832535
0.01544463647391
0.01549303231184
0.01554125555183
0.01558930590833
0.01563718309751
0.01568488683730
0.01573241684735
0.01577977284908
0.01582695456563
0.01587396172190
0.01592079404454
0.01596745126194
0.01601393310424
0.01606023930334
0.01610636959287
0.01615232370824
0.01619810138659
0.01624370236682
0.01628912638960
0.01633437319734
0.01637944253420
0.01642433414613
0.01646904778081
0.01651358318768
0.01655794011796
0.01660211832462
0.01664611756239
0.01668993758776
0.01673357815899
0.01677703903612
0.01682031998092
0.01686342075696
0.01690634112955
0.01694908086580
0.01699163973455
0.01703401750644
0.01707621395386
0.01711822885097
0.01716006197373
0.01720171309984
0.01724318200878
0.01728446848180
0.01732557230195
0.01736649325401
0.01740723112456
0.01744778570196
0.01748815677633
0.01752834413958
0.01756834758539
0.01760816690921
0.01764780190828
0.01768725238160
0.01772651812997
0.01776559895596
0.01780449466390
0.01784320505993
0.01788172995196
0.01792006914967
0.01795822246452
0.01799618970976
0.01803397070041
0.01807156525329
0.01810897318699
0.01814619432187
0.01818322848009
0.01822007548559
0.01825673516407
0.01829320734304
0.01832949185178
0.01836558852135
0.01840149718460
0.01843721767616
0.01847274983244
0.01850809349164
0.01854324849373
0.01857821468047
0.01861299189542
0.01864757998389
0.01868197879300
0.01871618817164
0.01875020797049
0.01878403804200
0.01881767824042
0.01885112842177
0.01888438844386
0.01891745816628
0.01895033745041
0.01898302615939
0.01901552415817
0.01904783131346
0.01907994749376
0.01911187256936
0.01914360641232
0.01917514889648
0.01920649989747
0.01923765929269
0.01926862696132
0.01929940278435
0.01932998664450
0.01936037842630
0.01939057801606
0.01942058530186
0.01945040017356
0.01948002252279
0.01950945224298
0.01953868922930
0.01956773337874
0.01959658459002
0.01962524276369
0.01965370780201
0.01968197960908
0.01971005809072
0.01973794315456
0.01976563470998
0.01979313266815
0.01982043694200
0.01984754744622
0.01987446409731
0.01990118681350
0.01992771551480
0.01995405012300
0.01998019056165
0.02000613675606
0.02003188863332
0.02005744612227
0.02008280915354
0.02010797765949
0.02013295157428
0.02015773083381
0.02018231537573
0.02020670513949
0.02023090006627
0.02025490009901
0.02027870518242
0.02030231526296
0.02032573028886
0.02034895021009
0.02037197497839
0.02039480454723
0.02041743887185
0.02043987790925
0.02046212161816
0.02048416995908
0.02050602289425
0.02052768038766
0.02054914240504
0.02057040891387
0.02059147988338
0.02061235528454
0.02063303509007
0.02065351927442
0.02067380781378
0.02069390068609
0.02071379787102
0.02073349934999
0.02075300510613
0.02077231512434
0.02079142939121
0.02081034789511
0.02082907062610
0.02084759757600
0.02086592873834
0.02088406410838
0.02090200368311
0.02091974746124
0.02093729544321
0.02095464763119
0.02097180402904
0.02098876464236
0.02100552947848
0.02102209854642
0.02103847185694
0.02105464942248
0.02107063125723
0.02108641737706
0.02110200779958
0.02111740254407
0.02113260163156
0.02114760508474
0.02116241292803
0.02117702518755
0.02119144189111
0.02120566306823
0.02121968875012
0.02123351896969
0.02124715376154
0.02126059316195
0.02127383720891
0.02128688594210
0.02129973940286
0.02131239763425
0.02132486068100
0.02133712858951
0.02134920140787
0.02136107918585
0.02137276197490
0.02138424982813
0.02139554280035
0.02140664094802
0.02141754432926
0.02142825300389
0.02143876703338
0.02144908648085
0.02145921141110
0.02146914189059
0.02147887798744
0.02148841977140
0.02149776731392
0.02150692068807
0.02151587996857
0.02152464523182
0.02153321655582
0.02154159402026
0.02154977770645
0.02155776769735
0.02156556407754
0.02157316693326
0.02158057635237
0.02158779242438
0.02159481524041
0.02160164489323
0.02160828147721
0.02161472508837
0.02162097582434
0.02162703378437
0.02163289906934
0.02163857178172
0.02164405202563
0.02164933990677
0.02165443553247
0.02165933901165
0.02166405045485
0.02166856997420
0.02167289768345
0.02167703369793
0.02168097813457
0.02168473111189
0.02168829275003
0.02169166317067
0.02169484249711
0.02169783085424
0.02170062836851
0.02170323516796
0.02170565138220
0.02170787714244
0.02170991258143
0.02171175783351
0.02171341303459
0.02171487832213
0.02171615383516
0.02171723971427
0.02171813610162
0.02171884314090
0.02171936097739
0.02171968975788
0.02171982963074
0.02171978074586
0.02171954325470
0.02171911731023
0.02171850306699
0.02171770068102
0.02171671030993
0.02171553211284
0.02171416625039
0.02171261288476
0.02171087217965
0.02170894430027
0.02170682941336
0.02170452768716
0.02170203929144
0.02169936439745
0.02169650317798
0.02169345580731
0.02169022246121
0.02168680331696
0.02168319855333
0.02167940835058
0.02167543289048
0.02167127235626
0.02166692693265
0.02166239680586
0.02165768216357
0.02165278319494
0.02164770009061
0.02164243304268
0.02163698224473
0.02163134789179
0.02162553018036
0.02161952930839
0.02161334547530
0.02160697888196
0.02160042973068
0.02159369822521
0.02158678457077
0.02157968897401
0.02157241164300
0.02156495278728
0.02155731261778
0.02154949134690
0.02154148918844
0.02153330635764
0.02152494307113
0.02151639954700
0.02150767600472
0.02149877266518
0.02148968975070
0.02148042748497
0.02147098609309
0.02146136580159
0.02145156683835
0.02144158943268
0.02143143381526
0.02142110021815
0.02141058887481
0.02139990002007
0.02138903389014
0.02137799072261
0.02136677075642
0.02135537423190
0.02134380139073
0.02133205247595
0.02132012773197
0.02130802740455
0.02129575174079
0.02128330098914
0.02127067539941
0.02125787522274
0.02124490071160
0.02123175211981
0.02121842970251
0.02120493371619
0.02119126441862
0.02117742206894
0.02116340692758
0.02114921925629
0.02113485931813
0.02112032737748
0.02110562370000
0.02109074855269
0.02107570220380
0.02106048492292
0.02104509698089
0.02102953864987
0.02101381020329
0.02099791191586
0.02098184406356
0.02096560692367
0.02094920077472
0.02093262589650
0.02091588257009
0.02089897107779
0.02088189170320
0.02086464473115
0.02084723044772
0.02082964914024
0.02081190109727
0.02079398660863
0.02077590596536
0.02075765945974
0.02073924738528
0.02072067003669
0.02070192770994
0.02068302070218
0.02066394931181
0.02064471383840
0.02062531458276
0.02060575184689
0.02058602593399
0.02056613714845
0.02054608579586
0.02052587218301
0.02050549661783
0.02048495940949
0.02046426086830
0.02044340130575
0.02042238103450
0.02040120036839
0.02037985962239
0.02035835911268
0.02033669915654
0.02031488007245
0.02029290217999
0.02027076579992
0.02024847125414
0.02022601886565
0.02020340895863
0.02018064185836
0.02015771789125
0.02013463738483
0.02011140066776
0.02008800806979
0.02006445992181
0.02004075655579
0.02001689830481
0.01999288550307
0.01996871848582
0.01994439758945
0.01991992315140
0.01989529551020
0.01987051500548
0.01984558197793
0.01982049676931
0.01979525972244
0.01976987118122
0.01974433149061
0.01971864099662
0.01969280004630
0.01966680898777
0.01964066817017
0.01961437794371
0.01958793865961
0.01956135067014
0.01953461432859
0.01950772998926
0.01948069800751
0.01945351873967
0.01942619254312
0.01939871977623
0.01937110079837
0.01934333596993
0.01931542565228
0.01928737020779
0.01925916999981
0.01923082539269
0.01920233675175
0.01917370444329
0.01914492883457
0.01911601029384
0.01908694919030
0.01905774589411
0.01902840077640
0.01899891420924
0.01896928656565
0.01893951821959
0.01890960954597
0.01887956092064
0.01884937272036
0.01881904532284
0.01878857910671
0.01875797445150
0.01872723173768
0.01869635134662
0.01866533366060
0.01863417906280
0.01860288793731
0.01857146066909
0.01853989764403
0.01850819924887
0.01847636587125
0.01844439789969
0.01841229572358
0.01838005973317
0.01834769031959
0.01831518787483
0.01828255279174
0.01824978546401
0.01821688628620
0.01818385565369
0.01815069396272
0.01811740161037
0.01808397899453
0.01805042651394
0.01801674456815
0.01798293355755
0.01794899388332
0.01791492594747
0.01788073015280
0.01784640690294
0.01781195660229
0.01777737965606
0.01774267647025
0.01770784745165
0.01767289300783
0.01763781354711
0.01760260947863
0.01756728121227
0.01753182915868
0.01749625372927
0.01746055533621
0.01742473439243
0.01738879131159
0.01735272650810
0.01731654039711
0.01728023339452
0.01724380591694
0.01720725838171
0.01717059120690
0.01713380481130
0.01709689961439
0.01705987603640
0.01702273449823
0.01698547542149
0.01694809922850
0.01691060634225
0.01687299718643
0.01683527218543
0.01679743176428
0.01675947634872
0.01672140636514
0.01668322224061
0.01664492440285
0.01660651328024
0.01656798930183
0.01652935289729
0.01649060449697
0.01645174453181
0.01641277343344
0.01637369163409
0.01633449956662
0.01629519766452
0.01625578636190
0.01621626609347
0.01617663729457
0.01613690040113
0.01609705584969
0.01605710407738
0.01601704552192
0.01597688062163
0.01593660981540
0.01589623354271
0.01585575224362
0.01581516635873
0.01577447632924
0.01573368259691
0.01569278560402
0.01565178579346
0.01561068360861
0.01556947949343
0.01552817389243
0.01548676725061
0.01544526001355
0.01540365262733
0.01536194553855
0.01532013919434
0.01527823404234
0.01523623053069
0.01519412910806
0.01515193022359
0.01510963432693
0.01506724186823
0.01502475329810
0.01498216906767
0.01493948962852
0.01489671543271
0.01485384693277
0.01481088458171
0.01476782883297
0.01472468014049
0.01468143895862
0.01463810574217
0.01459468094640
0.01455116502702
0.01450755844015
0.01446386164234
0.01442007509060
0.01437619924231
0.01433223455532
0.01428818148784
0.01424404049854
0.01419981204644
0.01415549659101
0.01411109459208
0.01406660650988
0.01402203280504
0.01397737393854
0.01393263037177
0.01388780256647
0.01384289098476
0.01379789608912
0.01375281834239
0.01370765820777
0.01366241614880
0.01361709262937
0.01357168811372
0.01352620306642
0.01348063795236
0.01343499323680
0.01338926938527
0.01334346686366
0.01329758613816
0.01325162767528
0.01320559194181
0.01315947940488
0.01311329053190
0.01306702579056
0.01302068564886
0.01297427057507
0.01292778103776
0.01288121750575
0.01283458044815
0.01278787033433
0.01274108763392
0.01269423281682
0.01264730635317
0.01260030871337
0.01255324036805
0.01250610178810
0.01245889344463
0.01241161580900
0.01236426935278
0.01231685454777
0.01226937186599
0.01222182177967
0.01217420476126
0.01212652128340
0.01207877181895
0.01203095684095
0.01198307682264
0.01193513223745
0.01188712355899
0.01183905126106
0.01179091581761
0.01174271770279
0.01169445739090
0.01164613535641
0.01159775207393
0.01154930801825
0.01150080366428
0.01145223948711
0.01140361596194
0.01135493356411
0.01130619276911
0.01125739405253
0.01120853789011
0.01115962475770
0.01111065513125
0.01106162948684
0.01101254830064
0.01096341204893
0.01091422120808
0.01086497625457
0.01081567766494
0.01076632591584
0.01071692148399
0.01066746484618
0.01061795647927
0.01056839686021
0.01051878646598
0.01046912577364
0.01041941526029
0.01036965540310
0.01031984667926
0.01026998956602
0.01022008454065
0.01017013208048
0.01012013266284
0.01007008676509
0.01001999486462
0.00996985743883
0.00991967496513
0.00986944792094
0.00981917678367
0.00976886203075
0.00971850413959
0.00966810358759
0.00961766085213
0.00956717641060
0.00951665074033
0.00946608431865
0.00941547762284
0.00936483113015
0.00931414531780
0.00926342066296
0.00921265764275
0.00916185673423
0.00911101841442
0.00906014316027
0.00900923144867
0.00895828375642
0.00890730056028
0.00885628233691
0.00880522956290
0.00875414271474
0.00870302226883
0.00865186870151
0.00860068248897
0.00854946410733
0.00849821403260
0.00844693274067
0.00839562070732
0.00834427840822
0.00829290631889
0.00824150491475
0.00819007467109
0.00813861606303
0.00808712956558
0.00803561565360
0.00798407480181
0.00793250748475
0.00788091417684
0.00782929535230
0.00777765148523
0.00772598304952
0.00767429051892
0.00762257436698
0.00757083506708
0.00751907309241
0.00746728891598
0.00741548301060
0.00736365584889
0.00731180790324
0.00725993964589
0.00720805154881
0.00715614408380
0.00710421772243
0.00705227293604
0.00700031019575
0.00694832997245
0.00689633273682
0.00684431895925
0.00679228910994
0.00674024365882
0.00668818307558
0.00663610782964
0.00658401839019
0.00653191522613
0.00647979880611
0.00642766959851
0.00637552807145
0.00632337469273
0.00627120992993
0.00621903425029
0.00616684812079
0.00611465200811
0.00606244637863
0.00601023169845
0.00595800843334
0.00590577704876
0.00585353800988
0.00580129178154
0.00574903882825
0.00569677961423
0.00564451460334
0.00559224425910
0.00553996904474
0.00548768942311
0.00543540585673
0.00538311880777
0.00533082873805
0.00527853610905
0.00522624138186
0.00517394501724
0.00512164747556
0.00506934921683
0.00501705070069
0.00496475238639
0.00491245473281
0.00486015819844
0.00480786324138
0.00475557031934
0.00470327988964
0.00465099240918
0.00459870833448
0.00454642812162
0.00449415222631
0.00444188110382
0.00438961520899
0.00433735499626
0.00428510091964
0.00423285343270
0.00418061298859
0.00412838004000
0.00407615503920
0.00402393843801
0.00397173068779
0.00391953223947
0.00386734354351
0.00381516504991
0.00376299720820
0.00371084046746
0.00365869527630
0.00360656208283
0.00355444133472
0.00350233347913
0.00345023896274
0.00339815823175
0.00334609173187
0.00329403990831
0.00324200320577
0.00318998206847
0.00313797694009
0.00308598826385
0.00303401648241
0.00298206203793
0.00293012537207
0.00287820692592
0.00282630714010
0.00277442645465
0.00272256530909
0.00267072414243
0.00261890339310
0.00256710349901
0.00251532489750
0.00246356802539
0.00241183331892
0.00236012121377
0.00230843214508
0.00225676654739
0.00220512485472
0.00215350750047
0.00210191491750
0.00205034753806
0.00199880579384
0.00194729011594
0.00189580093487
0.00184433868054
0.00179290378228
0.00174149666880
0.00169011776822
0.00163876750807
0.00158744631523
0.00153615461601
0.00148489283609
0.00143366140050
0.00138246073371
0.00133129125950
0.00128015340107
0.00122904758095
0.00117797422108
0.00112693374271
0.00107592656649
0.00102495311239
0.00097401379977
0.00092310904730
0.00087223927303
0.00082140489433
0.00077060632791
0.00071984398982
0.00066911829546
0.00061842965952
0.00056777849605
0.00051716521842
0.00046659023930
0.00041605397070
0.00036555682392
0.00031509920960
0.00026468153766
0.00021430421734
0.00016396765718
0.00011367226502
0.00006341844798
0.00001320661249
-0.00003696283574
-0.00008708949170
-0.00013717295111
-0.00018721281042
-0.00023720866678
-0.00028716011808
-0.00033706676293
-0.00038692820068
-0.00043674403141
-0.00048651385594
-0.00053623727583
-0.00058591389339
-0.00063554331165
-0.00068512513443
-0.00073465896627
-0.00078414441248
-0.00083358107913
-0.00088296857304
-0.00093230650181
-0.00098159447379
-0.00103083209810
-0.00108001898466
-0.00112915474413
-0.00117823898796
-0.00122727132840
-0.00127625137846
-0.00132517875194
-0.00137405306344
-0.00142287392836
-0.00147164096285
-0.00152035378392
-0.00156901200934
-0.00161761525769
-0.00166616314837
-0.00171465530157
-0.00176309133830
-0.00181147088039
-0.00185979355048
-0.00190805897203
-0.00195626676932
-0.00200441656747
-0.00205250799241
-0.00210054067090
-0.00214851423055
-0.00219642829979
-0.00224428250790
-0.00229207648498
-0.00233980986201
-0.00238748227077
-0.00243509334393
-0.00248264271499
-0.00253013001830
-0.00257755488908
-0.00262491696341
-0.00267221587821
-0.00271945127129
-0.00276662278131
-0.00281373004780
-0.00286077271118
-0.00290775041271
-0.00295466279456
-0.00300150949976
-0.00304829017222
-0.00309500445675
-0.00314165199904
-0.00318823244565
-0.00323474544406
-0.00328119064262
-0.00332756769058
-0.00337387623812
-0.00342011593627
-0.00346628643699
-0.00351238739316
-0.00355841845854
-0.00360437928781
-0.00365026953656
-0.00369608886131
-0.00374183691947
-0.00378751336940
-0.00383311787037
-0.00387865008255
-0.00392410966707
-0.00396949628597
-0.00401480960224
-0.00406004927977
-0.00410521498341
-0.00415030637895
-0.00419532313311
-0.00424026491354
-0.00428513138885
-0.00432992222861
-0.00437463710330
-0.00441927568439
-0.00446383764427
-0.00450832265630
-0.00455273039481
-0.00459706053507
-0.00464131275331
-0.00468548672673
-0.00472958213350
-0.00477359865275
-0.00481753596459
-0.00486139375007
-0.00490517169126
-0.00494886947118
-0.00499248677381
-0.00503602328415
-0.00507947868816
-0.00512285267277
-0.00516614492592
-0.00520935513653
-0.00525248299450
-0.00529552819073
-0.00533849041712
-0.00538136936654
-0.00542416473290
-0.00546687621105
-0.00550950349691
-0.00555204628734
-0.00559450428024
-0.00563687717451
-0.00567916467007
-0.00572136646781
-0.00576348226968
-0.00580551177862
-0.00584745469858
-0.00588931073455
-0.00593107959251
-0.00597276097950
-0.00601435460354
-0.00605586017370
-0.00609727740007
-0.00613860599378
-0.00617984566697
-0.00622099613282
-0.00626205710554
-0.00630302830039
-0.00634390943365
-0.00638470022264
-0.00642540038573
-0.00646600964233
-0.00650652771287
-0.00654695431886
-0.00658728918284
-0.00662753202839
-0.00666768258015
-0.00670774056381
-0.00674770570611
-0.00678757773486
-0.00682735637889
-0.00686704136812
-0.00690663243353
-0.00694612930713
-0.00698553172203
-0.00702483941237
-0.00706405211337
-0.00710316956133
-0.00714219149360
-0.00718111764860
-0.00721994776582
-0.00725868158584
-0.00729731885030
-0.00733585930190
-0.00737430268445
-0.00741264874281
-0.00745089722294
-0.00748904787187
-0.00752710043770
-0.00756505466964
-0.00760291031796
-0.00764066713404
-0.00767832487032
-0.00771588328035
-0.00775334211877
-0.00779070114129
-0.00782796010474
-0.00786511876702
-0.00790217688714
-0.00793913422520
-0.00797599054241
-0.00801274560105
-0.00804939916453
-0.00808595099734
-0.00812240086510
-0.00815874853449
-0.00819499377334
-0.00823113635055
-0.00826717603615
-0.00830311260126
-0.00833894581814
-0.00837467546012
-0.00841030130166
-0.00844582311835
-0.00848124068686
-0.00851655378501
-0.00855176219169
-0.00858686568696
-0.00862186405195
-0.00865675706894
-0.00869154452132
-0.00872622619360
-0.00876080187141
-0.00879527134151
-0.00882963439176
-0.00886389081119
-0.00889804038990
-0.00893208291917
-0.00896601819137
-0.00899984600001
-0.00903356613973
-0.00906717840630
-0.00910068259662
-0.00913407850873
-0.00916736594178
-0.00920054469609
-0.00923361457307
-0.00926657537530
-0.00929942690648
-0.00933216897145
-0.00936480137620
-0.00939732392783
-0.00942973643461
-0.00946203870593
-0.00949423055232
-0.00952631178547
-0.00955828221818
-0.00959014166444
-0.00962188993933
-0.00965352685912
-0.00968505224119
-0.00971646590409
-0.00974776766750
-0.00977895735226
-0.00981003478034
-0.00984099977488
-0.00987185216016
-0.00990259176159
-0.00993321840576
-0.00996373192040
-0.00999413213438
-0.01002441887774
-0.01005459198165
-0.01008465127845
-0.01011459660162
-0.01014442778582
-0.01017414466684
-0.01020374708162
-0.01023323486827
-0.01026260786606
-0.01029186591539
-0.01032100885786
-0.01035003653618
-0.01037894879425
-0.01040774547712
-0.01043642643098
-0.01046499150320
-0.01049344054231
-0.01052177339799
-0.01054998992108
-0.01057808996358
-0.01060607337865
-0.01063394002063
-0.01066168974499
-0.01068932240838
-0.01071683786861
-0.01074423598465
-0.01077151661663
-0.01079867962584
-0.01082572487476
-0.01085265222699
-0.01087946154732
-0.01090615270170
-0.01093272555725
-0.01095917998223
-0.01098551584609
-0.01101173301944
-0.01103783137404
-0.01106381078282
-0.01108967111989
-0.01111541226052
-0.01114103408112
-0.01116653645929
-0.01119191927380
-0.01121718240457
-0.01124232573268
-0.01126734914041
-0.01129225251116
-0.01131703572952
-0.01134169868126
-0.01136624125329
-0.01139066333369
-0.01141496481171
-0.01143914557778
-0.01146320552348
-0.01148714454155
-0.01151096252591
-0.01153465937165
-0.01155823497499
-0.01158168923337
-0.01160502204535
-0.01162823331068
-0.01165132293027
-0.01167429080619
-0.01169713684168
-0.01171986094115
-0.01174246301015
-0.01176494295544
-0.01178730068490
-0.01180953610760
-0.01183164913376
-0.01185363967478
-0.01187550764321
-0.01189725295278
-0.01191887551836
-0.01194037525600
-0.01196175208290
-0.01198300591745
-0.01200413667917
-0.01202514428877
-0.01204602866809
-0.01206678974016
-0.01208742742917
-0.01210794166045
-0.01212833236050
-0.01214859945700
-0.01216874287876
-0.01218876255578
-0.01220865841918
-0.01222843040128
-0.01224807843554
-0.01226760245657
-0.01228700240015
-0.01230627820322
-0.01232542980386
-0.01234445714133
-0.01236336015603
-0.01238213878952
-0.01240079298451
-0.01241932268488
-0.01243772783564
-0.01245600838298
-0.01247416427423
-0.01249219545787
-0.01251010188353
-0.01252788350201
-0.01254554026525
-0.01256307212633
-0.01258047903949
-0.01259776096013
-0.01261491784477
-0.01263194965112
-0.01264885633800
-0.01266563786539
-0.01268229419442
-0.01269882528736
-0.01271523110764
-0.01273151161982
-0.01274766678960
-0.01276369658383
-0.01277960097051
-0.01279537991878
-0.01281103339890
-0.01282656138230
-0.01284196384154
-0.01285724075030
-0.01287239208342
-0.01288741781687
-0.01290231792777
-0.01291709239435
-0.01293174119599
-0.01294626431321
-0.01296066172765
-0.01297493342210
-0.01298907938046
-0.01300309958779
-0.01301699403024
-0.01303076269514
-0.01304440557090
-0.01305792264709
-0.01307131391439
-0.01308457936462
-0.01309771899072
-0.01311073278674
-0.01312362074788
-0.01313638287043
-0.01314901915184
-0.01316152959064
-0.01317391418651
-0.01318617294024
-0.01319830585373
-0.01321031293001
-0.01322219417321
-0.01323394958858
-0.01324557918250
-0.01325708296244
-0.01326846093700
-0.01327971311587
-0.01329083950986
-0.01330184013091
-0.01331271499202
-0.01332346410735
-0.01333408749212
-0.01334458516269
-0.01335495713649
-0.01336520343208
-0.01337532406910
-0.01338531906832
-0.01339518845157
-0.01340493224180
-0.01341455046305
-0.01342404314047
-0.01343341030028
-0.01344265196981
-0.01345176817747
-0.01346075895278
-0.01346962432632
-0.01347836432979
-0.01348697899596
-0.01349546835867
-0.01350383245288
-0.01351207131462
-0.01352018498098
-0.01352817349015
-0.01353603688140
-0.01354377519508
-0.01355138847261
-0.01355887675649
-0.01356624009029
-0.01357347851865
-0.01358059208729
-0.01358758084299
-0.01359444483362
-0.01360118410809
-0.01360779871640
-0.01361428870960
-0.01362065413981
-0.01362689506021
-0.01363301152503
-0.01363900358958
-0.01364487131022
-0.01365061474436
-0.01365623395047
-0.01366172898807
-0.01366709991774
-0.01367234680111
-0.01367746970085
-0.01368246868068
-0.01368734380537
-0.01369209514074
-0.01369672275364
-0.01370122671198
-0.01370560708469
-0.01370986394176
-0.01371399735419
-0.01371800739405
-0.01372189413441
-0.01372565764939
-0.01372929801415
-0.01373281530486
-0.01373620959874
-0.01373948097401
-0.01374262950994
-0.01374565528680
-0.01374855838590
-0.01375133888956
-0.01375399688113
-0.01375653244497
-0.01375894566643
-0.01376123663193
-0.01376340542885
-0.01376545214559
-0.01376737687159
-0.01376917969727
-0.01377086071405
-0.01377242001437
-0.01377385769166
-0.01377517384035
-0.01377636855589
-0.01377744193470
-0.01377839407421
-0.01377922507283
-0.01377993502997
-0.01378052404604
-0.01378099222241
-0.01378133966147
-0.01378156646657
-0.01378167274204
-0.01378165859322
-0.01378152412640
-0.01378126944886
-0.01378089466885
-0.01378039989559
-0.01377978523929
-0.01377905081111
-0.01377819672319
-0.01377722308863
-0.01377613002149
-0.01377491763681
-0.01377358605057
-0.01377213537973
-0.01377056574219
-0.01376887725681
-0.01376707004339
-0.01376514422272
-0.01376309991650
-0.01376093724738
-0.01375865633899
-0.01375625731587
-0.01375374030351
-0.01375110542834
-0.01374835281773
-0.01374548259999
-0.01374249490436
-0.01373938986100
-0.01373616760102
-0.01373282825645
-0.01372937196024
-0.01372579884626
-0.01372210904932
-0.01371830270514
-0.01371437995035
-0.01371034092251
-0.01370618576008
-0.01370191460245
-0.01369752758990
-0.01369302486362
-0.01368840656573
-0.01368367283922
-0.01367882382801
-0.01367385967689
-0.01366878053157
-0.01366358653865
-0.01365827784562
-0.01365285460086
-0.01364731695365
-0.01364166505414
-0.01363589905338
-0.01363001910329
-0.01362402535667
-0.01361791796721
-0.01361169708948
-0.01360536287890
-0.01359891549178
-0.01359235508529
-0.01358568181749
-0.01357889584727
-0.01357199733440
-0.01356498643953
-0.01355786332414
-0.01355062815058
-0.01354328108205
-0.01353582228261
-0.01352825191715
-0.01352057015143
-0.01351277715205
-0.01350487308645
-0.01349685812290
-0.01348873243053
-0.01348049617930
-0.01347214953999
-0.01346369268422
-0.01345512578446
-0.01344644901397
-0.01343766254686
-0.01342876655807
-0.01341976122333
-0.01341064671922
-0.01340142322312
-0.01339209091322
-0.01338264996853
-0.01337310056886
-0.01336344289485
-0.01335367712791
-0.01334380345028
-0.01333382204498
-0.01332373309584
-0.01331353678749
-0.01330323330533
-0.01329282283558
-0.01328230556521
-0.01327168168202
-0.01326095137457
-0.01325011483218
-0.01323917224500
-0.01322812380390
-0.01321696970056
-0.01320571012743
-0.01319434527770
-0.01318287534537
-0.01317130052516
-0.01315962101259
-0.01314783700391
-0.01313594869614
-0.01312395628705
-0.01311185997516
-0.01309965995976
-0.01308735644085
-0.01307494961922
-0.01306243969635
-0.01304982687450
-0.01303711135666
-0.01302429334654
-0.01301137304859
-0.01299835066799
-0.01298522641065
-0.01297200048321
-0.01295867309301
-0.01294524444813
-0.01293171475737
-0.01291808423022
-0.01290435307691
-0.01289052150837
-0.01287658973623
-0.01286255797283
-0.01284842643122
-0.01283419532513
-0.01281986486901
-0.01280543527798
-0.01279090676788
-0.01277627955522
-0.01276155385720
-0.01274672989170
-0.01273180787730
-0.01271678803324
-0.01270167057945
-0.01268645573652
-0.01267114372573
-0.01265573476901
-0.01264022908896
-0.01262462690886
-0.01260892845263
-0.01259313394486
-0.01257724361080
-0.01256125767635
-0.01254517636804
-0.01252899991309
-0.01251272853932
-0.01249636247523
-0.01247990194994
-0.01246334719321
-0.01244669843545
-0.01242995590767
-0.01241311984155
-0.01239619046936
-0.01237916802403
-0.01236205273907
-0.01234484484866
-0.01232754458754
-0.01231015219112
-0.01229266789538
-0.01227509193693
-0.01225742455297
-0.01223966598132
-0.01222181646038
-0.01220387622918
-0.01218584552731
-0.01216772459498
-0.01214951367298
-0.01213121300267
-0.01211282282602
-0.01209434338557
-0.01207577492444
-0.01205711768633
-0.01203837191551
-0.01201953785682
-0.01200061575567
-0.01198160585804
-0.01196250841047
-0.01194332366005
-0.01192405185445
-0.01190469324187
-0.01188524807107
-0.01186571659138
-0.01184609905264
-0.01182639570527
-0.01180660680019
-0.01178673258891
-0.01176677332343
-0.01174672925630
-0.01172660064062
-0.01170638772997
-0.01168609077851
-0.01166571004087
-0.01164524577224
-0.01162469822831
-0.01160406766528
-0.01158335433987
-0.01156255850929
-0.01154168043128
-0.01152072036407
-0.01149967856639
-0.01147855529746
-0.01145735081700
-0.01143606538524
-0.01141469926288
-0.01139325271109
-0.01137172599156
-0.01135011936643
-0.01132843309833
-0.01130666745037
-0.01128482268613
-0.01126289906964
-0.01124089686542
-0.01121881633845
-0.01119665775416
-0.01117442137845
-0.01115210747766
-0.01112971631860
-0.01110724816851
-0.01108470329511
-0.01106208196652
-0.01103938445134
-0.01101661101858
-0.01099376193771
-0.01097083747860
-0.01094783791160
-0.01092476350743
-0.01090161453728
-0.01087839127273
-0.01085509398581
-0.01083172294893
-0.01080827843494
-0.01078476071710
-0.01076117006905
-0.01073750676486
-0.01071377107901
-0.01068996328634
-0.01066608366213
-0.01064213248203
-0.01061811002208
-0.01059401655871
-0.01056985236874
-0.01054561772937
-0.01052131291817
-0.01049693821311
-0.01047249389250
-0.01044798023505
-0.01042339751983
-0.01039874602625
-0.01037402603413
-0.01034923782360
-0.01032438167518
-0.01029945786972
-0.01027446668846
-0.01024940841293
-0.01022428332506
-0.01019909170708
-0.01017383384159
-0.01014851001151
-0.01012312050009
-0.01009766559094
-0.01007214556795
-0.01004656071539
-0.01002091131780
-0.00999519766007
-0.00996942002741
-0.00994357870532
-0.00991767397963
-0.00989170613648
-0.00986567546230
-0.00983958224383
-0.00981342676811
-0.00978720932249
-0.00976093019458
-0.00973458967231
-0.00970818804388
-0.00968172559781
-0.00965520262285
-0.00962861940806
-0.00960197624279
-0.00957527341663
-0.00954851121947
-0.00952168994144
-0.00949480987297
-0.00946787130472
-0.00944087452763
-0.00941381983288
-0.00938670751193
-0.00935953785646
-0.00933231115841
-0.00930502770999
-0.00927768780361
-0.00925029173195
-0.00922283978791
-0.00919533226463
-0.00916776945549
-0.00914015165409
-0.00911247915425
-0.00908475225002
-0.00905697123567
-0.00902913640568
-0.00900124805475
-0.00897330647779
-0.00894531196992
-0.00891726482645
-0.00888916534293
-0.00886101381507
-0.00883281053879
-0.00880455581021
-0.00877624992564
-0.00874789318158
-0.00871948587470
-0.00869102830187
-0.00866252076014
-0.00863396354673
-0.00860535695903
-0.00857670129461
-0.00854799685120
-0.00851924392671
-0.00849044281920
-0.00846159382689
-0.00843269724817
-0.00840375338157
-0.00837476252577
-0.00834572497962
-0.00831664104210
-0.00828751101233
-0.00825833518957
-0.00822911387323
-0.00819984736284
-0.00817053595808
-0.00814117995874
-0.00811177966475
-0.00808233537615
-0.00805284739311
-0.00802331601592
-0.00799374154497
-0.00796412428079
-0.00793446452399
-0.00790476257530
-0.00787501873555
-0.00784523330568
-0.00781540658672
-0.00778553887978
-0.00775563048610
-0.00772568170699
-0.00769569284382
-0.00766566419809
-0.00763559607136
-0.00760548876527
-0.00757534258152
-0.00754515782191
-0.00751493478830
-0.00748467378261
-0.00745437510684
-0.00742403906302
-0.00739366595328
-0.00736325607979
-0.00733280974475
-0.00730232725045
-0.00727180889920
-0.00724125499337
-0.00721066583536
-0.00718004172762
-0.00714938297263
-0.00711868987292
-0.00708796273103
-0.00705720184953
-0.00702640753104
-0.00699558007817
-0.00696471979357
-0.00693382697992
-0.00690290193988
-0.00687194497615
-0.00684095639143
-0.00680993648843
-0.00677888556986
-0.00674780393843
-0.00671669189685
-0.00668554974783
-0.00665437779407
-0.00662317633826
-0.00659194568307
-0.00656068613117
-0.00652939798521
-0.00649808154781
-0.00646673712157
-0.00643536500906
-0.00640396551283
-0.00637253893539
-0.00634108557923
-0.00630960574679
-0.00627809974047
-0.00624656786264
-0.00621501041562
-0.00618342770166
-0.00615182002301
-0.00612018768181
-0.00608853098018
-0.00605685022018
-0.00602514570379
-0.00599341773295
-0.00596166660951
-0.00592989263528
-0.00589809611197
-0.00586627734123
-0.00583443662463
-0.00580257426366
-0.00577069055973
-0.00573878581417
-0.00570686032821
-0.00567491440300
-0.00564294833959
-0.00561096243895
-0.00557895700192
-0.00554693232928
-0.00551488872168
-0.00548282647967
-0.00545074590369
-0.00541864729408
-0.00538653095105
-0.00535439717470
-0.00532224626503
-0.00529007852188
-0.00525789424499
-0.00522569373399
-0.00519347728834
-0.00516124520740
-0.00512899779038
-0.00509673533637
-0.00506445814429
-0.00503216651296
-0.00499986074101
-0.00496754112695
-0.00493520796914
-0.00490286156579
-0.00487050221493
-0.00483813021447
-0.00480574586212
-0.00477334945546
-0.00474094129189
-0.00470852166865
-0.00467609088280
-0.00464364923123
-0.00461119701066
-0.00457873451763
-0.00454626204850
-0.00451377989945
-0.00448128836647
-0.00444878774536
-0.00441627833173
-0.00438376042101
-0.00435123430842
-0.00431870028899
-0.00428615865756
-0.00425360970873
-0.00422105373694
-0.00418849103640
-0.00415592190110
-0.00412334662485
-0.00409076550121
-0.00405817882355
-0.00402558688499
-0.00399298997847
-0.00396038839666
-0.00392778243203
-0.00389517237683
-0.00386255852304
-0.00382994116243
-0.00379732058655
-0.00376469708668
-0.00373207095387
-0.00369944247892
-0.00366681195240
-0.00363417966462
-0.00360154590563
-0.00356891096525
-0.00353627513302
-0.00350363869823
-0.00347100194992
-0.00343836517685
-0.00340572866752
-0.00337309271017
-0.00334045759277
-0.00330782360299
-0.00327519102827
-0.00324256015574
-0.00320993127226
-0.00317730466440
-0.00314468061846
-0.00311205942045
-0.00307944135609
-0.00304682671080
-0.00301421576971
-0.00298160881766
-0.00294900613920
-0.00291640801856
-0.00288381473967
-0.00285122658617
-0.00281864384139
-0.00278606678832
-0.00275349570969
-0.00272093088788
-0.00268837260495
-0.00265582114267
-0.00262327678247
-0.00259073980545
-0.00255821049239
-0.00252568912377
-0.00249317597970
-0.00246067133998
-0.00242817548407
-0.00239568869109
-0.00236321123983
-0.00233074340874
-0.00229828547591
-0.00226583771910
-0.00223340041573
-0.00220097384285
-0.00216855827716
-0.00213615399503
-0.00210376127245
-0.00207138038506
-0.00203901160813
-0.00200665521659
-0.00197431148499
-0.00194198068750
-0.00190966309795
-0.00187735898978
-0.00184506863606
-0.00181279230948
-0.00178053028237
-0.00174828282666
-0.00171605021391
-0.00168383271529
-0.00165163060158
-0.00161944414320
-0.00158727361014
-0.00155511927202
-0.00152298139806
-0.00149086025709
-0.00145875611754
-0.00142666924743
-0.00139459991440
-0.00136254838565
-0.00133051492800
-0.00129849980785
-0.00126650329121
-0.00123452564365
-0.00120256713033
-0.00117062801602
-0.00113870856503
-0.00110680904128
-0.00107492970826
-0.00104307082903
-0.00101123266623
-0.00097941548206
-0.00094761953831
-0.00091584509631
-0.00088409241698
-0.00085236176079
-0.00082065338778
-0.00078896755753
-0.00075730452922
-0.00072566456153
-0.00069404791273
-0.00066245484065
-0.00063088560263
-0.00059934045560
-0.00056781965602
-0.00053632345987
-0.00050485212272
-0.00047340589964
-0.00044198504526
-0.00041058981374
-0.00037922045877
-0.00034787723359
-0.00031656039095
-0.00028527018315
-0.00025400686199
-0.00022277067883
-0.00019156188453
-0.00016038072948
-0.00012922746358
-0.00009810233626
-0.00006700559647
-0.00003593749266
-0.00000489827281
0.00002611181561
0.00005709252559
0.00008804361065
0.00011896482477
0.00014985592245
0.00018071665868
0.00021154678894
0.00024234606922
0.00027311425602
0.00030385110633
0.00033455637765
0.00036522982799
0.00039587121589
0.00042648030035
0.00045705684094
0.00048760059772
0.00051811133125
0.00054858880264
0.00057903277350
0.00060944300596
0.00063981926269
0.00067016130688
0.00070046890222
0.00073074181297
0.00076097980390
0.00079118264029
0.00082135008799
0.00085148191337
0.00088157788333
0.00091163776532
0.00094166132731
0.00097164833784
0.00100159856597
0.00103151178130
0.00106138775400
0.00109122625477
0.00112102705487
0.00115078992610
0.00118051464081
0.00121020097191
0.00123984869287
0.00126945757772
0.00129902740102
0.00132855793793
0.00135804896414
0.00138750025592
0.00141691159009
0.00144628274404
0.00147561349575
0.00150490362374
0.00153415290710
0.00156336112552
0.00159252805924
0.00162165348907
0.00165073719641
0.00167977896324
0.00170877857210
0.00173773580613
0.00176665044905
0.00179552228514
0.00182435109930
0.00185313667698
0.00188187880425
0.00191057726775
0.00193923185471
0.00196784235296
0.00199640855091
0.00202493023758
0.00205340720257
0.00208183923610
0.00211022612896
0.00213856767255
0.00216686365888
0.00219511388056
0.00222331813079
0.00225147620339
0.00227958789278
0.00230765299398
0.00233567130264
0.00236364261499
0.00239156672790
0.00241944343883
0.00244727254587
0.00247505384772
0.00250278714370
0.00253047223372
0.00255810891836
0.00258569699876
0.00261323627674
0.00264072655471
0.00266816763569
0.00269555932336
0.00272290142201
0.00275019373654
0.00277743607251
0.00280462823608
0.00283177003407
0.00285886127391
0.00288590176366
0.00291289131204
0.00293982972837
0.00296671682264
0.00299355240546
0.00302033628808
0.00304706828238
0.00307374820090
0.00310037585682
0.00312695106394
0.00315347363674
0.00317994339031
0.00320636014040
0.00323272370343
0.00325903389642
0.00328529053708
0.00331149344376
0.00333764243545
0.00336373733181
0.00338977795314
0.00341576412039
0.00344169565519
0.00346757237979
0.00349339411714
0.00351916069081
0.00354487192506
0.00357052764478
0.00359612767555
0.00362167184359
0.00364715997581
0.00367259189975
0.00369796744363
0.00372328643636
0.00374854870747
0.00377375408720
0.00379890240644
0.00382399349674
0.00384902719035
0.00387400332016
0.00389892171975
0.00392378222337
0.00394858466595
0.00397332888307
0.00399801471102
0.00402264198675
0.00404721054788
0.00407172023272
0.00409617088026
0.00412056233016
0.00414489442277
0.00416916699911
0.00419337990089
0.00421753297052
0.00424162605106
0.00426565898627
0.00428963162061
0.00431354379921
0.00433739536788
0.00436118617314
0.00438491606218
0.00440858488289
0.00443219248384
0.00445573871430
0.00447922342423
0.00450264646427
0.00452600768577
0.00454930694077
0.00457254408198
0.00459571896284
0.00461883143747
0.00464188136068
0.00466486858799
0.00468779297560
0.00471065438043
0.00473345266008
0.00475618767285
0.00477885927775
0.00480146733449
0.00482401170348
0.00484649224583
0.00486890882334
0.00489126129854
0.00491354953463
0.00493577339555
0.00495793274591
0.00498002745106
0.00500205737702
0.00502402239055
0.00504592235909
0.00506775715080
0.00508952663456
0.00511123067992
0.00513286915717
0.00515444193732
0.00517594889206
0.00519738989380
0.00521876481566
0.00524007353149
0.00526131591583
0.00528249184393
0.00530360119178
0.00532464383605
0.00534561965414
0.00536652852417
0.00538737032497
0.00540814493606
0.00542885223772
0.00544949211092
0.00547006443734
0.00549056909939
0.00551100598019
0.00553137496358
0.00555167593411
0.00557190877708
0.00559207337845
0.00561216962496
0.00563219740402
0.00565215660379
0.00567204711315
0.00569186882167
0.00571162161967
0.00573130539818
0.00575092004895
0.00577046546446
0.00578994153790
0.00580934816318
0.00582868523494
0.00584795264855
0.00586715030009
0.00588627808636
0.00590533590489
0.00592432365394
0.00594324123247
0.00596208854020
0.00598086547754
0.00599957194564
0.00601820784637
0.00603677308233
0.00605526755685
0.00607369117396
0.00609204383844
0.00611032545578
0.00612853593222
0.00614667517469
0.00616474309087
0.00618273958916
0.00620066457869
0.00621851796930
0.00623629967158
0.00625400959683
0.00627164765708
0.00628921376509
0.00630670783434
0.00632412977905
0.00634147951415
0.00635875695531
0.00637596201893
0.00639309462211
0.00641015468271
0.00642714211930
0.00644405685119
0.00646089879839
0.00647766788167
0.00649436402251
0.00651098714313
0.00652753716644
0.00654401401614
0.00656041761659
0.00657674789293
0.00659300477101
0.00660918817739
0.00662529803938
0.00664133428501
0.00665729684303
0.00667318564293
0.00668900061492
0.00670474168994
0.00672040879964
0.00673600187643
0.00675152085342
0.00676696566445
0.00678233624410
0.00679763252766
0.00681285445116
0.00682800195135
0.00684307496570
0.00685807343243
0.00687299729045
0.00688784647942
0.00690262093973
0.00691732061247
0.00693194543948
0.00694649536331
0.00696097032725
0.00697537027530
0.00698969515219
0.00700394490338
0.00701811947504
0.00703221881407
0.00704624286811
0.00706019158550
0.00707406491531
0.00708786280735
0.00710158521212
0.00711523208088
0.00712880336558
0.00714229901892
0.00715571899430
0.00716906324584
0.00718233172840
0.00719552439756
0.00720864120960
0.00722168212153
0.00723464709109
0.00724753607673
0.00726034903763
0.00727308593366
0.00728574672545
0.00729833137433
0.00731083984232
0.00732327209222
0.00733562808748
0.00734790779232
0.00736011117164
0.00737223819108
0.00738428881699
0.00739626301642
0.00740816075717
0.00741998200771
0.00743172673726
0.00744339491574
0.00745498651379
0.00746650150274
0.00747793985467
0.00748930154235
0.00750058653925
0.00751179481958
0.00752292635825
0.00753398113087
0.00754495911376
0.00755586028397
0.00756668461925
0.00757743209803
0.00758810269950
0.00759869640352
0.00760921319067
0.00761965304222
0.00763001594018
0.00764030186724
0.00765051080679
0.00766064274294
0.00767069766051
0.00768067554500
0.00769057638263
0.00770040016032
0.00771014686569
0.00771981648705
0.00772940901343
0.00773892443455
0.00774836274084
0.00775772392340
0.00776700797406
0.00777621488534
0.00778534465044
0.00779439726328
0.00780337271846
0.00781227101128
0.00782109213774
0.00782983609452
0.00783850287901
0.00784709248928
0.00785560492410
0.00786404018292
0.00787239826590
0.00788067917387
0.00788888290836
0.00789700947159
0.00790505886646
0.00791303109657
0.00792092616619
0.00792874408028
0.00793648484451
0.00794414846519
0.00795173494935
0.00795924430470
0.00796667653960
0.00797403166313
0.00798130968503
0.00798851061573
0.00799563446633
0.00800268124862
0.00800965097505
0.00801654365877
0.00802335931359
0.00803009795399
0.00803675959514
0.00804334425289
0.00804985194373
0.00805628268487
0.00806263649414
0.00806891339007
0.00807511339187
0.00808123651939
0.00808728279316
0.00809325223440
0.00809914486495
0.00810496070737
0.00811069978483
0.00811636212121
0.00812194774102
0.00812745666946
0.00813288893236
0.00813824455624
0.00814352356827
0.00814872599627
0.00815385186872
0.00815890121477
0.00816387406421
0.00816877044749
0.00817359039573
0.00817833394067
0.00818300111473
0.00818759195098
0.00819210648313
0.00819654474553
0.00820090677321
0.00820519260182
0.00820940226766
0.00821353580770
0.00821759325952
0.00822157466136
0.00822548005212
0.00822930947131
0.00823306295909
0.00823674055628
0.00824034230433
0.00824386824530
0.00824731842192
0.00825069287756
0.00825399165618
0.00825721480243
0.00826036236156
0.00826343437945
0.00826643090263
0.00826935197824
0.00827219765406
0.00827496797850
0.00827766300059
0.00828028276998
0.00828282733697
0.00828529675244
0.00828769106794
0.00829001033561
0.00829225460822
0.00829442393916
0.00829651838243
0.00829853799266
0.00830048282508
0.00830235293555
0.00830414838055
0.00830586921713
0.00830751550301
0.00830908729648
0.00831058465644
0.00831200764243
0.00831335631456
0.00831463073356
0.00831583096078
0.00831695705815
0.00831800908821
0.00831898711410
0.00831989119958
0.00832072140897
0.00832147780722
0.00832216045987
0.00832276943304
0.00832330479346
0.00832376660845
0.00832415494592
0.00832446987437
0.00832471146288
0.00832487978115
0.00832497489942
0.00832499688856
0.00832494581999
0.00832482176573
0.00832462479840
0.00832435499115
0.00832401241777
0.00832359715258
0.00832310927051
0.00832254884704
0.00832191595824
0.00832121068075
0.00832043309179
0.00831958326914
0.00831866129114
0.00831766723673
0.00831660118539
0.00831546321717
0.00831425341270
0.00831297185315
0.00831161862027
0.00831019379636
0.00830869746428
0.00830712970747
0.00830549060989
0.00830378025608
0.00830199873113
0.00830014612068
0.00829822251091
0.00829622798859
0.00829416264099
0.00829202655595
0.00828981982186
0.00828754252765
0.00828519476279
0.00828277661730
0.00828028818174
0.00827772954719
0.00827510080530
0.00827240204823
0.00826963336869
0.00826679485992
0.00826388661570
0.00826090873032
0.00825786129862
0.00825474441596
0.00825155817824
0.00824830268186
0.00824497802377
0.00824158430143
0.00823812161283
0.00823459005646
0.00823098973134
0.00822732073703
0.00822358317358
0.00821977714155
0.00821590274203
0.00821196007662
0.00820794924742
0.00820387035705
0.00819972350863
0.00819550880578
0.00819122635263
0.00818687625384
0.00818245861452
0.00817797354032
0.00817342113737
0.00816880151231
0.00816411477227
0.00815936102486
0.00815454037821
0.00814965294092
0.00814469882210
0.00813967813132
0.00813459097866
0.00812943747468
0.00812421773042
0.00811893185741
0.00811357996766
0.00810816217364
0.00810267858833
0.00809712932516
0.00809151449805
0.00808583422140
0.00808008861005
0.00807427777935
0.00806840184510
0.00806246092356
0.00805645513146
0.00805038458602
0.00804424940489
0.00803804970619
0.00803178560852
0.00802545723090
0.00801906469285
0.00801260811431
0.00800608761569
0.00799950331787
0.00799285534213
0.00798614381026
0.00797936884445
0.00797253056736
0.00796562910210
0.00795866457219
0.00795163710163
0.00794454681484
0.00793739383668
0.00793017829245
0.00792290030789
0.00791556000915
0.00790815752285
0.00790069297601
0.00789316649608
0.00788557821096
0.00787792824896
0.00787021673881
0.00786244380967
0.00785460959113
0.00784671421317
0.00783875780622
0.00783074050112
0.00782266242910
0.00781452372182
0.00780632451137
0.00779806493022
0.00778974511126
0.00778136518779
0.00777292529352
0.00776442556253
0.00775586612935
0.00774724712887
0.00773856869641
0.00772983096766
0.00772103407872
0.00771217816609
0.00770326336665
0.00769428981766
0.00768525765680
0.00767616702210
0.00766701805201
0.00765781088535
0.00764854566131
0.00763922251948
0.00762984159981
0.00762040304264
0.00761090698869
0.00760135357905
0.00759174295517
0.00758207525888
0.00757235063238
0.00756256921824
0.00755273115939
0.00754283659913
0.00753288568111
0.00752287854936
0.00751281534825
0.00750269622251
0.00749252131725
0.00748229077791
0.00747200475027
0.00746166338050
0.00745126681509
0.00744081520088
0.00743030868507
0.00741974741519
0.00740913153912
0.00739846120507
0.00738773656160
0.00737695775762
0.00736612494233
0.00735523826532
0.00734429787648
0.00733330392602
0.00732225656451
0.00731115594284
0.00730000221220
0.00728879552413
0.00727753603049
0.00726622388344
0.00725485923549
0.00724344223943
0.00723197304840
0.00722045181584
0.00720887869549
0.00719725384142
0.00718557740799
0.00717384954989
0.00716207042209
0.00715024017988
0.00713835897884
0.00712642697487
0.00711444432414
0.00710241118313
0.00709032770863
0.00707819405770
0.00706601038769
0.00705377685627
0.00704149362137
0.00702916084121
0.00701677867431
0.00700434727944
0.00699186681569
0.00697933744241
0.00696675931923
0.00695413260604
0.00694145746304
0.00692873405067
0.00691596252966
0.00690314306100
0.00689027580594
0.00687736092602
0.00686439858301
0.00685138893898
0.00683833215622
0.00682522839732
0.00681207782510
0.00679888060263
0.00678563689326
0.00677234686056
0.00675901066839
0.00674562848081
0.00673220046217
0.00671872677704
0.00670520759024
0.00669164306682
0.00667803337210
0.00666437867160
0.00665067913111
0.00663693491662
0.00662314619438
0.00660931313087
0.00659543589278
0.00658151464704
0.00656754956081
0.00655354080146
0.00653948853659
0.00652539293403
0.00651125416182
0.00649707238820
0.00648284778166
0.00646858051087
0.00645427074473
0.00643991865236
0.00642552440306
0.00641108816636
0.00639661011198
0.00638209040985
0.00636752923010
0.00635292674307
0.00633828311928
0.00632359852945
0.00630887314451
0.00629410713556
0.00627930067390
0.00626445393104
0.00624956707863
0.00623464028856
0.00621967373286
0.00620466758377
0.00618962201370
0.00617453719523
0.00615941330113
0.00614425050435
0.00612904897799
0.00611380889535
0.00609853042987
0.00608321375518
0.00606785904508
0.00605246647352
0.00603703621461
0.00602156844265
0.00600606333205
0.00599052105743
0.00597494179354
0.00595932571528
0.00594367299771
0.00592798381604
0.00591225834564
0.00589649676201
0.00588069924079
0.00586486595780
0.00584899708896
0.00583309281036
0.00581715329822
0.00580117872888
0.00578516927884
0.00576912512472
0.00575304644328
0.00573693341140
0.00572078620609
0.00570460500450
0.00568838998388
0.00567214132163
0.00565585919526
0.00563954378239
0.00562319526077
0.00560681380826
0.00559039960284
0.00557395282260
0.00555747364574
0.00554096225058
0.00552441881552
0.00550784351909
0.00549123653992
0.00547459805674
0.00545792824838
0.00544122729377
0.00542449537193
0.00540773266199
0.00539093934317
0.00537411559477
0.00535726159619
0.00534037752691
0.00532346356652
0.00530651989467
0.00528954669111
0.00527254413565
0.00525551240820
0.00523845168875
0.00522136215736
0.00520424399416
0.00518709737935
0.00516992249323
0.00515271951613
0.00513548862847
0.00511823001075
0.00510094384350
0.00508363030735
0.00506628958296
0.00504892185106
0.00503152729245
0.00501410608797
0.00499665841854
0.00497918446509
0.00496168440864
0.00494415843024
0.00492660671099
0.00490902943205
0.00489142677461
0.00487379891991
0.00485614604921
0.00483846834385
0.00482076598518
0.00480303915458
0.00478528803348
0.00476751280334
0.00474971364566
0.00473189074194
0.00471404427373
0.00469617442261
0.00467828137018
0.00466036529804
0.00464242638786
0.00462446482127
0.00460648077996
0.00458847444563
0.00457044599999
0.00455239562474
0.00453432350163
0.00451622981240
0.00449811473879
0.00447997846256
0.00446182116548
0.00444364302929
0.00442544423577
0.00440722496669
0.00438898540379
0.00437072572884
0.00435244612359
0.00433414676979
0.00431582784917
0.00429748954346
0.00427913203437
0.00426075550361
0.00424236013285
0.00422394610378
0.00420551359803
0.00418706279724
0.00416859388301
0.00415010703694
0.00413160244059
0.00411308027548
0.00409454072312
0.00407598396499
0.00405741018254
0.00403881955718
0.00402021227028
0.00400158850318
0.00398294843719
0.00396429225358
0.00394562013356
0.00392693225832
0.00390822880899
0.00388950996667
0.00387077591240
0.00385202682717
0.00383326289192
0.00381448428756
0.00379569119491
0.00377688379477
0.00375806226785
0.00373922679483
0.00372037755631
0.00370151473284
0.00368263850491
0.00366374905293
0.00364484655726
0.00362593119818
0.00360700315590
0.00358806261058
0.00356910974228
0.00355014473101
0.00353116775668
0.00351217899914
0.00349317863816
0.00347416685343
0.00345514382455
0.00343610973104
0.00341706475235
0.00339800906782
0.00337894285671
0.00335986629820
0.00334077957137
0.00332168285522
0.00330257632863
0.00328346017042
0.00326433455928
0.00324519967383
0.00322605569256
0.00320690279388
0.00318774115610
0.00316857095740
0.00314939237588
0.00313020558953
0.00311101077622
0.00309180811370
0.00307259777965
0.00305337995158
0.00303415480693
0.00301492252300
0.00299568327698
0.00297643724595
0.00295718460684
0.00293792553650
0.00291866021161
0.00289938880876
0.00288011150440
0.00286082847484
0.00284153989629
0.00282224594481
0.00280294679632
0.00278364262662
0.00276433361137
0.00274501992609
0.00272570174617
0.00270637924685
0.00268705260323
0.00266772199028
0.00264838758281
0.00262904955550
0.00260970808286
0.00259036333928
0.00257101549898
0.00255166473603
0.00253231122436
0.00251295513774
0.00249359664977
0.00247423593392
0.00245487316348
0.00243550851159
0.00241614215123
0.00239677425522
0.00237740499619
0.00235803454665
0.00233866307890
0.00231929076510
0.00229991777724
0.00228054428712
0.00226117046637
0.00224179648648
0.00222242251872
0.00220304873422
0.00218367530391
0.00216430239854
0.00214493018870
0.00212555884478
0.00210618853699
0.00208681943537
0.00206745170976
0.00204808552981
0.00202872106499
0.00200935848458
0.00198999795767
0.00197063965315
0.00195128373972
0.00193193038590
0.00191257975998
0.00189323203009
0.00187388736413
0.00185454592983
0.00183520789469
0.00181587342601
0.00179654269092
0.00177721585630
0.00175789308886
0.00173857455506
0.00171926042120
0.00169995085334
0.00168064601732
0.00166134607879
0.00164205120318
0.00162276155570
0.00160347730134
0.00158419860487
0.00156492563086
0.00154565854363
0.00152639750730
0.00150714268577
0.00148789424269
0.00146865234151
0.00144941714544
0.00143018881746
0.00141096752034
0.00139175341660
0.00137254666852
0.00135334743818
0.00133415588739
0.00131497217776
0.00129579647062
0.00127662892711
0.00125746970809
0.00123831897421
0.00121917688585
0.00120004360318
0.00118091928610
0.00116180409427
0.00114269818712
0.00112360172381
0.00110451486327
0.00108543776417
0.00106637058492
0.00104731348370
0.00102826661843
0.00100923014676
0.00099020422611
0.00097118901361
0.00095218466617
0.00093319134041
0.00091420919272
0.00089523837919
0.00087627905568
0.00085733137777
0.00083839550078
0.00081947157978
0.00080055976954
0.00078166022459
0.00076277309917
0.00074389854728
0.00072503672261
0.00070618777861
0.00068735186843
0.00066852914497
0.00064971976085
0.00063092386838
0.00061214161965
0.00059337316642
0.00057461866019
0.00055587825219
0.00053715209334
0.00051844033431
0.00049974312546
0.00048106061688
0.00046239295835
0.00044374029940
0.00042510278925
0.00040648057681
0.00038787381075
0.00036928263940
0.00035070721083
0.00033214767279
0.00031360417276
0.00029507685791
0.00027656587512
0.00025807137096
0.00023959349171
0.00022113238336
0.00020268819159
0.00018426106177
0.00016585113898
0.00014745856799
0.00012908349327
0.00011072605897
0.00009238640897
0.00007406468679
0.00005576103568
0.00003747559858
0.00001920851809
0.00000095993653
-0.00001727000411
-0.00003548116214
-0.00005367339621
-0.00007184656525
-0.00009000052853
-0.00010813514564
-0.00012625027646
-0.00014434578122
-0.00016242152046
-0.00018047735504
-0.00019851314613
-0.00021652875523
-0.00023452404418
-0.00025249887513
-0.00027045311054
-0.00028838661323
-0.00030629924632
-0.00032419087326
-0.00034206135785
-0.00035991056420
-0.00037773835676
-0.00039554460029
-0.00041332915993
-0.00043109190109
-0.00044883268958
-0.00046655139148
-0.00048424787327
-0.00050192200171
-0.00051957364393
-0.00053720266739
-0.00055480893989
-0.00057239232956
-0.00058995270490
-0.00060748993471
-0.00062500388817
-0.00064249443478
-0.00065996144439
-0.00067740478720
-0.00069482433375
-0.00071221995493
-0.00072959152196
-0.00074693890645
-0.00076426198031
-0.00078156061583
-0.00079883468564
-0.00081608406272
-0.00083330862042
-0.00085050823241
-0.00086768277274
-0.00088483211580
-0.00090195613634
-0.00091905470947
-0.00093612771065
-0.00095317501570
-0.00097019650080
-0.00098719204248
-0.00100416151764
-0.00102110480354
-0.00103802177778
-0.00105491231835
-0.00107177630359
-0.00108861361219
-0.00110542412324
-0.00112220771615
-0.00113896427072
-0.00115569366712
-0.00117239578587
-0.00118907050787
-0.00120571771437
-0.00122233728702
-0.00123892910781
-0.00125549305912
-0.00127202902367
-0.00128853688459
-0.00130501652536
-0.00132146782983
-0.00133789068224
-0.00135428496718
-0.00137065056963
-0.00138698737495
-0.00140329526887
-0.00141957413747
-0.00143582386726
-0.00145204434508
-0.00146823545817
-0.00148439709415
-0.00150052914101
-0.00151663148713
-0.00153270402126
-0.00154874663253
-0.00156475921047
-0.00158074164497
-0.00159669382631
-0.00161261564517
-0.00162850699259
-0.00164436776000
-0.00166019783923
-0.00167599712249
-0.00169176550235
-0.00170750287181
-0.00172320912423
-0.00173888415335
-0.00175452785333
-0.00177014011870
-0.00178572084437
-0.00180126992565
-0.00181678725825
-0.00183227273826
-0.00184772626216
-0.00186314772683
-0.00187853702954
-0.00189389406794
-0.00190921874010
-0.00192451094446
-0.00193977057986
-0.00195499754555
-0.00197019174116
-0.00198535306671
-0.00200048142264
-0.00201557670977
-0.00203063882932
-0.00204566768292
-0.00206066317256
-0.00207562520068
-0.00209055367009
-0.00210544848400
-0.00212030954603
-0.00213513676019
-0.00214993003091
-0.00216468926299
-0.00217941436166
-0.00219410523254
-0.00220876178166
-0.00222338391544
-0.00223797154071
-0.00225252456472
-0.00226704289509
-0.00228152643988
-0.00229597510753
-0.00231038880689
-0.00232476744724
-0.00233911093822
-0.00235341918993
-0.00236769211283
-0.00238192961782
-0.00239613161619
-0.00241029801965
-0.00242442874030
-0.00243852369067
-0.00245258278368
-0.00246660593267
-0.00248059305140
-0.00249454405402
-0.00250845885511
-0.00252233736963
-0.00253617951298
-0.00254998520097
-0.00256375434981
-0.00257748687612
-0.00259118269694
-0.00260484172973
-0.00261846389235
-0.00263204910306
-0.00264559728058
-0.00265910834399
-0.00267258221281
-0.00268601880699
-0.00269941804686
-0.00271277985319
-0.00272610414716
-0.00273939085035
-0.00275263988478
-0.00276585117287
-0.00277902463746
-0.00279216020181
-0.00280525778958
-0.00281831732487
-0.00283133873219
-0.00284432193646
-0.00285726686302
-0.00287017343762
-0.00288304158646
-0.00289587123612
-0.00290866231362
-0.00292141474638
-0.00293412846226
-0.00294680338954
-0.00295943945689
-0.00297203659343
-0.00298459472869
-0.00299711379261
-0.00300959371556
-0.00302203442833
-0.00303443586212
-0.00304679794857
-0.00305912061972
-0.00307140380804
-0.00308364744642
-0.00309585146818
-0.00310801580703
-0.00312014039715
-0.00313222517309
-0.00314427006987
-0.00315627502288
-0.00316823996799
-0.00318016484144
-0.00319204957991
-0.00320389412052
-0.00321569840080
-0.00322746235868
-0.00323918593255
-0.00325086906120
-0.00326251168384
-0.00327411374011
-0.00328567517008
-0.00329719591424
-0.00330867591348
-0.00332011510915
-0.00333151344299
-0.00334287085718
-0.00335418729433
-0.00336546269745
-0.00337669701000
-0.00338789017584
-0.00339904213926
-0.00341015284499
-0.00342122223816
-0.00343225026434
-0.00344323686951
-0.00345418200008
-0.00346508560289
-0.00347594762520
-0.00348676801468
-0.00349754671944
-0.00350828368801
-0.00351897886933
-0.00352963221280
-0.00354024366819
-0.00355081318574
-0.00356134071609
-0.00357182621030
-0.00358226961988
-0.00359267089673
-0.00360302999320
-0.00361334686205
-0.00362362145646
-0.00363385373005
-0.00364404363684
-0.00365419113129
-0.00366429616828
-0.00367435870311
-0.00368437869151
-0.00369435608962
-0.00370429085401
-0.00371418294167
-0.00372403231003
-0.00373383891692
-0.00374360272060
-0.00375332367976
-0.00376300175349
-0.00377263690133
-0.00378222908323
-0.00379177825956
-0.00380128439112
-0.00381074743912
-0.00382016736519
-0.00382954413140
-0.00383887770023
-0.00384816803458
-0.00385741509778
-0.00386661885356
-0.00387577926610
-0.00388489629997
-0.00389396992020
-0.00390300009220
-0.00391198678182
-0.00392092995533
-0.00392982957942
-0.00393868562119
-0.00394749804818
-0.00395626682833
-0.00396499193001
-0.00397367332200
-0.00398231097352
-0.00399090485417
-0.00399945493401
-0.00400796118349
-0.00401642357350
-0.00402484207533
-0.00403321666070
-0.00404154730174
-0.00404983397100
-0.00405807664145
-0.00406627528647
-0.00407442987986
-0.00408254039584
-0.00409060680905
-0.00409862909454
-0.00410660722776
-0.00411454118462
-0.00412243094139
-0.00413027647479
-0.00413807776196
-0.00414583478043
-0.00415354750816
-0.00416121592352
-0.00416884000529
-0.00417641973268
-0.00418395508529
-0.00419144604315
-0.00419889258669
-0.00420629469677
-0.00421365235465
-0.00422096554200
-0.00422823424091
-0.00423545843388
-0.00424263810381
-0.00424977323401
-0.00425686380824
-0.00426390981061
-0.00427091122568
-0.00427786803841
-0.00428478023417
-0.00429164779874
-0.00429847071829
-0.00430524897944
-0.00431198256916
-0.00431867147489
-0.00432531568442
-0.00433191518600
-0.00433846996824
-0.00434498002018
-0.00435144533127
-0.00435786589135
-0.00436424169068
-0.00437057271991
-0.00437685897011
-0.00438310043274
-0.00438929709967
-0.00439544896318
-0.00440155601595
-0.00440761825104
-0.00441363566195
-0.00441960824255
-0.00442553598713
-0.00443141889038
-0.00443725694738
-0.00444305015361
-0.00444879850497
-0.00445450199773
-0.00446016062859
-0.00446577439462
-0.00447134329332
-0.00447686732254
-0.00448234648058
-0.00448778076611
-0.00449317017819
-0.00449851471629
-0.00450381438027
-0.00450906917039
-0.00451427908730
-0.00451944413205
-0.00452456430607
-0.00452963961121
-0.00453467004967
-0.00453965562409
-0.00454459633748
-0.00454949219323
-0.00455434319513
-0.00455914934738
-0.00456391065455
-0.00456862712160
-0.00457329875388
-0.00457792555713
-0.00458250753750
-0.00458704470148
-0.00459153705599
-0.00459598460832
-0.00460038736616
-0.00460474533755
-0.00460905853095
-0.00461332695521
-0.00461755061952
-0.00462172953351
-0.00462586370714
-0.00462995315080
-0.00463399787523
-0.00463799789156
-0.00464195321132
-0.00464586384638
-0.00464972980903
-0.00465355111192
-0.00465732776809
-0.00466105979094
-0.00466474719427
-0.00466838999224
-0.00467198819940
-0.00467554183067
-0.00467905090134
-0.00468251542709
-0.00468593542396
-0.00468931090838
-0.00469264189713
-0.00469592840739
-0.00469917045669
-0.00470236806295
-0.00470552124445
-0.00470863001984
-0.00471169440815
-0.00471471442876
-0.00471769010145
-0.00472062144635
-0.00472350848394
-0.00472635123511
-0.00472914972107
-0.00473190396344
-0.00473461398416
-0.00473727980558
-0.00473990145039
-0.00474247894163
-0.00474501230274
-0.00474750155750
-0.00474994673004
-0.00475234784487
-0.00475470492687
-0.00475701800125
-0.00475928709359
-0.00476151222985
-0.00476369343633
-0.00476583073968
-0.00476792416692
-0.00476997374542
-0.00477197950291
-0.00477394146747
-0.00477585966754
-0.00477773413191
-0.00477956488971
-0.00478135197046
-0.00478309540399
-0.00478479522049
-0.00478645145053
-0.00478806412499
-0.00478963327513
-0.00479115893253
-0.00479264112915
-0.00479407989726
-0.00479547526951
-0.00479682727888
-0.00479813595869
-0.00479940134261
-0.00480062346466
-0.00480180235920
-0.00480293806092
-0.00480403060486
-0.00480508002641
-0.00480608636129
-0.00480704964555
-0.00480796991560
-0.00480884720818
-0.00480968156035
-0.00481047300954
-0.00481122159348
-0.00481192735026
-0.00481259031830
-0.00481321053635
-0.00481378804349
-0.00481432287913
-0.00481481508303
-0.00481526469526
-0.00481567175624
-0.00481603630669
-0.00481635838768
-0.00481663804062
-0.00481687530722
-0.00481707022952
-0.00481722284991
-0.00481733321109
-0.00481740135606
-0.00481742732819
-0.00481741117113
-0.00481735292889
-0.00481725264577
-0.00481711036641
-0.00481692613576
-0.00481669999909
-0.00481643200199
-0.00481612219036
-0.00481577061044
-0.00481537730876
-0.00481494233218
-0.00481446572786
-0.00481394754330
-0.00481338782627
-0.00481278662491
-0.00481214398761
-0.00481145996311
-0.00481073460046
-0.00480996794900
-0.00480916005838
-0.00480831097857
-0.00480742075985
-0.00480648945278
-0.00480551710825
-0.00480450377744
-0.00480344951185
-0.00480235436326
-0.00480121838377
-0.00480004162577
-0.00479882414197
-0.00479756598534
-0.00479626720918
-0.00479492786709
-0.00479354801296
-0.00479212770096
-0.00479066698557
-0.00478916592157
-0.00478762456403
-0.00478604296830
-0.00478442119004
-0.00478275928520
-0.00478105731000
-0.00477931532096
-0.00477753337491
-0.00477571152895
-0.00477384984045
-0.00477194836710
-0.00477000716684
-0.00476802629794
-0.00476600581891
-0.00476394578857
-0.00476184626600
-0.00475970731059
-0.00475752898198
-0.00475531134012
-0.00475305444521
-0.00475075835774
-0.00474842313849
-0.00474604884849
-0.00474363554908
-0.00474118330183
-0.00473869216862
-0.00473616221159
-0.00473359349315
-0.00473098607599
-0.00472834002305
-0.00472565539757
-0.00472293226303
-0.00472017068319
-0.00471737072208
-0.00471453244398
-0.00471165591347
-0.00470874119535
-0.00470578835472
-0.00470279745691
-0.00469976856754
-0.00469670175247
-0.00469359707784
-0.00469045461004
-0.00468727441570
-0.00468405656173
-0.00468080111529
-0.00467750814379
-0.00467417771491
-0.00467080989656
-0.00466740475692
-0.00466396236442
-0.00466048278773
-0.00465696609579
-0.00465341235778
-0.00464982164310
-0.00464619402145
-0.00464252956274
-0.00463882833713
-0.00463509041503
-0.00463131586711
-0.00462750476424
-0.00462365717758
-0.00461977317851
-0.00461585283863
-0.00461189622981
-0.00460790342416
-0.00460387449399
-0.00459980951189
-0.00459570855066
-0.00459157168335
-0.00458739898322
-0.00458319052379
-0.00457894637880
-0.00457466662222
-0.00457035132826
-0.00456600057133
-0.00456161442611
-0.00455719296748
-0.00455273627055
-0.00454824441067
-0.00454371746339
-0.00453915550451
-0.00453455861003
-0.00452992685619
-0.00452526031943
-0.00452055907645
-0.00451582320412
-0.00451105277955
-0.00450624788008
-0.00450140858326
-0.00449653496683
-0.00449162710877
-0.00448668508728
-0.00448170898075
-0.00447669886780
-0.00447165482725
-0.00446657693812
-0.00446146527967
-0.00445631993135
-0.00445114097280
-0.00444592848390
-0.00444068254471
-0.00443540323550
-0.00443009063675
-0.00442474482915
-0.00441936589355
-0.00441395391106
-0.00440850896294
-0.00440303113068
-0.00439752049595
-0.00439197714062
-0.00438640114677
-0.00438079259665
-0.00437515157272
-0.00436947815763
-0.00436377243423
-0.00435803448554
-0.00435226439479
-0.00434646224539
-0.00434062812094
-0.00433476210524
-0.00432886428224
-0.00432293473612
-0.00431697355122
-0.00431098081205
-0.00430495660334
-0.00429890100997
-0.00429281411702
-0.00428669600973
-0.00428054677354
-0.00427436649405
-0.00426815525705
-0.00426191314850
-0.00425564025453
-0.00424933666145
-0.00424300245575
-0.00423663772407
-0.00423024255325
-0.00422381703027
-0.00421736124231
-0.00421087527669
-0.00420435922092
-0.00419781316265
-0.00419123718972
-0.00418463139013
-0.00417799585204
-0.00417133066376
-0.00416463591378
-0.00415791169073
-0.00415115808344
-0.00414437518084
-0.00413756307208
-0.00413072184640
-0.00412385159326
-0.00411695240224
-0.00411002436307
-0.00410306756565
-0.00409608210002
-0.00408906805637
-0.00408202552506
-0.00407495459657
-0.00406785536155
-0.00406072791078
-0.00405357233521
-0.00404638872591
-0.00403917717410
-0.00403193777115
-0.00402467060858
-0.00401737577802
-0.00401005337128
-0.00400270348029
-0.00399532619710
-0.00398792161393
-0.00398048982313
-0.00397303091716
-0.00396554498864
-0.00395803213032
-0.00395049243507
-0.00394292599591
-0.00393533290597
-0.00392771325853
-0.00392006714699
-0.00391239466486
-0.00390469590581
-0.00389697096361
-0.00388921993217
-0.00388144290551
-0.00387363997779
-0.00386581124328
-0.00385795679638
-0.00385007673159
-0.00384217114355
-0.00383424012701
-0.00382628377684
-0.00381830218802
-0.00381029545565
-0.00380226367495
-0.00379420694125
-0.00378612534997
-0.00377801899668
-0.00376988797703
-0.00376173238680
-0.00375355232186
-0.00374534787819
-0.00373711915190
-0.00372886623918
-0.00372058923634
-0.00371228823977
-0.00370396334600
-0.00369561465162
-0.00368724225336
-0.00367884624802
-0.00367042673252
-0.00366198380386
-0.00365351755915
-0.00364502809560
-0.00363651551049
-0.00362797990121
-0.00361942136526
-0.00361084000020
-0.00360223590371
-0.00359360917354
-0.00358495990754
-0.00357628820364
-0.00356759415986
-0.00355887787432
-0.00355013944521
-0.00354137897080
-0.00353259654945
-0.00352379227962
-0.00351496625983
-0.00350611858868
-0.00349724936487
-0.00348835868715
-0.00347944665438
-0.00347051336547
-0.00346155891941
-0.00345258341529
-0.00344358695223
-0.00343456962947
-0.00342553154630
-0.00341647280207
-0.00340739349621
-0.00339829372823
-0.00338917359770
-0.00338003320426
-0.00337087264760
-0.00336169202750
-0.00335249144378
-0.00334327099636
-0.00333403078518
-0.00332477091028
-0.00331549147172
-0.00330619256966
-0.00329687430429
-0.00328753677588
-0.00327818008474
-0.00326880433124
-0.00325940961581
-0.00324999603894
-0.00324056370115
-0.00323111270304
-0.00322164314524
-0.00321215512845
-0.00320264875340
-0.00319312412088
-0.00318358133173
-0.00317402048682
-0.00316444168709
-0.00315484503351
-0.00314523062710
-0.00313559856891
-0.00312594896006
-0.00311628190167
-0.00310659749494
-0.00309689584109
-0.00308717704138
-0.00307744119710
-0.00306768840961
-0.00305791878026
-0.00304813241046
-0.00303832940165
-0.00302850985531
-0.00301867387293
-0.00300882155606
-0.00299895300627
-0.00298906832514
-0.00297916761430
-0.00296925097540
-0.00295931851012
-0.00294937032016
-0.00293940650725
-0.00292942717314
-0.00291943241960
-0.00290942234844
-0.00289939706147
-0.00288935666053
-0.00287930124747
-0.00286923092416
-0.00285914579251
-0.00284904595442
-0.00283893151182
-0.00282880256664
-0.00281865922084
-0.00280850157638
-0.00279832973525
-0.00278814379943
-0.00277794387092
-0.00276773005173
-0.00275750244388
-0.00274726114940
-0.00273700627030
-0.00272673790865
-0.00271645616646
-0.00270616114580
-0.00269585294871
-0.00268553167725
-0.00267519743346
-0.00266485031940
-0.00265449043712
-0.00264411788868
-0.00263373277612
-0.00262333520150
-0.00261292526684
-0.00260250307420
-0.00259206872561
-0.00258162232308
-0.00257116396865
-0.00256069376431
-0.00255021181207
-0.00253971821392
-0.00252921307184
-0.00251869648779
-0.00250816856374
-0.00249762940163
-0.00248707910338
-0.00247651777090
-0.00246594550609
-0.00245536241084
-0.00244476858700
-0.00243416413641
-0.00242354916090
-0.00241292376227
-0.00240228804230
-0.00239164210275
-0.00238098604537
-0.00237031997185
-0.00235964398390
-0.00234895818316
-0.00233826267129
-0.00232755754988
-0.00231684292052
-0.00230611888476
-0.00229538554413
-0.00228464300011
-0.00227389135417
-0.00226313070774
-0.00225236116220
-0.00224158281893
-0.00223079577925
-0.00222000014445
-0.00220919601578
-0.00219838349446
-0.00218756268168
-0.00217673367857
-0.00216589658624
-0.00215505150574
-0.00214419853810
-0.00213333778428
-0.00212246934524
-0.00211159332185
-0.00210070981496
-0.00208981892537
-0.00207892075384
-0.00206801540107
-0.00205710296773
-0.00204618355442
-0.00203525726171
-0.00202432419010
-0.00201338444005
-0.00200243811198
-0.00199148530624
-0.00198052612313
-0.00196956066290
-0.00195858902573
-0.00194761131178
-0.00193662762111
-0.00192563805375
-0.00191464270966
-0.00190364168875
-0.00189263509087
-0.00188162301579
-0.00187060556325
-0.00185958283290
-0.00184855492434
-0.00183752193711
-0.00182648397068
-0.00181544112444
-0.00180439349775
-0.00179334118986
-0.00178228430000
-0.00177122292728
-0.00176015717078
-0.00174908712950
-0.00173801290235
-0.00172693458820
-0.00171585228583
-0.00170476609395
-0.00169367611119
-0.00168258243611
-0.00167148516720
-0.00166038440287
-0.00164928024146
-0.00163817278121
-0.00162706212031
-0.00161594835686
-0.00160483158887
-0.00159371191428
-0.00158258943095
-0.00157146423665
-0.00156033642908
-0.00154920610584
-0.00153807336446
-0.00152693830238
-0.00151580101696
-0.00150466160545
-0.00149352016505
-0.00148237679284
-0.00147123158583
-0.00146008464093
-0.00144893605498
-0.00143778592469
-0.00142663434672
-0.00141548141761
-0.00140432723383
-0.00139317189173
-0.00138201548759
-0.00137085811758
-0.00135969987779
-0.00134854086418
-0.00133738117265
-0.00132622089899
-0.00131506013889
-0.00130389898793
-0.00129273754160
-0.00128157589530
-0.00127041414430
-0.00125925238381
-0.00124809070889
-0.00123692921453
-0.00122576799561
-0.00121460714690
-0.00120344676305
-0.00119228693864
-0.00118112776811
-0.00116996934580
-0.00115881176596
-0.00114765512271
-0.00113649951007
-0.00112534502195
-0.00111419175215
-0.00110303979434
-0.00109188924211
-0.00108074018891
-0.00106959272810
-0.00105844695290
-0.00104730295643
-0.00103616083170
-0.00102502067159
-0.00101388256887
-0.00100274661619
-0.00099161290609
-0.00098048153098
-0.00096935258316
-0.00095822615480
-0.00094710233796
-0.00093598122457
-0.00092486290645
-0.00091374747528
-0.00090263502263
-0.00089152563994
-0.00088041941853
-0.00086931644960
-0.00085821682420
-0.00084712063328
-0.00083602796765
-0.00082493891799
-0.00081385357488
-0.00080277202872
-0.00079169436983
-0.00078062068838
-0.00076955107439
-0.00075848561778
-0.00074742440833
-0.00073636753567
-0.00072531508931
-0.00071426715864
-0.00070322383289
-0.00069218520117
-0.00068115135245
-0.00067012237557
-0.00065909835922
-0.00064807939197
-0.00063706556224
-0.00062605695831
-0.00061505366833
-0.00060405578031
-0.00059306338211
-0.00058207656146
-0.00057109540594
-0.00056012000300
-0.00054915043993
-0.00053818680388
-0.00052722918188
-0.00051627766079
-0.00050533232734
-0.00049439326810
-0.00048346056951
-0.00047253431785
-0.00046161459926
-0.00045070149974
-0.00043979510512
-0.00042889550111
-0.00041800277324
-0.00040711700692
-0.00039623828740
-0.00038536669975
-0.00037450232894
-0.00036364525975
-0.00035279557682
-0.00034195336463
-0.00033111870753
-0.00032029168969
-0.00030947239513
-0.00029866090772
-0.00028785731118
-0.00027706168906
-0.00026627412476
-0.00025549470154
-0.00024472350247
-0.00023396061048
-0.00022320610835
-0.00021246007867
-0.00020172260391
-0.00019099376635
-0.00018027364813
-0.00016956233120
-0.00015885989738
-0.00014816642831
-0.00013748200547
-0.00012680671018
-0.00011614062360
-0.00010548382671
-0.00009483640034
-0.00008419842516
-0.00007356998165
-0.00006295115015
-0.00005234201082
-0.00004174264365
-0.00003115312847
-0.00002057354494
-0.00001000397256
0.00000055550936
0.00001110482166
0.00002164388537
0.00003217262165
0.00004269095189
0.00005319879760
0.00006369608048
0.00007418272241
0.00008465864544
0.00009512377178
0.00010557802382
0.00011602132414
0.00012645359547
0.00013687476073
0.00014728474301
0.00015768346557
0.00016807085186
0.00017844682550
0.00018881131028
0.00019916423019
0.00020950550936
0.00021983507213
0.00023015284300
0.00024045874668
0.00025075270801
0.00026103465206
0.00027130450404
0.00028156218937
0.00029180763364
0.00030204076261
0.00031226150224
0.00032246977866
0.00033266551820
0.00034284864735
0.00035301909280
0.00036317678143
0.00037332164027
0.00038345359657
0.00039357257776
0.00040367851145
0.00041377132542
0.00042385094766
0.00043391730633
0.00044397032980
0.00045400994661
0.00046403608548
0.00047404867533
0.00048404764527
0.00049403292460
0.00050400444280
0.00051396212955
0.00052390591470
0.00053383572833
0.00054375150067
0.00055365316215
0.00056354064342
0.00057341387528
0.00058327278875
0.00059311731504
0.00060294738555
0.00061276293185
0.00062256388575
0.00063235017921
0.00064212174442
0.00065187851372
0.00066162041970
0.00067134739510
0.00068105937288
0.00069075628619
0.00070043806836
0.00071010465295
0.00071975597368
0.00072939196450
0.00073901255953
0.00074861769310
0.00075820729975
0.00076778131420
0.00077733967138
0.00078688230640
0.00079640915459
0.00080592015148
0.00081541523278
0.00082489433442
0.00083435739252
0.00084380434341
0.00085323512361
0.00086264966984
0.00087204791904
0.00088142980833
0.00089079527505
0.00090014425673
0.00090947669110
0.00091879251611
0.00092809166990
0.00093737409082
0.00094663971741
0.00095588848843
0.00096512034284
0.00097433521981
0.00098353305869
0.00099271379907
0.00100187738073
0.00101102374364
0.00102015282799
0.00102926457419
0.00103835892284
0.00104743581474
0.00105649519091
0.00106553699258
0.00107456116117
0.00108356763832
0.00109255636589
0.00110152728591
0.00111048034066
0.00111941547260
0.00112833262441
0.00113723173899
0.00114611275943
0.00115497562903
0.00116382029131
0.00117264669000
0.00118145476904
0.00119024447257
0.00119901574494
0.00120776853073
0.00121650277471
0.00122521842187
0.00123391541741
0.00124259370675
0.00125125323551
0.00125989394952
0.00126851579483
0.00127711871771
0.00128570266461
0.00129426758224
0.00130281341748
0.00131134011745
0.00131984762947
0.00132833590107
0.00133680488002
0.00134525451426
0.00135368475199
0.00136209554159
0.00137048683167
0.00137885857105
0.00138721070876
0.00139554319406
0.00140385597641
0.00141214900549
0.00142042223119
0.00142867560363
0.00143690907313
0.00144512259023
0.00145331610569
0.00146148957049
0.00146964293581
0.00147777615305
0.00148588917385
0.00149398195003
0.00150205443366
0.00151010657700
0.00151813833254
0.00152614965299
0.00153414049127
0.00154211080053
0.00155006053411
0.00155798964559
0.00156589808877
0.00157378581766
0.00158165278648
0.00158949894968
0.00159732426192
0.00160512867810
0.00161291215329
0.00162067464284
0.00162841610227
0.00163613648734
0.00164383575403
0.00165151385853
0.00165917075725
0.00166680640682
0.00167442076410
0.00168201378616
0.00168958543028
0.00169713565397
0.00170466441497
0.00171217167121
0.00171965738087
0.00172712150234
0.00173456399422
0.00174198481534
0.00174938392474
0.00175676128169
0.00176411684568
0.00177145057642
0.00177876243383
0.00178605237806
0.00179332036948
0.00180056636867
0.00180779033644
0.00181499223383
0.00182217202208
0.00182932966267
0.00183646511728
0.00184357834782
0.00185066931643
0.00185773798547
0.00186478431749
0.00187180827531
0.00187880982193
0.00188578892059
0.00189274553475
0.00189967962809
0.00190659116451
0.00191348010812
0.00192034642328
0.00192719007454
0.00193401102668
0.00194080924472
0.00194758469388
0.00195433733961
0.00196106714757
0.00196777408365
0.00197445811398
0.00198111920487
0.00198775732289
0.00199437243481
0.00200096450762
0.00200753350855
0.00201407940503
0.00202060216473
0.00202710175552
0.00203357814550
0.00204003130301
0.00204646119659
0.00205286779500
0.00205925106723
0.00206561098250
0.00207194751023
0.00207826062007
0.00208455028189
0.00209081646580
0.00209705914210
0.00210327828134
0.00210947385426
0.00211564583185
0.00212179418531
0.00212791888606
0.00213401990573
0.00214009721620
0.00214615078953
0.00215218059805
0.00215818661427
0.00216416881094
0.00217012716102
0.00217606163770
0.00218197221440
0.00218785886473
0.00219372156254
0.00219956028191
0.00220537499713
0.00221116568270
0.00221693231336
0.00222267486405
0.00222839330995
0.00223408762645
0.00223975778916
0.00224540377390
0.00225102555674
0.00225662311394
0.00226219642199
0.00226774545760
0.00227327019770
0.00227877061944
0.00228424670020
0.00228969841755
0.00229512574931
0.00230052867350
0.00230590716837
0.00231126121239
0.00231659078423
0.00232189586280
0.00232717642723
0.00233243245685
0.00233766393122
0.00234287083012
0.00234805313355
0.00235321082172
0.00235834387506
0.00236345227422
0.00236853600008
0.00237359503371
0.00237862935643
0.00238363894975
0.00238862379541
0.00239358387538
0.00239851917182
0.00240342966713
0.00240831534391
0.00241317618500
0.00241801217343
0.00242282329246
0.00242760952557
0.00243237085645
0.00243710726901
0.00244181874737
0.00244650527588
0.00245116683909
0.00245580342178
0.00246041500893
0.00246500158575
0.00246956313765
0.00247409965028
0.00247861110948
0.00248309750131
0.00248755881206
0.00249199502822
0.00249640613651
0.00250079212383
0.00250515297733
0.00250948868437
0.00251379923251
0.00251808460952
0.00252234480340
0.00252657980236
0.00253078959482
0.00253497416941
0.00253913351498
0.00254326762058
0.00254737647548
0.00255146006918
0.00255551839137
0.00255955143195
0.00256355918105
0.00256754162899
0.00257149876633
0.00257543058382
0.00257933707242
0.00258321822332
0.00258707402789
0.00259090447775
0.00259470956470
0.00259848928076
0.00260224361816
0.00260597256935
0.00260967612697
0.00261335428388
0.00261700703315
0.00262063436806
0.00262423628210
0.00262781276897
0.00263136382257
0.00263488943701
0.00263838960662
0.00264186432592
0.00264531358966
0.00264873739278
0.00265213573043
0.00265550859796
0.00265885599096
0.00266217790519
0.00266547433664
0.00266874528148
0.00267199073611
0.00267521069714
0.00267840516136
0.00268157412579
0.00268471758764
0.00268783554433
0.00269092799348
0.00269399493294
0.00269703636072
0.00270005227508
0.00270304267445
0.00270600755747
0.00270894692300
0.00271186077010
0.00271474909800
0.00271761190619
0.00272044919431
0.00272326096223
0.00272604721001
0.00272880793793
0.00273154314645
0.00273425283624
0.00273693700817
0.00273959566332
0.00274222880296
0.00274483642856
0.00274741854180
0.00274997514454
0.00275250623886
0.00275501182704
0.00275749191154
0.00275994649504
0.00276237558041
0.00276477917070
0.00276715726919
0.00276950987934
0.00277183700481
0.00277413864946
0.00277641481734
0.00277866551270
0.00278089074000
0.00278309050388
0.00278526480918
0.00278741366093
0.00278953706437
0.00279163502493
0.00279370754821
0.00279575464005
0.00279777630646
0.00279977255363
0.00280174338797
0.00280368881606
0.00280560884471
0.00280750348087
0.00280937273173
0.00281121660464
0.00281303510717
0.00281482824706
0.00281659603225
0.00281833847086
0.00282005557123
0.00282174734186
0.00282341379146
0.00282505492892
0.00282667076331
0.00282826130392
0.00282982656020
0.00283136654180
0.00283288125857
0.00283437072052
0.00283583493788
0.00283727392104
0.00283868768060
0.00284007622733
0.00284143957220
0.00284277772636
0.00284409070115
0.00284537850808
0.00284664115887
0.00284787866540
0.00284909103977
0.00285027829423
0.00285144044123
0.00285257749340
0.00285368946355
0.00285477636469
0.00285583821000
0.00285687501285
0.00285788678677
0.00285887354550
0.00285983530296
0.00286077207322
0.00286168387058
0.00286257070948
0.00286343260456
0.00286426957063
0.00286508162269
0.00286586877592
0.00286663104567
0.00286736844748
0.00286808099705
0.00286876871027
0.00286943160322
0.00287006969214
0.00287068299346
0.00287127152377
0.00287183529985
0.00287237433865
0.00287288865731
0.00287337827313
0.00287384320358
0.00287428346633
0.00287469907920
0.00287509006020
0.00287545642750
0.00287579819946
0.00287611539459
0.00287640803160
0.00287667612936
0.00287691970691
0.00287713878347
0.00287733337841
0.00287750351130
0.00287764920186
0.00287777046999
0.00287786733577
0.00287793981941
0.00287798794135
0.00287801172214
0.00287801118254
0.00287798634346
0.00287793722599
0.00287786385136
0.00287776624099
0.00287764441648
0.00287749839957
0.00287732821217
0.00287713387637
0.00287691541441
0.00287667284871
0.00287640620185
0.00287611549656
0.00287580075576
0.00287546200250
0.00287509926004
0.00287471255175
0.00287430190120
0.00287386733211
0.00287340886837
0.00287292653401
0.00287242035324
0.00287189035042
0.00287133655010
0.00287075897694
0.00287015765579
0.00286953261167
0.00286888386973
0.00286821145529
0.00286751539385
0.00286679571103
0.00286605243263
0.00286528558461
0.00286449519307
0.00286368128428
0.00286284388467
0.00286198302080
0.00286109871942
0.00286019100740
0.00285925991179
0.00285830545979
0.00285732767874
0.00285632659615
0.00285530223967
0.00285425463711
0.00285318381643
0.00285208980574
0.00285097263330
0.00284983232753
0.00284866891699
0.00284748243039
0.00284627289660
0.00284504034464
0.00284378480366
0.00284250630297
0.00284120487204
0.00283988054046
0.00283853333801
0.00283716329457
0.00283577044019
0.00283435480508
0.00283291641956
0.00283145531413
0.00282997151941
0.00282846506618
0.00282693598536
0.00282538430802
0.00282381006535
0.00282221328872
0.00282059400961
0.00281895225965
0.00281728807063
0.00281560147447
0.00281389250321
0.00281216118907
0.00281040756437
0.00280863166161
0.00280683351341
0.00280501315251
0.00280317061182
0.00280130592438
0.00279941912335
0.00279751024205
0.00279557931393
0.00279362637257
0.00279165145169
0.00278965458516
0.00278763580695
0.00278559515121
0.00278353265218
0.00278144834428
0.00277934226202
0.00277721444007
0.00277506491324
0.00277289371643
0.00277070088473
0.00276848645332
0.00276625045752
0.00276399293280
0.00276171391473
0.00275941343904
0.00275709154157
0.00275474825829
0.00275238362530
0.00274999767885
0.00274759045530
0.00274516199112
0.00274271232293
0.00274024148749
0.00273774952165
0.00273523646241
0.00273270234689
0.00273014721235
0.00272757109613
0.00272497403576
0.00272235606883
0.00271971723309
0.00271705756642
0.00271437710679
0.00271167589232
0.00270895396123
0.00270621135189
0.00270344810276
0.00270066425245
0.00269785983966
0.00269503490324
0.00269218948213
0.00268932361541
0.00268643734228
0.00268353070203
0.00268060373411
0.00267765647804
0.00267468897351
0.00267170126027
0.00266869337824
0.00266566536741
0.00266261726791
0.00265954911998
0.00265646096398
0.00265335284037
0.00265022478973
0.00264707685276
0.00264390907027
0.00264072148317
0.00263751413249
0.00263428705937
0.00263104030508
0.00262777391096
0.00262448791850
0.00262118236928
0.00261785730499
0.00261451276743
0.00261114879850
0.00260776544024
0.00260436273476
0.00260094072429
0.00259749945118
0.00259403895786
0.00259055928689
0.00258706048093
0.00258354258273
0.00258000563516
0.00257644968119
0.00257287476390
0.00256928092646
0.00256566821214
0.00256203666434
0.00255838632653
0.00255471724231
0.00255102945535
0.00254732300944
0.00254359794848
0.00253985431644
0.00253609215742
0.00253231151560
0.00252851243527
0.00252469496080
0.00252085913668
0.00251700500749
0.00251313261789
0.00250924201267
0.00250533323668
0.00250140633488
0.00249746135235
0.00249349833422
0.00248951732574
0.00248551837226
0.00248150151921
0.00247746681211
0.00247341429658
0.00246934401834
0.00246525602319
0.00246115035701
0.00245702706580
0.00245288619564
0.00244872779268
0.00244455190318
0.00244035857349
0.00243614785004
0.00243191977935
0.00242767440803
0.00242341178278
0.00241913195037
0.00241483495769
0.00241052085168
0.00240618967938
0.00240184148794
0.00239747632454
0.00239309423651
0.00238869527120
0.00238427947609
0.00237984689873
0.00237539758674
0.00237093158784
0.00236644894981
0.00236194972054
0.00235743394799
0.00235290168018
0.00234835296524
0.00234378785136
0.00233920638682
0.00233460861998
0.00232999459926
0.00232536437318
0.00232071799032
0.00231605549936
0.00231137694904
0.00230668238817
0.00230197186565
0.00229724543045
0.00229250313162
0.00228774501827
0.00228297113961
0.00227818154489
0.00227337628346
0.00226855540473
0.00226371895819
0.00225886699340
0.00225399955999
0.00224911670766
0.00224421848617
0.00223930494539
0.00223437613520
0.00222943210561
0.00222447290665
0.00221949858845
0.00221450920120
0.00220950479514
0.00220448542061
0.00219945112799
0.00219440196774
0.00218933799038
0.00218425924650
0.00217916578675
0.00217405766185
0.00216893492257
0.00216379761978
0.00215864580437
0.00215347952733
0.00214829883967
0.00214310379251
0.00213789443700
0.00213267082437
0.00212743300589
0.00212218103290
0.00211691495681
0.00211163482909
0.00210634070125
0.00210103262487
0.00209571065160
0.00209037483313
0.00208502522120
0.00207966186765
0.00207428482433
0.00206889414317
0.00206348987615
0.00205807207530
0.00205264079273
0.00204719608056
0.00204173799101
0.00203626657633
0.00203078188883
0.00202528398086
0.00201977290484
0.00201424871324
0.00200871145857
0.00200316119340
0.00199759797034
0.00199202184208
0.00198643286133
0.00198083108086
0.00197521655349
0.00196958933208
0.00196394946955
0.00195829701888
0.00195263203305
0.00194695456515
0.00194126466827
0.00193556239556
0.00192984780022
0.00192412093550
0.00191838185468
0.00191263061110
0.00190686725813
0.00190109184921
0.00189530443778
0.00188950507736
0.00188369382150
0.00187787072379
0.00187203583787
0.00186618921741
0.00186033091613
0.00185446098778
0.00184857948617
0.00184268646513
0.00183678197855
0.00183086608032
0.00182493882442
0.00181900026482
0.00181305045557
0.00180708945072
0.00180111730439
0.00179513407072
0.00178913980387
0.00178313455807
0.00177711838755
0.00177109134661
0.00176505348957
0.00175900487076
0.00175294554459
0.00174687556546
0.00174079498782
0.00173470386617
0.00172860225502
0.00172249020890
0.00171636778241
0.00171023503016
0.00170409200677
0.00169793876692
0.00169177536532
0.00168560185668
0.00167941829577
0.00167322473738
0.00166702123631
0.00166080784741
0.00165458462555
0.00164835162562
0.00164210890255
0.00163585651128
0.00162959450680
0.00162332294409
0.00161704187818
0.00161075136412
0.00160445145699
0.00159814221188
0.00159182368390
0.00158549592821
0.00157915899997
0.00157281295436
0.00156645784659
0.00156009373190
0.00155372066554
0.00154733870277
0.00154094789888
0.00153454830920
0.00152813998905
0.00152172299379
0.00151529737877
0.00150886319939
0.00150242051105
0.00149596936917
0.00148950982920
0.00148304194659
0.00147656577680
0.00147008137534
0.00146358879770
0.00145708809939
0.00145057933597
0.00144406256296
0.00143753783594
0.00143100521047
0.00142446474215
0.00141791648658
0.00141136049937
0.00140479683615
0.00139822555255
0.00139164670422
0.00138506034683
0.00137846653604
0.00137186532753
0.00136525677700
0.00135864094014
0.00135201787265
0.00134538763027
0.00133875026871
0.00133210584370
0.00132545441099
0.00131879602632
0.00131213074546
0.00130545862415
0.00129877971817
0.00129209408328
0.00128540177528
0.00127870284993
0.00127199736303
0.00126528537037
0.00125856692775
0.00125184209095
0.00124511091579
0.00123837345806
0.00123162977359
0.00122487991816
0.00121812394759
0.00121136191770
0.00120459388430
0.00119781990320
0.00119104003020
0.00118425432113
0.00117746283180
0.00117066561801
0.00116386273557
0.00115705424030
0.00115024018800
0.00114342063447
0.00113659563551
0.00112976524691
0.00112292952448
0.00111608852401
0.00110924230127
0.00110239091204
0.00109553441211
0.00108867285725
0.00108180630321
0.00107493480576
0.00106805842065
0.00106117720362
0.00105429121042
0.00104740049677
0.00104050511840
0.00103360513102
0.00102670059034
0.00101979155206
0.00101287807186
0.00100596020542
0.00099903800842
0.00099211153650
0.00098518084532
0.00097824599052
0.00097130702771
0.00096436401252
0.00095741700054
0.00095046604737
0.00094351120858
0.00093655253973
0.00092959009638
0.00092262393405
0.00091565410828
0.00090868067457
0.00090170368841
0.00089472320528
0.00088773928065
0.00088075196995
0.00087376132863
0.00086676741208
0.00085977027572
0.00085276997491
0.00084576656503
0.00083876010141
0.00083175063939
0.00082473823426
0.00081772294132
0.00081070481584
0.00080368391306
0.00079666028822
0.00078963399652
0.00078260509317
0.00077557363331
0.00076853967210
0.00076150326468
0.00075446446612
0.00074742333153
0.00074037991596
0.00073333427445
0.00072628646200
0.00071923653361
0.00071218454423
0.00070513054883
0.00069807460230
0.00069101675954
0.00068395707542
0.00067689560477
0.00066983240242
0.00066276752316
0.00065570102173
0.00064863295289
0.00064156337133
0.00063449233175
0.00062741988878
0.00062034609707
0.00061327101120
0.00060619468574
0.00059911717524
0.00059203853420
0.00058495881710
0.00057787807839
0.00057079637249
0.00056371375379
0.00055663027665
0.00054954599540
0.00054246096432
0.00053537523769
0.00052828886974
0.00052120191466
0.00051411442661
0.00050702645974
0.00049993806814
0.00049284930588
0.00048576022699
0.00047867088546
0.00047158133525
0.00046449163031
0.00045740182450
0.00045031197170
0.00044322212573
0.00043613234036
0.00042904266935
0.00042195316640
0.00041486388520
0.00040777487937
0.00040068620251
0.00039359790819
0.00038651004993
0.00037942268121
0.00037233585548
0.00036524962614
0.00035816404655
0.00035107917005
0.00034399504991
0.00033691173939
0.00032982929169
0.00032274775998
0.00031566719737
0.00030858765694
0.00030150919174
0.00029443185476
0.00028735569896
0.00028028077725
0.00027320714249
0.00026613484751
0.00025906394509
0.00025199448797
0.00024492652884
0.00023786012036
0.00023079531512
0.00022373216568
0.00021667072456
0.00020961104423
0.00020255317710
0.00019549717555
0.00018844309191
0.00018139097847
0.00017434088745
0.00016729287105
0.00016024698140
0.00015320327060
0.00014616179069
0.00013912259367
0.00013208573148
0.00012505125602
0.00011801921914
0.00011098967264
0.00010396266827
0.00009693825772
0.00008991649264
0.00008289742463
0.00007588110524
0.00006886758597
0.00006185691825
0.00005484915347
0.00004784434299
0.00004084253807
0.00003384378997
0.00002684814986
0.00001985566887
0.00001286639808
0.00000588038850
-0.00000110230889
-0.00000808164318
-0.00001505756351
-0.00002203001908
-0.00002899895914
-0.00003596433300
-0.00004292609001
-0.00004988417960
-0.00005683855123
-0.00006378915444
-0.00007073593881
-0.00007767885399
-0.00008461784967
-0.00009155287562
-0.00009848388165
-0.00010541081764
-0.00011233363351
-0.00011925227925
-0.00012616670491
-0.00013307686061
-0.00013998269650
-0.00014688416282
-0.00015378120985
-0.00016067378793
-0.00016756184747
-0.00017444533893
-0.00018132421285
-0.00018819841981
-0.00019506791046
-0.00020193263552
-0.00020879254574
-0.00021564759197
-0.00022249772511
-0.00022934289611
-0.00023618305599
-0.00024301815584
-0.00024984814680
-0.00025667298010
-0.00026349260699
-0.00027030697882
-0.00027711604700
-0.00028391976298
-0.00029071807831
-0.00029751094457
-0.00030429831343
-0.00031108013662
-0.00031785636593
-0.00032462695321
-0.00033139185039
-0.00033815100947
-0.00034490438250
-0.00035165192160
-0.00035839357896
-0.00036512930685
-0.00037185905758
-0.00037858278356
-0.00038530043724
-0.00039201197116
-0.00039871733790
-0.00040541649014
-0.00041210938062
-0.00041879596213
-0.00042547618756
-0.00043215000984
-0.00043881738199
-0.00044547825709
-0.00045213258830
-0.00045878032883
-0.00046542143199
-0.00047205585114
-0.00047868353971
-0.00048530445122
-0.00049191853924
-0.00049852575743
-0.00050512605950
-0.00051171939926
-0.00051830573057
-0.00052488500738
-0.00053145718369
-0.00053802221359
-0.00054458005125
-0.00055113065090
-0.00055767396684
-0.00056420995347
-0.00057073856522
-0.00057725975664
-0.00058377348232
-0.00059027969695
-0.00059677835529
-0.00060326941215
-0.00060975282246
-0.00061622854118
-0.00062269652339
-0.00062915672420
-0.00063560909883
-0.00064205360256
-0.00064849019077
-0.00065491881888
-0.00066133944242
-0.00066775201698
-0.00067415649823
-0.00068055284192
-0.00068694100388
-0.00069332094002
-0.00069969260632
-0.00070605595884
-0.00071241095372
-0.00071875754719
-0.00072509569554
-0.00073142535516
-0.00073774648251
-0.00074405903411
-0.00075036296660
-0.00075665823667
-0.00076294480110
-0.00076922261674
-0.00077549164055
-0.00078175182954
-0.00078800314082
-0.00079424553157
-0.00080047895905
-0.00080670338062
-0.00081291875370
-0.00081912503580
-0.00082532218453
-0.00083151015755
-0.00083768891262
-0.00084385840760
-0.00085001860040
-0.00085616944903
-0.00086231091158
-0.00086844294624
-0.00087456551125
-0.00088067856498
-0.00088678206583
-0.00089287597233
-0.00089896024307
-0.00090503483673
-0.00091109971209
-0.00091715482798
-0.00092320014336
-0.00092923561724
-0.00093526120874
-0.00094127687704
-0.00094728258142
-0.00095327828126
-0.00095926393601
-0.00096523950520
-0.00097120494847
-0.00097716022552
-0.00098310529616
-0.00098904012027
-0.00099496465784
-0.00100087886892
-0.00100678271366
-0.00101267615231
-0.00101855914519
-0.00102443165271
-0.00103029363538
-0.00103614505380
-0.00104198586864
-0.00104781604068
-0.00105363553077
-0.00105944429986
-0.00106524230900
-0.00107102951930
-0.00107680589200
-0.00108257138839
-0.00108832596988
-0.00109406959795
-0.00109980223419
-0.00110552384026
-0.00111123437792
-0.00111693380904
-0.00112262209554
-0.00112829919947
-0.00113396508295
-0.00113961970820
-0.00114526303753
-0.00115089503334
-0.00115651565812
-0.00116212487446
-0.00116772264504
-0.00117330893264
-0.00117888370010
-0.00118444691040
-0.00118999852658
-0.00119553851178
-0.00120106682924
-0.00120658344230
-0.00121208831437
-0.00121758140897
-0.00122306268972
-0.00122853212033
-0.00123398966458
-0.00123943528638
-0.00124486894972
-0.00125029061868
-0.00125570025745
-0.00126109783028
-0.00126648330157
-0.00127185663576
-0.00127721779742
-0.00128256675121
-0.00128790346188
-0.00129322789428
-0.00129854001335
-0.00130383978413
-0.00130912717175
-0.00131440214147
-0.00131966465859
-0.00132491468855
-0.00133015219688
-0.00133537714919
-0.00134058951120
-0.00134578924873
-0.00135097632769
-0.00135615071410
-0.00136131237405
-0.00136646127376
-0.00137159737954
-0.00137672065778
-0.00138183107499
-0.00138692859776
-0.00139201319280
-0.00139708482690
-0.00140214346696
-0.00140718907997
-0.00141222163304
-0.00141724109334
-0.00142224742818
-0.00142724060494
-0.00143222059113
-0.00143718735433
-0.00144214086223
-0.00144708108263
-0.00145200798342
-0.00145692153259
-0.00146182169823
-0.00146670844855
-0.00147158175182
-0.00147644157646
-0.00148128789095
-0.00148612066390
-0.00149093986400
-0.00149574546005
-0.00150053742095
-0.00150531571571
-0.00151008031343
-0.00151483118333
-0.00151956829470
-0.00152429161696
-0.00152900111962
-0.00153369677229
-0.00153837854470
-0.00154304640667
-0.00154770032812
-0.00155234027907
-0.00155696622965
-0.00156157815010
-0.00156617601075
-0.00157075978204
-0.00157532943451
-0.00157988493880
-0.00158442626567
-0.00158895338597
-0.00159346627065
-0.00159796489077
-0.00160244921750
-0.00160691922211
-0.00161137487597
-0.00161581615055
-0.00162024301745
-0.00162465544833
-0.00162905341501
-0.00163343688937
-0.00163780584341
-0.00164216024925
-0.00164650007908
-0.00165082530523
-0.00165513590012
-0.00165943183628
-0.00166371308633
-0.00166797962303
-0.00167223141921
-0.00167646844782
-0.00168069068192
-0.00168489809467
-0.00168909065934
-0.00169326834931
-0.00169743113806
-0.00170157899917
-0.00170571190633
-0.00170982983336
-0.00171393275416
-0.00171802064275
-0.00172209347323
-0.00172615121986
-0.00173019385695
-0.00173422135896
-0.00173823370043
-0.00174223085603
-0.00174621280051
-0.00175017950877
-0.00175413095576
-0.00175806711659
-0.00176198796646
-0.00176589348066
-0.00176978363461
-0.00177365840383
-0.00177751776396
-0.00178136169073
-0.00178519015999
-0.00178900314769
-0.00179280062990
-0.00179658258279
-0.00180034898265
-0.00180409980586
-0.00180783502893
-0.00181155462846
-0.00181525858117
-0.00181894686389
-0.00182261945356
-0.00182627632723
-0.00182991746204
-0.00183354283527
-0.00183715242429
-0.00184074620659
-0.00184432415976
-0.00184788626151
-0.00185143248965
-0.00185496282211
-0.00185847723691
-0.00186197571222
-0.00186545822629
-0.00186892475747
-0.00187237528426
-0.00187580978523
-0.00187922823909
-0.00188263062464
-0.00188601692081
-0.00188938710663
-0.00189274116123
-0.00189607906387
-0.00189940079393
-0.00190270633086
-0.00190599565426
-0.00190926874383
-0.00191252557937
-0.00191576614081
-0.00191899040818
-0.00192219836163
-0.00192538998140
-0.00192856524788
-0.00193172414153
-0.00193486664296
-0.00193799273286
-0.00194110239205
-0.00194419560145
-0.00194727234212
-0.00195033259519
-0.00195337634194
-0.00195640356375
-0.00195941424209
-0.00196240835859
-0.00196538589494
-0.00196834683298
-0.00197129115464
-0.00197421884199
-0.00197712987719
-0.00198002424251
-0.00198290192035
-0.00198576289321
-0.00198860714371
-0.00199143465459
-0.00199424540868
-0.00199703938894
-0.00199981657846
-0.00200257696040
-0.00200532051807
-0.00200804723488
-0.00201075709436
-0.00201345008014
-0.00201612617598
-0.00201878536574
-0.00202142763340
-0.00202405296306
-0.00202666133893
-0.00202925274532
-0.00203182716668
-0.00203438458754
-0.00203692499259
-0.00203944836659
-0.00204195469444
-0.00204444396114
-0.00204691615182
-0.00204937125172
-0.00205180924617
-0.00205423012065
-0.00205663386074
-0.00205902045212
-0.00206138988062
-0.00206374213214
-0.00206607719273
-0.00206839504855
-0.00207069568585
-0.00207297909102
-0.00207524525057
-0.00207749415109
-0.00207972577932
-0.00208194012210
-0.00208413716639
-0.00208631689926
-0.00208847930789
-0.00209062437960
-0.00209275210180
-0.00209486246202
-0.00209695544791
-0.00209903104724
-0.00210108924788
-0.00210313003783
-0.00210515340521
-0.00210715933823
-0.00210914782525
-0.00211111885471
-0.00211307241519
-0.00211500849538
-0.00211692708409
-0.00211882817023
-0.00212071174285
-0.00212257779108
