-0.00212442590496
-0.00211692987057
-0.00210915377716
-0.00210109834357
-0.00209276431826
-0.00208415247926
-0.00207526363413
-0.00206609861995
-0.00205665830322
-0.00204694357985
-0.00203695537511
-0.00202669464356
-0.00201616236904
-0.00200535956456
-0.00199428727228
-0.00198294656346
-0.00197133853836
-0.00195946432623
-0.00194732508520
-0.00193492200225
-0.00192225629313
-0.00190932920229
-0.00189614200279
-0.00188269599628
-0.00186899251287
-0.00185503291107
-0.00184081857774
-0.00182635092796
-0.00181163140500
-0.00179666148020
-0.00178144265287
-0.00176597645027
-0.00175026442742
-0.00173430816712
-0.00171810927974
-0.00170166940322
-0.00168499020292
-0.00166807337153
-0.00165092062897
-0.00163353372229
-0.00161591442554
-0.00159806453970
-0.00157998589253
-0.00156168033850
-0.00154314975862
-0.00152439606037
-0.00150542117756
-0.00148622707023
-0.00146681572447
-0.00144718915236
-0.00142734939182
-0.00140729850645
-0.00138703858546
-0.00136657174347
-0.00134590012040
-0.00132502588135
-0.00130395121645
-0.00128267834068
-0.00126120949378
-0.00123954694007
-0.00121769296830
-0.00119564989152
-0.00117342004689
-0.00115100579556
-0.00112840952249
-0.00110563363629
-0.00108268056907
-0.00105955277626
-0.00103625273644
-0.00101278295119
-0.00098914594490
-0.00096534426457
-0.00094138047971
-0.00091725718207
-0.00089297698553
-0.00086854252585
-0.00084395646054
-0.00081922146866
-0.00079434025058
-0.00076931552786
-0.00074415004299
-0.00071884655922
-0.00069340786036
-0.00066783675057
-0.00064213605417
-0.00061630861538
-0.00059035729819
-0.00056428498606
-0.00053809458177
-0.00051178900716
-0.00048537120295
-0.00045884412848
-0.00043221076147
-0.00040547409786
-0.00037863715150
-0.00035170295399
-0.00032467455436
-0.00029755501892
-0.00027034743096
-0.00024305489051
-0.00021568051412
-0.00018822743461
-0.00016069880078
-0.00013309777721
-0.00010542754395
-0.00007769129631
-0.00004989224458
-0.00002203361373
0.00000588135680
0.00003384941338
0.00006186728849
0.00008993170100
0.00011803935637
0.00014618694705
0.00017437115263
0.00020258864025
0.00023083606478
0.00025911006917
0.00028740728475
0.00031572433147
0.00034405781824
0.00037240434323
0.00040076049415
0.00042912284854
0.00045748797415
0.00048585242916
0.00051421276255
0.00054256551439
0.00057090721617
0.00059923439109
0.00062754355443
0.00065583121384
0.00068409386967
0.00071232801529
0.00074053013746
0.00076869671662
0.00079682422725
0.00082490913820
0.00085294791302
0.00088093701036
0.00090887288421
0.00093675198435
0.00096457075666
0.00099232564345
0.00102001308384
0.00104762951414
0.00107517136815
0.00110263507756
0.00113001707233
0.00115731378101
0.00118452163113
0.00121163704958
0.00123865646297
0.00126557629802
0.00129239298189
0.00131910294263
0.00134570260950
0.00137218841337
0.00139855678714
0.00142480416605
0.00145092698815
0.00147692169465
0.00150278473029
0.00152851254378
0.00155410158819
0.00157954832129
0.00160484920604
0.00163000071092
0.00165499931035
0.00167984148511
0.00170452372274
0.00172904251794
0.00175339437299
0.00177757579814
0.00180158331205
0.00182541344220
0.00184906272526
0.00187252770760
0.00189580494559
0.00191889100612
0.00194178246698
0.00196447591725
0.00198696795781
0.00200925520166
0.00203133427442
0.00205320181473
0.00207485447469
0.00209628892026
0.00211750183173
0.00213848990410
0.00215924984758
0.00217977838796
0.00220007226705
0.00222012824318
0.00223994309153
0.00225951360465
0.00227883659288
0.00229790888473
0.00231672732740
0.00233528878715
0.00235359014979
0.00237162832106
0.00238940022712
0.00240690281499
0.00242413305293
0.00244108793094
0.00245776446117
0.00247415967839
0.00249027064037
0.00250609442837
0.00252162814758
0.00253686892753
0.00255181392253
0.00256646031213
0.00258080530157
0.00259484612217
0.00260858003180
0.00262200431531
0.00263511628497
0.00264791328090
0.00266039267151
0.00267255185392
0.00268438825442
0.00269589932888
0.00270708256318
0.00271793547366
0.00272845560753
0.00273864054330
0.00274848789124
0.00275799529376
0.00276716042584
0.00277598099549
0.00278445474413
0.00279257944705
0.00280035291379
0.00280777298858
0.00281483755073
0.00282154451510
0.00282789183244
0.00283387748985
0.00283949951116
0.00284475595735
0.00284964492697
0.00285416455648
0.00285831302073
0.00286208853329
0.00286548934689
0.00286851375378
0.00287116008613
0.00287342671642
0.00287531205784
0.00287681456463
0.00287793273250
0.00287866509896
0.00287901024375
0.00287896678917
0.00287853340045
0.00287770878611
0.00287649169835
0.00287488093338
0.00287287533175
0.00287047377877
0.00286767520478
0.00286447858555
0.00286088294258
0.00285688734345
0.00285249090216
0.00284769277944
0.00284249218310
0.00283688836830
0.00283088063793
0.00282446834286
0.00281765088229
0.00281042770403
0.00280279830480
0.00279476223055
0.00278631907669
0.00277746848845
0.00276821016110
0.00275854384024
0.00274846932208
0.00273798645371
0.00272709513335
0.00271579531059
0.00270408698667
0.00269197021471
0.00267944509994
0.00266651179995
0.00265317052491
0.00263942153780
0.00262526515463
0.00261070174463
0.00259573173049
0.00258035558852
0.00256457384890
0.00254838709581
0.00253179596765
0.00251480115721
0.00249740341183
0.00247960353360
0.00246140237945
0.00244280086138
0.00242379994657
0.00240440065749
0.00238460407210
0.00236441132391
0.00234382360217
0.00232284215190
0.00230146827408
0.00227970332570
0.00225754871985
0.00223500592585
0.00221207646927
0.00218876193207
0.00216506395261
0.00214098422572
0.00211652450279
0.00209168659175
0.00206647235717
0.00204088372025
0.00201492265884
0.00198859120749
0.00196189145742
0.00193482555656
0.00190739570948
0.00187960417744
0.00185145327833
0.00182294538667
0.00179408293352
0.00176486840647
0.00173530434961
0.00170539336341
0.00167513810470
0.00164454128654
0.00161360567821
0.00158233410504
0.00155072944836
0.00151879464536
0.00148653268899
0.00145394662784
0.00142103956596
0.00138781466277
0.00135427513291
0.00132042424603
0.00128626532668
0.00125180175407
0.00121703696197
0.00118197443844
0.00114661772568
0.00111097041978
0.00107503617055
0.00103881868124
0.00100232170836
0.00096554906138
0.00092850460254
0.00089119224652
0.00085361596024
0.00081577976254
0.00077768772389
0.00073934396612
0.00070075266212
0.00066191803549
0.00062284436026
0.00058353596052
0.00054399721014
0.00050423253237
0.00046424639950
0.00042404333250
0.00038362790066
0.00034300472119
0.00030217845883
0.00026115382546
0.00021993557970
0.00017852852647
0.00013693751659
0.00009516744634
0.00005322325700
0.00001110993443
-0.00003116749140
-0.00007360394689
-0.00011619431528
-0.00015893343712
-0.00020181611079
-0.00024483709295
-0.00028799109912
-0.00033127280415
-0.00037467684275
-0.00041819781006
-0.00046183026213
-0.00050556871655
-0.00054940765293
-0.00059334151352
-0.00063736470380
-0.00068147159299
-0.00072565651473
-0.00076991376761
-0.00081423761584
-0.00085862228981
-0.00090306198676
-0.00094755087137
-0.00099208307644
-0.00103665270352
-0.00108125382357
-0.00112588047761
-0.00117052667741
-0.00121518640618
-0.00125985361920
-0.00130452224458
-0.00134918618392
-0.00139383931305
-0.00143847548271
-0.00148308851930
-0.00152767222561
-0.00157222038153
-0.00161672674484
-0.00166118505191
-0.00170558901851
-0.00174993234053
-0.00179420869479
-0.00183841173979
-0.00188253511650
-0.00192657244919
-0.00197051734615
-0.00201436340059
-0.00205810419136
-0.00210173328385
-0.00214524423073
-0.00218863057286
-0.00223188584007
-0.00227500355202
-0.00231797721904
-0.00236080034300
-0.00240346641815
-0.00244596893198
-0.00248830136612
-0.00253045719717
-0.00257242989760
-0.00261421293666
-0.00265579978122
-0.00269718389670
-0.00273835874795
-0.00277931780016
-0.00282005451979
-0.00286056237542
-0.00290083483875
-0.00294086538545
-0.00298064749612
-0.00302017465721
-0.00305944036198
-0.00309843811136
-0.00313716141499
-0.00317560379208
-0.00321375877242
-0.00325161989728
-0.00328918072039
-0.00332643480889
-0.00336337574430
-0.00339999712347
-0.00343629255952
-0.00347225568287
-0.00350788014215
-0.00354315960520
-0.00357808776005
-0.00361265831584
-0.00364686500390
-0.00368070157863
-0.00371416181852
-0.00374723952715
-0.00377992853415
-0.00381222269618
-0.00384411589793
-0.00387560205311
-0.00390667510541
-0.00393732902952
-0.00396755783209
-0.00399735555276
-0.00402671626508
-0.00405563407757
-0.00408410313465
-0.00411211761768
-0.00413967174591
-0.00416675977748
-0.00419337601039
-0.00421951478352
-0.00424517047757
-0.00427033751610
-0.00429501036643
-0.00431918354072
-0.00434285159685
-0.00436600913947
-0.00438865082094
-0.00441077134228
-0.00443236545422
-0.00445342795807
-0.00447395370675
-0.00449393760574
-0.00451337461401
-0.00453225974501
-0.00455058806762
-0.00456835470707
-0.00458555484592
-0.00460218372498
-0.00461823664425
-0.00463370896389
-0.00464859610509
-0.00466289355103
-0.00467659684780
-0.00468970160534
-0.00470220349827
-0.00471409826691
-0.00472538171808
-0.00473604972606
-0.00474609823345
-0.00475552325209
-0.00476432086388
-0.00477248722170
-0.00478001855028
-0.00478691114703
-0.00479316138290
-0.00479876570327
-0.00480372062872
-0.00480802275593
-0.00481166875848
-0.00481465538764
-0.00481697947325
-0.00481863792447
-0.00481962773058
-0.00481994596181
-0.00481958977007
-0.00481855638977
-0.00481684313854
-0.00481444741802
-0.00481136671460
-0.00480759860015
-0.00480314073274
-0.00479799085741
-0.00479214680680
-0.00478560650195
-0.00477836795289
-0.00477042925942
-0.00476178861170
-0.00475244429097
-0.00474239467017
-0.00473163821461
-0.00472017348258
-0.00470799912597
-0.00469511389089
-0.00468151661828
-0.00466720624448
-0.00465218180182
-0.00463644241916
-0.00461998732249
-0.00460281583544
-0.00458492737982
-0.00456632147613
-0.00454699774411
-0.00452695590317
-0.00450619577292
-0.00448471727361
-0.00446252042665
-0.00443960535496
-0.00441597228349
-0.00439162153958
-0.00436655355342
-0.00434076885839
-0.00431426809148
-0.00428705199364
-0.00425912141013
-0.00423047729089
-0.00420112069081
-0.00417105277011
-0.00414027479459
-0.00410878813593
-0.00407659427197
-0.00404369478693
-0.00401009137171
-0.00397578582408
-0.00394078004887
-0.00390507605823
-0.00386867597177
-0.00383158201673
-0.00379379652815
-0.00375532194899
-0.00371616083026
-0.00367631583116
-0.00363578971910
-0.00359458536986
-0.00355270576758
-0.00351015400485
-0.00346693328274
-0.00342304691079
-0.00337849830701
-0.00333329099790
-0.00328742861838
-0.00324091491174
-0.00319375372961
-0.00314594903184
-0.00309750488643
-0.00304842546938
-0.00299871506462
-0.00294837806380
-0.00289741896618
-0.00284584237839
-0.00279365301430
-0.00274085569476
-0.00268745534741
-0.00263345700638
-0.00257886581209
-0.00252368701092
-0.00246792595493
-0.00241158810158
-0.00235467901335
-0.00229720435740
-0.00223916990526
-0.00218058153237
-0.00212144521776
-0.00206176704356
-0.00200155319465
-0.00194080995815
-0.00187954372296
-0.00181776097931
-0.00175546831825
-0.00169267243111
-0.00162938010899
-0.00156559824220
-0.00150133381971
-0.00143659392855
-0.00137138575319
-0.00130571657497
-0.00123959377143
-0.00117302481565
-0.00110601727564
-0.00103857881357
-0.00097071718512
-0.00090244023878
-0.00083375591505
-0.00076467224575
-0.00069519735319
-0.00062533944946
-0.00055510683556
-0.00048450790059
-0.00041355112098
-0.00034224505953
-0.00027059836465
-0.00019861976940
-0.00012631809060
-0.00005370222797
0.00001921883689
0.00009243604138
0.00016594024291
0.00023972221984
0.00031377267252
0.00038808222428
0.00046264142245
0.00053744073942
0.00061247057372
0.00068772125103
0.00076318302535
0.00083884608005
0.00091470052900
0.00099073641773
0.00106694372456
0.00114331236177
0.00121983217678
0.00129649295334
0.00137328441278
0.00145019621514
0.00152721796052
0.00160433919026
0.00168154938822
0.00175883798206
0.00183619434457
0.00191360779491
0.00199106759999
0.00206856297577
0.00214608308863
0.00222361705669
0.00230115395124
0.00237868279809
0.00245619257897
0.00253367223294
0.00261111065783
0.00268849671165
0.00276581921407
0.00284306694783
0.00292022866027
0.00299729306476
0.00307424884222
0.00315108464261
0.00322778908646
0.00330435076640
0.00338075824864
0.00345700007462
0.00353306476245
0.00360894080857
0.00368461668928
0.00376008086231
0.00383532176848
0.00391032783324
0.00398508746831
0.00405958907330
0.00413382103734
0.00420777174072
0.00428142955654
0.00435478285234
0.00442781999181
0.00450052933642
0.00457289924710
0.00464491808597
0.00471657421796
0.00478785601256
0.00485875184551
0.00492925010051
0.00499933917092
0.00506900746152
0.00513824339019
0.00520703538970
0.00527537190939
0.00534324141693
0.00541063240011
0.00547753336853
0.00554393285537
0.00560981941919
0.00567518164564
0.00574000814925
0.00580428757521
0.00586800860111
0.00593115993874
0.00599373033586
0.00605570857796
0.00611708349009
0.00617784393856
0.00623797883282
0.00629747712715
0.00635632782251
0.00641451996829
0.00647204266413
0.00652888506166
0.00658503636631
0.00664048583908
0.00669522279836
0.00674923662165
0.00680251674740
0.00685505267675
0.00690683397533
0.00695785027499
0.00700809127565
0.00705754674699
0.00710620653027
0.00715406054004
0.00720109876596
0.00724731127452
0.00729268821078
0.00733721980013
0.00738089635006
0.00742370825183
0.00746564598226
0.00750670010543
0.00754686127440
0.00758612023292
0.00762446781717
0.00766189495741
0.00769839267968
0.00773395210754
0.00776856446368
0.00780222107163
0.00783491335741
0.00786663285119
0.00789737118891
0.00792712011398
0.00795587147880
0.00798361724650
0.00801034949245
0.00803606040590
0.00806074229158
0.00808438757124
0.00810698878522
0.00812853859405
0.00814902977994
0.00816845524833
0.00818680802940
0.00820408127961
0.00822026828315
0.00823536245344
0.00824935733461
0.00826224660293
0.00827402406826
0.00828468367549
0.00829421950594
0.00830262577876
0.00830989685231
0.00831602722554
0.00832101153932
0.00832484457780
0.00832752126974
0.00832903668978
0.00832938605976
0.00832856474997
0.00832656828043
0.00832339232211
0.00831903269817
0.00831348538514
0.00830674651413
0.00829881237197
0.00828967940240
0.00827934420715
0.00826780354711
0.00825505434337
0.00824109367833
0.00822591879675
0.00820952710675
0.00819191618089
0.00817308375708
0.00815302773965
0.00813174620023
0.00810923737869
0.00808549968411
0.00806053169559
0.00803433216319
0.00800690000871
0.00797823432659
0.00794833438464
0.00791719962487
0.00788482966422
0.00785122429532
0.00781638348717
0.00778030738588
0.00774299631526
0.00770445077754
0.00766467145394
0.00762365920527
0.00758141507253
0.00753794027741
0.00749323622286
0.00744730449355
0.00740014685636
0.00735176526082
0.00730216183954
0.00725133890860
0.00719929896792
0.00714604470161
0.00709157897831
0.00703590485144
0.00697902555950
0.00692094452631
0.00686166536122
0.00680119185930
0.00673952800151
0.00667667795481
0.00661264607230
0.00654743689332
0.00648105514343
0.00641350573451
0.00634479376475
0.00627492451859
0.00620390346670
0.00613173626588
0.00605842875896
0.00598398697466
0.00590841712743
0.00583172561725
0.00575391902943
0.00567500413432
0.00559498788709
0.00551387742737
0.00543168007896
0.00534840334945
0.00526405492983
0.00517864269408
0.00509217469870
0.00500465918229
0.00491610456498
0.00482651944795
0.00473591261285
0.00464429302119
0.00455166981377
0.00445805230999
0.00436345000721
0.00426787258002
0.00417132987952
0.00407383193256
0.00397538894095
0.00387601128064
0.00377570950087
0.00367449432331
0.00357237664113
0.00346936751812
0.00336547818765
0.00326072005176
0.00315510468008
0.00304864380884
0.00294134933975
0.00283323333891
0.00272430803571
0.00261458582163
0.00250407924906
0.00239280103012
0.00228076403536
0.00216798129256
0.00205446598536
0.00194023145199
0.00182529118387
0.00170965882427
0.00159334816690
0.00147637315441
0.00135874787703
0.00124048657098
0.00112160361704
0.00100211353893
0.00088203100180
0.00076137081059
0.00064014790844
0.00051837737501
0.00039607442485
0.00027325440564
0.00014993279650
0.00002612520623
-0.00009815262846
-0.00022288484478
-0.00034805545564
-0.00047364835158
-0.00059964730257
-0.00072603595994
-0.00085279785834
-0.00097991641765
-0.00110737494496
-0.00123515663660
-0.00136324458012
-0.00149162175636
-0.00162027104152
-0.00174917520926
-0.00187831693278
-0.00200767878699
-0.00213724325066
-0.00226699270860
-0.00239690945385
-0.00252697568992
-0.00265717353305
-0.00278748501444
-0.00291789208255
-0.00304837660544
-0.00317892037304
-0.00330950509954
-0.00344011242577
-0.00357072392151
-0.00370132108800
-0.00383188536029
-0.00396239810969
-0.00409284064626
-0.00422319422129
-0.00435344002977
-0.00448355921289
-0.00461353286064
-0.00474334201428
-0.00487296766895
-0.00500239077624
-0.00513159224678
-0.00526055295284
-0.00538925373099
-0.00551767538469
-0.00564579868702
-0.00577360438325
-0.00590107319361
-0.00602818581593
-0.00615492292840
-0.00628126519223
-0.00640719325443
-0.00653268775053
-0.00665772930736
-0.00678229854581
-0.00690637608358
-0.00702994253801
-0.00715297852887
-0.00727546468116
-0.00739738162792
-0.00751871001308
-0.00763943049429
-0.00775952374574
-0.00787897046104
-0.00799775135609
-0.00811584717189
-0.00823323867747
-0.00834990667276
-0.00846583199143
-0.00858099550384
-0.00869537811990
-0.00880896079196
-0.00892172451776
-0.00903365034328
-0.00914471936570
-0.00925491273627
-0.00936421166327
-0.00947259741489
-0.00958005132217
-0.00968655478191
-0.00979208925960
-0.00989663629235
-0.01000017749179
-0.01010269454699
-0.01020416922742
-0.01030458338583
-0.01040391896115
-0.01050215798148
-0.01059928256691
-0.01069527493252
-0.01079011739119
-0.01088379235658
-0.01097628234600
-0.01106756998328
-0.01115763800169
-0.01124646924679
-0.01133404667934
-0.01142035337814
-0.01150537254291
-0.01158908749710
-0.01167148169081
-0.01175253870356
-0.01183224224715
-0.01191057616846
-0.01198752445229
-0.01206307122412
-0.01213720075292
-0.01220989745392
-0.01228114589140
-0.01235093078138
-0.01241923699444
-0.01248604955839
-0.01255135366098
-0.01261513465268
-0.01267737804924
-0.01273806953450
-0.01279719496291
-0.01285474036229
-0.01291069193637
-0.01296503606745
-0.01301775931895
-0.01306884843803
-0.01311829035809
-0.01316607220138
-0.01321218128143
-0.01325660510564
-0.01329933137770
-0.01334034800007
-0.01337964307642
-0.01341720491405
-0.01345302202629
-0.01348708313487
-0.01351937717229
-0.01354989328412
-0.01357862083134
-0.01360554939262
-0.01363066876657
-0.01365396897399
-0.01367544026007
-0.01369507309660
-0.01371285818409
-0.01372878645397
-0.01374284907064
-0.01375503743361
-0.01376534317948
-0.01377375818408
-0.01378027456435
-0.01378488468040
-0.01378758113745
-0.01378835678769
-0.01378720473221
-0.01378411832286
-0.01377909116406
-0.01377211711461
-0.01376319028944
-0.01375230506136
-0.01373945606277
-0.01372463818728
-0.01370784659144
-0.01368907669626
-0.01366832418884
-0.01364558502388
-0.01362085542520
-0.01359413188720
-0.01356541117633
-0.01353469033245
-0.01350196667025
-0.01346723778053
-0.01343050153155
-0.01339175607023
-0.01335099982347
-0.01330823149923
-0.01326345008778
-0.01321665486275
-0.01316784538224
-0.01311702148986
-0.01306418331573
-0.01300933127743
-0.01295246608096
-0.01289358872160
-0.01283270048476
-0.01276980294681
-0.01270489797584
-0.01263798773240
-0.01256907467015
-0.01249816153658
-0.01242525137356
-0.01235034751794
-0.01227345360207
-0.01219457355429
-0.01211371159939
-0.01203087225898
-0.01194606035189
-0.01185928099448
-0.01177053960092
-0.01167984188341
-0.01158719385240
-0.01149260181673
-0.01139607238376
-0.01129761245939
-0.01119722924814
-0.01109493025310
-0.01099072327586
-0.01088461641643
-0.01077661807308
-0.01066673694213
-0.01055498201774
-0.01044136259161
-0.01032588825266
-0.01020856888669
-0.01008941467589
-0.00996843609849
-0.00984564392814
-0.00972104923348
-0.00959466337746
-0.00946649801675
-0.00933656510104
-0.00920487687233
-0.00907144586417
-0.00893628490080
-0.00879940709634
-0.00866082585386
-0.00852055486446
-0.00837860810623
-0.00823499984325
-0.00808974462450
-0.00794285728272
-0.00779435293324
-0.00764424697280
-0.00749255507821
-0.00733929320513
-0.00718447758666
-0.00702812473196
-0.00687025142482
-0.00671087472217
-0.00655001195255
-0.00638768071452
-0.00622389887509
-0.00605868456798
-0.00589205619199
-0.00572403240923
-0.00555463214330
-0.00538387457746
-0.00521177915278
-0.00503836556618
-0.00486365376848
-0.00468766396240
-0.00451041660046
-0.00433193238296
-0.00415223225576
-0.00397133740815
-0.00378926927060
-0.00360604951252
-0.00342170003994
-0.00323624299313
-0.00304970074426
-0.00286209589493
-0.00267345127372
-0.00248378993366
-0.00229313514966
-0.00210151041597
-0.00190893944348
-0.00171544615707
-0.00152105469292
-0.00132578939572
-0.00112967481588
-0.00093273570672
-0.00073499702157
-0.00053648391088
-0.00033722171929
-0.00013723598258
0.00006344757526
0.00026480304517
0.00046680433607
0.00066942517801
0.00087263912534
0.00107641955990
0.00128073969425
0.00148557257499
0.00169089108602
0.00189666795189
0.00210287574122
0.00230948687005
0.00251647360532
0.00272380806833
0.00293146223826
0.00313940795570
0.00334761692622
0.00355606072398
0.00376471079536
0.00397353846262
0.00418251492760
0.00439161127542
0.00460079847826
0.00481004739913
0.00501932879565
0.00522861332393
0.00543787154240
0.00564707391570
0.00585619081862
0.00606519253998
0.00627404928669
0.00648273118763
0.00669120829774
0.00689945060205
0.00710742801969
0.00731511040803
0.00752246756674
0.00772946924194
0.00793608513037
0.00814228488348
0.00834803811171
0.00855331438862
0.00875808325517
0.00896231422393
0.00916597678336
0.00936904040206
0.00957147453312
0.00977324861836
0.00997433209270
0.01017469438852
0.01037430493995
0.01057313318729
0.01077114858139
0.01096832058803
0.01116461869230
0.01136001240309
0.01155447125744
0.01174796482502
0.01194046271260
0.01213193456843
0.01232235008678
0.01251167901238
0.01269989114491
0.01288695634345
0.01307284453104
0.01325752569911
0.01344096991201
0.01362314731153
0.01380402812138
0.01398358265169
0.01416178130359
0.01433859457363
0.01451399305837
0.01468794745885
0.01486042858514
0.01503140736081
0.01520085482747
0.01536874214927
0.01553504061740
0.01569972165459
0.01586275681962
0.01602411781178
0.01618377647540
0.01634170480427
0.01649787494616
0.01665225920726
0.01680483005664
0.01695556013067
0.01710442223751
0.01725138936146
0.01739643466744
0.01753953150535
0.01768065341447
0.01781977412783
0.01795686757658
0.01809190789432
0.01822486942145
0.01835572670946
0.01848445452525
0.01861102785540
0.01873542191042
0.01885761212903
0.01897757418233
0.01909528397805
0.01921071766472
0.01932385163581
0.01943466253392
0.01954312725482
0.01964922295162
0.01975292703880
0.01985421719626
0.01995307137334
0.02004946779282
0.02014338495486
0.02023480164100
0.02032369691799
0.02041005014174
0.02049384096114
0.02057504932189
0.02065365547030
0.02072963995704
0.02080298364088
0.02087366769237
0.02094167359754
0.02100698316148
0.02106957851199
0.02112944210310
0.02118655671861
0.02124090547558
0.02129247182779
0.02134123956914
0.02138719283704
0.02143031611573
0.02147059423961
0.02150801239647
0.02154255613070
0.02157421134653
0.02160296431109
0.02162880165756
0.02165171038816
0.02167167787725
0.02168869187419
0.02170274050636
0.02171381228193
0.02172189609279
0.02172698121726
0.02172905732286
0.02172811446900
0.02172414310960
0.02171713409571
0.02170707867803
0.02169396850942
0.02167779564736
0.02165855255628
0.02163623211001
0.02161082759398
0.02158233270750
0.02155074156595
0.02151604870291
0.02147824907226
0.02143733805017
0.02139331143712
0.02134616545981
0.02129589677300
0.02124250246134
0.02118598004115
0.02112632746207
0.02106354310874
0.02099762580236
0.02092857480224
0.02085638980727
0.02078107095730
0.02070261883452
0.02062103446477
0.02053631931873
0.02044847531314
0.02035750481187
0.02026341062703
0.02016619601991
0.02006586470194
0.01996242083558
0.01985586903509
0.01974621436730
0.01963346235230
0.01951761896405
0.01939869063095
0.01927668423635
0.01915160711894
0.01902346707318
0.01889227234956
0.01875803165486
0.01862075415235
0.01848044946185
0.01833712765984
0.01819079927941
0.01804147531017
0.01788916719813
0.01773388684550
0.01757564661036
0.01741445930637
0.01725033820233
0.01708329702172
0.01691334994215
0.01674051159476
0.01656479706356
0.01638622188464
0.01620480204543
0.01602055398377
0.01583349458702
0.01564364119100
0.01545101157895
0.01525562398039
0.01505749706990
0.01485664996585
0.01465310222905
0.01444687386136
0.01423798530420
0.01402645743700
0.01381231157562
0.01359556947065
0.01337625330564
0.01315438569537
0.01292998968389
0.01270308874261
0.01247370676830
0.01224186808100
0.01200759742188
0.01177091995101
0.01153186124514
0.01129044729529
0.01104670450438
0.01080065968474
0.01055234005561
0.01030177324048
0.01004898726444
0.00979401055147
0.00953687192160
0.00927760058808
0.00901622615444
0.00875277861146
0.00848728833418
0.00821978607874
0.00795030297917
0.00767887054420
0.00740552065392
0.00713028555638
0.00685319786422
0.00657429055110
0.00629359694819
0.00601115074053
0.00572698596335
0.00544113699834
0.00515363856981
0.00486452574087
0.00457383390950
0.00428159880453
0.00398785648164
0.00369264331925
0.00339599601436
0.00309795157834
0.00279854733264
0.00249782090449
0.00219581022248
0.00189255351216
0.00158808929151
0.00128245636641
0.00097569382602
0.00066784103813
0.00035893764445
0.00004902355584
-0.00026186105253
-0.00057367574600
-0.00088637983538
-0.00119993238191
-0.00151429220229
-0.00182941787373
-0.00214526773909
-0.00246179991204
-0.00277897228228
-0.00309674252080
-0.00341506808520
-0.00373390622503
-0.00405321398720
-0.00437294822143
-0.00469306558574
-0.00501352255197
-0.00533427541138
-0.00565528028025
-0.00597649310553
-0.00629786967058
-0.00661936560089
-0.00694093636982
-0.00726253730450
-0.00758412359161
-0.00790565028333
-0.00822707230323
-0.00854834445225
-0.00886942141472
-0.00919025776436
-0.00951080797038
-0.00983102640355
-0.01015086734238
-0.01047028497923
-0.01078923342653
-0.01110766672303
-0.01142553883999
-0.01174280368752
-0.01205941512088
-0.01237532694676
-0.01269049292972
-0.01300486679850
-0.01331840225250
-0.01363105296815
-0.01394277260539
-0.01425351481414
-0.01456323324082
-0.01487188153481
-0.01517941335505
-0.01548578237654
-0.01579094229693
-0.01609484684309
-0.01639744977774
-0.01669870490603
-0.01699856608218
-0.01729698721615
-0.01759392228023
-0.01788932531574
-0.01818315043971
-0.01847535185155
-0.01876588383971
-0.01905470078843
-0.01934175718441
-0.01962700762351
-0.01991040681747
-0.02019190960064
-0.02047147093667
-0.02074904592525
-0.02102458980882
-0.02129805797927
-0.02156940598470
-0.02183858953609
-0.02210556451403
-0.02237028697542
-0.02263271316021
-0.02289279949801
-0.02315050261486
-0.02340577933987
-0.02365858671191
-0.02390888198622
-0.02415662264115
-0.02440176638470
-0.02464427116121
-0.02488409515793
-0.02512119681165
-0.02535553481526
-0.02558706812429
-0.02581575596350
-0.02604155783337
-0.02626443351661
-0.02648434308467
-0.02670124690417
-0.02691510564334
-0.02712588027848
-0.02733353210028
-0.02753802272025
-0.02773931407703
-0.02793736844270
-0.02813214842906
-0.02832361699389
-0.02851173744719
-0.02869647345731
-0.02887778905719
-0.02905564865041
-0.02923001701734
-0.02940085932115
-0.02956814111384
-0.02973182834225
-0.02989188735396
-0.03004828490322
-0.03020098815680
-0.03034996469982
-0.03049518254153
-0.03063661012104
-0.03077421631303
-0.03090797043337
-0.03103784224476
-0.03116380196225
-0.03128582025877
-0.03140386827058
-0.03151791760269
-0.03162794033422
-0.03173390902369
-0.03183579671430
-0.03193357693913
-0.03202722372627
-0.03211671160395
-0.03220201560555
-0.03228311127459
-0.03235997466967
-0.03243258236932
-0.03250091147682
-0.03256493962494
-0.03262464498065
-0.03268000624972
-0.03273100268128
-0.03277761407236
-0.03281982077227
-0.03285760368705
-0.03289094428369
-0.03291982459444
-0.03294422722092
-0.03296413533829
-0.03297953269924
-0.03299040363798
-0.03299673307413
-0.03299850651652
-0.03299571006700
-0.03298833042407
-0.03297635488650
-0.03295977135690
-0.03293856834512
-0.03291273497168
-0.03288226097105
-0.03284713669493
-0.03280735311532
-0.03276290182768
-0.03271377505389
-0.03265996564515
-0.03260146708486
-0.03253827349136
-0.03247037962059
-0.03239778086871
-0.03232047327460
-0.03223845352230
-0.03215171894334
-0.03206026751900
-0.03196409788253
-0.03186320932118
-0.03175760177825
-0.03164727585501
-0.03153223281250
-0.03141247457331
-0.03128800372324
-0.03115882351284
-0.03102493785890
-0.03088635134589
-0.03074306922720
-0.03059509742639
-0.03044244253829
-0.03028511183006
-0.03012311324212
-0.02995645538898
-0.02978514756001
-0.02960919972014
-0.02942862251036
-0.02924342724828
-0.02905362592843
-0.02885923122265
-0.02866025648019
-0.02845671572789
-0.02824862367016
-0.02803599568887
-0.02781884784323
-0.02759719686945
-0.02737106018043
-0.02714045586523
-0.02690540268855
-0.02666592009007
-0.02642202818369
-0.02617374775664
-0.02592110026862
-0.02566410785065
-0.02540279330402
-0.02513718009897
-0.02486729237344
-0.02459315493157
-0.02431479324219
-0.02403223343721
-0.02374550230986
-0.02345462731292
-0.02315963655674
-0.02286055880727
-0.02255742348393
-0.02225026065740
-0.02193910104731
-0.02162397601983
-0.02130491758518
-0.02098195839502
-0.02065513173975
-0.02032447154573
-0.01999001237239
-0.01965178940922
-0.01930983847271
-0.01896419600316
-0.01861489906142
-0.01826198532549
-0.01790549308707
-0.01754546124801
-0.01718192931663
-0.01681493740396
-0.01644452621993
-0.01607073706940
-0.01569361184812
-0.01531319303862
-0.01492952370597
-0.01454264749347
-0.01415260861824
-0.01375945186671
-0.01336322259005
-0.01296396669944
-0.01256173066135
-0.01215656149263
-0.01174850675554
-0.01133761455276
-0.01092393352219
-0.01050751283176
-0.01008840217409
-0.00966665176113
-0.00924231231859
-0.00881543508044
-0.00838607178319
-0.00795427466019
-0.00752009643574
-0.00708359031919
-0.00664480999894
-0.00620380963636
-0.00576064385959
-0.00531536775729
-0.00486803687234
-0.00441870719536
-0.00396743515827
-0.00351427762767
-0.00305929189822
-0.00260253568587
-0.00214406712106
-0.00168394474184
-0.00122222748689
-0.00075897468849
-0.00029424606540
0.00017189828435
0.00063939789067
0.00110819191881
0.00157821917673
0.00204941812257
0.00252172687221
0.00299508320689
0.00346942458090
0.00394468812928
0.00442081067571
0.00489772874034
0.00537537854776
0.00585369603498
0.00633261685956
0.00681207640766
0.00729200980232
0.00777235191166
0.00825303735720
0.00873400052224
0.00921517556028
0.00969649640353
0.01017789677137
0.01065931017904
0.01114066994621
0.01162190920569
0.01210296091220
0.01258375785114
0.01306423264743
0.01354431777440
0.01402394556275
0.01450304820949
0.01498155778699
0.01545940625205
0.01593652545497
0.01641284714875
0.01688830299823
0.01736282458935
0.01783634343838
0.01830879100124
0.01878009868284
0.01925019784641
0.01971901982293
0.02018649592053
0.02065255743397
0.02111713565411
0.02158016187745
0.02204156741561
0.02250128360497
0.02295924181618
0.02341537346384
0.02386961001606
0.02432188300418
0.02477212403235
0.02522026478732
0.02566623704804
0.02610997269544
0.02655140372212
0.02699046224211
0.02742708050062
0.02786119088376
0.02829272592837
0.02872161833173
0.02914780096139
0.02957120686492
0.02999176927967
0.03040942164264
0.03082409760015
0.03123573101773
0.03164425598982
0.03204960684959
0.03245171817871
0.03285052481706
0.03324596187257
0.03363796473088
0.03402646906514
0.03441141084567
0.03479272634973
0.03517035217115
0.03554422523006
0.03591428278250
0.03628046243008
0.03664270212961
0.03700094020264
0.03735511534510
0.03770516663680
0.03805103355096
0.03839265596369
0.03872997416348
0.03906292886061
0.03939146119655
0.03971551275331
0.04003502556282
0.04034994211618
0.04066020537293
0.04096575877028
0.04126654623226
0.04156251217889
0.04185360153526
0.04213975974057
0.04242093275715
0.04269706707941
0.04296810974273
0.04323400833235
0.04349471099216
0.04375016643345
0.04400032394363
0.04424513339485
0.04448454525260
0.04471851058425
0.04494698106751
0.04516990899885
0.04538724730184
0.04559894953543
0.04580496990221
0.04600526325651
0.04619978511252
0.04638849165233
0.04657133973382
0.04674828689862
0.04691929137984
0.04708431210984
0.04724330872791
0.04739624158780
0.04754307176529
0.04768376106555
0.04781827203053
0.04794656794622
0.04806861284983
0.04818437153689
0.04829380956826
0.04839689327708
0.04849358977559
0.04858386696190
0.04866769352665
0.04874503895958
0.04881587355603
0.04888016842331
0.04893789548703
0.04898902749725
0.04903353803464
0.04907140151644
0.04910259320243
0.04912708920066
0.04914486647324
0.04915590284190
0.04916017699351
0.04915766848550
0.04914835775111
0.04913222610464
0.04910925574650
0.04907942976819
0.04904273215721
0.04899914780174
0.04894866249537
0.04889126294161
0.04882693675829
0.04875567248190
0.04867745957180
0.04859228841426
0.04850015032649
0.04840103756042
0.04829494330649
0.04818186169724
0.04806178781080
0.04793471767430
0.04780064826706
0.04765957752381
0.04751150433763
0.04735642856285
0.04719435101786
0.04702527348769
0.04684919872657
0.04666613046028
0.04647607338845
0.04627903318667
0.04607501650850
0.04586403098736
0.04564608523826
0.04542118885945
0.04518935243388
0.04495058753057
0.04470490670584
0.04445232350441
0.04419285246034
0.04392650909791
0.04365330993226
0.04337327246998
0.04308641520956
0.04279275764164
0.04249232024922
0.04218512450764
0.04187119288449
0.04155054883937
0.04122321682349
0.04088922227918
0.04054859163917
0.04020135232588
0.03984753275041
0.03948716231153
0.03912027139442
0.03874689136938
0.03836705459029
0.03798079439304
0.03758814509373
0.03718914198676
0.03678382134284
0.03637222040679
0.03595437739517
0.03553033149393
0.03510012285570
0.03466379259713
0.03422138279601
0.03377293648820
0.03331849766455
0.03285811126756
0.03239182318796
0.03191968026114
0.03144173026347
0.03095802190839
0.03046860484249
0.02997352964134
0.02947284780525
0.02896661175485
0.02845487482657
0.02793769126798
0.02741511623291
0.02688720577659
0.02635401685048
0.02581560729711
0.02527203584469
0.02472336210161
0.02416964655083
0.02361095054411
0.02304733629610
0.02247886687832
0.02190560621297
0.02132761906668
0.02074497104402
0.02015772858097
0.01956595893822
0.01896973019434
0.01836911123881
0.01776417176498
0.01715498226279
0.01654161401146
0.01592413907205
0.01530263027978
0.01467716123639
0.01404780630224
0.01341464058833
0.01277773994823
0.01213718096985
0.01149304096706
0.01084539797127
0.01019433072280
0.00953991866220
0.00888224192138
0.00822138131474
0.00755741833000
0.00689043511911
0.00622051448891
0.00554773989170
0.00487219541576
0.00419396577569
0.00351313630263
0.00282979293445
0.00214402220573
0.00145591123772
0.00076554772813
0.00007301994083
-0.00062158330454
-0.00131817264307
-0.00201665817519
-0.00271694947740
-0.00341895561306
-0.00412258514328
-0.00482774613800
-0.00553434618700
-0.00624229241119
-0.00695149147386
-0.00766184959206
-0.00837327254812
-0.00908566570122
-0.00979893399900
-0.01051298198939
-0.01122771383237
-0.01194303331196
-0.01265884384820
-0.01337504850922
-0.01409155002344
-0.01480825079182
-0.01552505290019
-0.01624185813164
-0.01695856797900
-0.01767508365745
-0.01839130611708
-0.01910713605563
-0.01982247393126
-0.02053721997536
-0.02125127420549
-0.02196453643834
-0.02267690630274
-0.02338828325278
-0.02409856658096
-0.02480765543138
-0.02551544881306
-0.02622184561322
-0.02692674461066
-0.02763004448923
-0.02833164385128
-0.02903144123118
-0.02972933510894
-0.03042522392380
-0.03111900608788
-0.03181057999994
-0.03249984405909
-0.03318669667857
-0.03387103629960
-0.03455276140522
-0.03523177053419
-0.03590796229490
-0.03658123537933
-0.03725148857704
-0.03791862078914
-0.03858253104236
-0.03924311850308
-0.03990028249141
-0.04055392249526
-0.04120393818449
-0.04185022942498
-0.04249269629280
-0.04313123908836
-0.04376575835056
-0.04439615487091
-0.04502232970778
-0.04564418420051
-0.04626161998361
-0.04687453900094
-0.04748284351985
-0.04808643614540
-0.04868521983447
-0.04927909790997
-0.04986797407493
-0.05045175242668
-0.05103033747095
-0.05160363413598
-0.05217154778661
-0.05273398423834
-0.05329084977140
-0.05384205114474
-0.05438749561008
-0.05492709092583
-0.05546074537109
-0.05598836775950
-0.05650986745317
-0.05702515437653
-0.05753413903009
-0.05803673250427
-0.05853284649308
-0.05902239330785
-0.05950528589085
-0.05998143782890
-0.06045076336689
-0.06091317742134
-0.06136859559378
-0.06181693418417
-0.06225811020428
-0.06269204139087
-0.06311864621903
-0.06353784391524
-0.06394955447049
-0.06435369865336
-0.06475019802291
-0.06513897494161
-0.06551995258815
-0.06589305497020
-0.06625820693705
-0.06661533419227
-0.06696436330613
-0.06730522172812
-0.06763783779928
-0.06796214076444
-0.06827806078444
-0.06858552894820
-0.06888447728473
-0.06917483877506
-0.06945654736403
-0.06972953797203
-0.06999374650663
-0.07024910987409
-0.07049556599083
-0.07073305379467
-0.07096151325615
-0.07118088538957
-0.07139111226401
-0.07159213701426
-0.07178390385156
-0.07196635807431
-0.07213944607857
-0.07230311536858
-0.07245731456702
-0.07260199342521
-0.07273710283323
-0.07286259482986
-0.07297842261239
-0.07308454054635
-0.07318090417509
-0.07326747022920
-0.07334419663585
-0.07341104252796
-0.07346796825328
-0.07351493538324
-0.07355190672179
-0.07357884631399
-0.07359571945453
-0.07360249269609
-0.07359913385751
-0.07358561203189
-0.07356189759450
-0.07352796221055
-0.07348377884280
-0.07342932175905
-0.07336456653943
-0.07328949008359
-0.07320407061770
-0.07310828770128
-0.07300212223396
-0.07288555646192
-0.07275857398437
-0.07262115975969
-0.07247330011150
-0.07231498273458
-0.07214619670055
-0.07196693246345
-0.07177718186514
-0.07157693814050
-0.07136619592249
-0.07114495124703
-0.07091320155771
-0.07067094571033
-0.07041818397724
-0.07015491805156
-0.06988115105118
-0.06959688752256
-0.06930213344445
-0.06899689623129
-0.06868118473657
-0.06835500925591
-0.06801838153002
-0.06767131474741
-0.06731382354701
-0.06694592402050
-0.06656763371455
-0.06617897163282
-0.06577995823776
-0.06537061545229
-0.06495096666122
-0.06452103671254
-0.06408085191844
-0.06363044005625
-0.06316983036911
-0.06269905356644
-0.06221814182430
-0.06172712878545
-0.06122604955935
-0.06071494072178
-0.06019384031448
-0.05966278784442
-0.05912182428300
-0.05857099206494
-0.05801033508710
-0.05743989870697
-0.05685972974111
-0.05626987646324
-0.05567038860227
-0.05506131734002
-0.05444271530886
-0.05381463658901
-0.05317713670577
-0.05253027262651
-0.05187410275741
-0.05120868694007
-0.05053408644789
-0.04985036398229
-0.04915758366864
-0.04845581105211
-0.04774511309321
-0.04702555816326
-0.04629721603949
-0.04556015790013
-0.04481445631915
-0.04406018526090
-0.04329742007447
-0.04252623748797
-0.04174671560247
-0.04095893388585
-0.04016297316641
-0.03935891562630
-0.03854684479472
-0.03772684554098
-0.03689900406730
-0.03606340790149
-0.03522014588936
-0.03436930818698
-0.03351098625275
-0.03264527283923
-0.03177226198487
-0.03089204900542
-0.03000473048528
-0.02911040426855
-0.02820916944996
-0.02730112636561
-0.02638637658344
-0.02546502289364
-0.02453716929874
-0.02360292100364
-0.02266238440534
-0.02171566708258
-0.02076287778522
-0.01980412642349
-0.01883952405702
-0.01786918288374
-0.01689321622855
-0.01591173853180
-0.01492486533767
-0.01393271328229
-0.01293540008171
-0.01193304451975
-0.01092576643556
-0.00991368671111
-0.00889692725848
-0.00787561100696
-0.00684986188999
-0.00581980483194
-0.00478556573470
-0.00374727146417
-0.00270504983648
-0.00165902960414
-0.00060934044198
0.00044388706704
0.00150052144621
0.00256043033961
0.00362348052674
0.00468953793740
0.00575846766667
0.00683013399000
0.00790440037857
0.00898112951467
0.01006018330730
0.01114142290793
0.01222470872630
0.01330990044650
0.01439685704309
0.01548543679742
0.01657549731400
0.01766689553714
0.01875948776759
0.01985312967939
0.02094767633684
0.02204298221157
0.02313890119973
0.02423528663939
0.02533199132794
0.02642886753969
0.02752576704356
0.02862254112094
0.02971904058353
0.03081511579147
0.03191061667143
0.03300539273491
0.03409929309658
0.03519216649278
0.03628386130006
0.03737422555389
0.03846310696739
0.03955035295024
0.04063581062763
0.04171932685929
0.04280074825868
0.04387992121218
0.04495669189841
0.04603090630768
0.04710241026138
0.04817104943165
0.04923666936090
0.05029911548161
0.05135823313608
0.05241386759625
0.05346586408366
0.05451406778941
0.05555832389421
0.05659847758848
0.05763437409253
0.05866585867674
0.05969277668185
0.06071497353930
0.06173229479156
0.06274458611256
0.06375169332816
0.06475346243663
0.06574973962917
0.06674037131051
0.06772520411951
0.06870408494978
0.06967686097034
0.07064337964631
0.07160348875964
0.07255703642982
0.07350387113463
0.07444384173092
0.07537679747536
0.07630258804524
0.07722106355930
0.07813207459846
0.07903547222669
0.07993110801174
0.08081883404603
0.08169850296737
0.08256996797976
0.08343308287420
0.08428770204942
0.08513368053262
0.08597087400024
0.08679913879861
0.08761833196468
0.08842831124665
0.08922893512461
0.09002006283113
0.09080155437182
0.09157327054586
0.09233507296648
0.09308682408139
0.09382838719322
0.09455962647980
0.09528040701453
0.09599059478659
0.09669005672112
0.09737866069939
0.09805627557883
0.09872277121308
0.09937801847188
0.10002188926099
0.10065425654198
0.10127499435194
0.10188397782314
0.10248108320261
0.10306618787162
0.10363917036507
0.10419991039085
0.10474828884902
0.10528418785097
0.10580749073846
0.10631808210253
0.10681584780240
0.10730067498417
0.10777245209943
0.10823106892386
0.10867641657556
0.10910838753341
0.10952687565523
0.10993177619586
0.11032298582509
0.11070040264551
0.11106392621017
0.11141345754019
0.11174889914218
0.11207015502553
0.11237713071962
0.11266973329081
0.11294787135934
0.11321145511611
0.11346039633926
0.11369460841059
0.11391400633195
0.11411850674130
0.11430802792877
0.11448248985247
0.11464181415418
0.11478592417488
0.11491474497006
0.11502820332498
0.11512622776961
0.11520874859354
0.11527569786060
0.11532700942343
0.11536261893772
0.11538246387641
0.11538648354362
0.11537461908844
0.11534681351849
0.11530301171337
0.11524316043783
0.11516720835477
0.11507510603813
0.11496680598544
0.11484226263029
0.11470143235455
0.11454427350036
0.11437074638200
0.11418081329746
0.11397443853986
0.11375158840864
0.11351223122052
0.11325633732029
0.11298387909137
0.11269483096608
0.11238916943584
0.11206687306097
0.11172792248042
0.11137230042119
0.11099999170754
0.11061098326998
0.11020526415405
0.10978282552880
0.10934366069513
0.10888776509380
0.10841513631331
0.10792577409743
0.10741968035256
0.10689685915488
0.10635731675712
0.10580106159528
0.10522810429492
0.10463845767735
0.10403213676546
0.10340915878939
0.10276954319189
0.10211331163346
0.10144048799722
0.10075109839353
0.10004517116436
0.09932273688743
0.09858382838002
0.09782848070259
0.09705673116213
0.09626861931520
0.09546418697080
0.09464347819287
0.09380653930262
0.09295341888052
0.09208416776811
0.09119883906945
0.09029748815237
0.08938017264945
0.08844695245867
0.08749788974388
0.08653304893493
0.08555249672756
0.08455630208303
0.08354453622742
0.08251727265079
0.08147458710588
0.08041655760669
0.07934326442673
0.07825479009702
0.07715121940372
0.07603263938566
0.07489913933142
0.07375081077627
0.07258774749873
0.07141004551691
0.07021780308459
0.06901112068699
0.06779010103626
0.06655484906669
0.06530547192973
0.06404207898858
0.06276478181266
0.06147369417167
0.06016893202949
0.05885061353772
0.05751885902897
0.05617379100991
0.05481553415398
0.05344421529388
0.05205996341374
0.05066290964108
0.04925318723839
0.04783093159458
0.04639628021599
0.04494937271730
0.04349035081200
0.04201935830274
0.04053654107130
0.03904204706830
0.03753602630275
0.03601863083114
0.03449001474648
0.03295033416684
0.03139974722386
0.02983841405077
0.02826649677034
0.02668415948238
0.02509156825117
0.02348889109244
0.02187629796023
0.02025396073340
0.01862205320194
0.01698075105295
0.01533023185646
0.01367067505090
0.01200226192834
0.01032517561954
0.00863960107864
0.00694572506766
0.00524373614079
0.00353382462829
0.00181618262032
0.00009100395038
-0.00164151582143
-0.00338117942538
-0.00512778789940
-0.00688114060651
-0.00864103525254
-0.01040726790414
-0.01217963300691
-0.01395792340388
-0.01574193035412
-0.01753144355168
-0.01932625114470
-0.02112613975473
-0.02293089449636
-0.02474029899697
-0.02655413541681
-0.02837218446918
-0.03019422544095
-0.03202003621322
-0.03384939328221
-0.03568207178035
-0.03751784549768
-0.03935648690326
-0.04119776716702
-0.04304145618161
-0.04488732258460
-0.04673513378080
-0.04858465596481
-0.05043565414374
-0.05228789216016
-0.05414113271523
-0.05599513739199
-0.05784966667884
-0.05970447999329
-0.06155933570576
-0.06341399116367
-0.06526820271562
-0.06712172573582
-0.06897431464866
-0.07082572295342
-0.07267570324921
-0.07452400726000
-0.07637038585993
-0.07821458909860
-0.08005636622671
-0.08189546572171
-0.08373163531368
-0.08556462201134
-0.08739417212817
-0.08922003130874
-0.09104194455513
-0.09285965625350
-0.09467291020081
-0.09648144963166
-0.09828501724525
-0.10008335523247
-0.10187620530317
-0.10366330871342
-0.10544440629305
-0.10721923847319
-0.10898754531394
-0.11074906653219
-0.11250354152953
-0.11425070942022
-0.11599030905933
-0.11772207907092
-0.11944575787635
-0.12116108372265
-0.12286779471102
-0.12456562882537
-0.12625432396095
-0.12793361795309
-0.12960324860601
-0.13126295372164
-0.13291247112857
-0.13455153871109
-0.13617989443820
-0.13779727639275
-0.13940342280064
-0.14099807206002
-0.14258096277060
-0.14415183376294
-0.14571042412785
-0.14725647324578
-0.14878972081630
-0.15030990688752
-0.15181677188565
-0.15331005664451
-0.15478950243510
-0.15625485099514
-0.15770584455874
-0.15914222588592
-0.16056373829229
-0.16197012567863
-0.16336113256055
-0.16473650409809
-0.16609598612533
-0.16743932518006
-0.16876626853330
-0.17007656421898
-0.17136996106342
-0.17264620871494
-0.17390505767337
-0.17514625931954
-0.17636956594477
-0.17757473078026
-0.17876150802652
-0.17992965288270
-0.18107892157594
-0.18220907139056
-0.18331986069731
-0.18441104898253
-0.18548239687723
-0.18653366618611
-0.18756461991653
-0.18857502230745
-0.18956463885817
-0.19053323635717
-0.19148058291072
-0.19240644797149
-0.19331060236704
-0.19419281832825
-0.19505286951763
-0.19589053105755
-0.19670557955834
-0.19749779314634
-0.19826695149182
-0.19901283583675
-0.19973522902252
-0.20043391551753
-0.20110868144459
-0.20175931460833
-0.20238560452235
-0.20298734243634
-0.20356432136297
-0.20411633610478
-0.20464318328078
-0.20514466135301
-0.20562057065291
-0.20607071340758
-0.20649489376581
-0.20689291782407
-0.20726459365223
-0.20760973131916
-0.20792814291820
-0.20821964259244
-0.20848404655977
-0.20872117313785
-0.20893084276883
-0.20911287804395
-0.20926710372788
-0.20939334678296
-0.20949143639319
-0.20956120398803
-0.20960248326603
-0.20961511021827
-0.20959892315153
-0.20955376271135
-0.20947947190481
-0.20937589612313
-0.20924288316405
-0.20908028325399
-0.20888794907003
-0.20866573576156
-0.20841350097187
-0.20813110485932
-0.20781841011849
-0.20747528200088
-0.20710158833558
-0.20669719954952
-0.20626198868761
-0.20579583143258
-0.20529860612456
-0.20477019378046
-0.20421047811307
-0.20361934554986
-0.20299668525164
-0.20234238913084
-0.20165635186960
-0.20093847093754
-0.20018864660938
-0.19940678198210
-0.19859278299203
-0.19774655843152
-0.19686801996543
-0.19595708214724
-0.19501366243502
-0.19403768120696
-0.19302906177675
-0.19198773040858
-0.19091361633191
-0.18980665175590
-0.18866677188360
-0.18749391492582
-0.18628802211466
-0.18504903771681
-0.18377690904652
-0.18247158647828
-0.18113302345913
-0.17976117652077
-0.17835600529130
-0.17691747250660
-0.17544554402153
-0.17394018882069
-0.17240137902895
-0.17082908992158
-0.16922329993416
-0.16758399067210
-0.16591114691983
-0.16420475664974
-0.16246481103072
-0.16069130443641
-0.15888423445312
-0.15704360188741
-0.15516941077335
-0.15326166837944
-0.15132038521522
-0.14934557503750
-0.14733725485630
-0.14529544494044
-0.14322016882279
-0.14111145330516
-0.13896932846290
-0.13679382764910
-0.13458498749854
-0.13234284793114
-0.13006745215526
-0.12775884667050
-0.12541708127026
-0.12304220904386
-0.12063428637839
-0.11819337296021
-0.11571953177604
-0.11321282911376
-0.11067333456282
-0.10810112101438
-0.10549626466097
-0.10285884499592
-0.10018894481239
-0.09748665020203
-0.09475205055331
-0.09198523854954
-0.08918631016643
-0.08635536466942
-0.08349250461059
-0.08059783582520
-0.07767146742794
-0.07471351180879
-0.07172408462851
-0.06870330481383
-0.06565129455224
-0.06256817928644
-0.05945408770846
-0.05630915175339
-0.05313350659281
-0.04992729062780
-0.04669064548166
-0.04342371599226
-0.04012665020402
-0.03679959935956
-0.03344271789099
-0.03005616341089
-0.02664009670286
-0.02319468171180
-0.01972008553381
-0.01621647840574
-0.01268403369441
-0.00912292788547
-0.00553334057194
-0.00191545444234
0.00173054473142
0.00540446810656
0.00910612378230
0.01283531681303
0.01659184922182
0.02037552001429
0.02418612519285
0.02802345777115
0.03188730778904
0.03577746232771
0.03969370552522
0.04363581859241
0.04760357982906
0.05159676464040
0.05561514555397
0.05965849223681
0.06372657151292
0.06781914738107
0.07193598103298
0.07607683087172
0.08024145253053
0.08442959889187
0.08864102010684
0.09287546361485
0.09713267416371
0.10141239382989
0.10571436203921
0.11003831558774
0.11438398866303
0.11875111286571
0.12313941723127
0.12754862825224
0.13197846990058
0.13642866365042
0.14089892850109
0.14538898100037
0.14989853526815
0.15442730302021
0.15897499359243
0.16354131396521
0.16812596878814
0.17272866040502
0.17734908887907
0.18198695201847
0.18664194540215
0.19131376240581
0.19600209422826
0.20070662991795
0.20542705639984
0.21016305850245
0.21491431898516
0.21968051856585
0.22446133594868
0.22925644785215
0.23406552903742
0.23888825233685
0.24372428868275
0.24857330713642
0.25343497491737
0.25830895743275
0.26319491830709
0.26809251941214
0.27300142089703
0.27792128121857
0.28285175717180
0.28779250392076
0.29274317502940
0.29770342249275
0.30267289676828
0.30765124680744
0.31263812008735
0.31763316264281
0.32263601909831
0.32764633270039
0.33266374535006
0.33768789763548
0.34271842886473
0.34775497709881
0.35279717918480
0.35784467078911
0.36289708643103
0.36795405951624
0.37301522237066
0.37808020627432
0.38314864149545
0.38822015732463
0.39329438210916
0.39837094328750
0.40344946742391
0.40852958024310
0.41361090666513
0.41869307084036
0.42377569618449
0.42885840541377
0.43394082058032
0.43902256310747
0.44410325382529
0.44918251300618
0.45425996040054
0.45933521527254
0.46440789643602
0.46947762229035
0.47454401085651
0.47960667981314
0.48466524653274
0.48971932811782
0.49476854143726
0.49981250316260
0.50485082980445
0.50988313774896
0.51490904329425
0.51992816268702
0.52494011215907
0.52994450796392
0.53494096641345
0.53992910391457
0.54490853700587
0.54987888239439
0.55483975699229
0.55979077795357
0.56473156271087
0.56966172901213
0.57458089495742
0.57948867903558
0.58438470016102
0.58926857771039
0.59413993155930
0.59899838211899
0.60384355037296
0.60867505791362
0.61349252697888
0.61829558048868
0.62308384208151
0.62785693615090
0.63261448788181
0.63735612328702
0.64208146924342
0.64679015352828
0.65148180485544
0.65615605291141
0.66081252839141
0.66545086303539
0.67007068966387
0.67467164221377
0.67925335577413
0.68381546662172
0.68835761225662
0.69287943143760
0.69738056421748
0.70186065197835
0.70631933746669
0.71075626482836
0.71517107964348
0.71956342896119
0.72393296133431
0.72827932685378
0.73260217718311
0.73690116559253
0.74117594699316
0.74542617797090
0.74965151682024
0.75385162357793
0.75802616005646
0.76217478987737
0.76629717850445
0.77039299327671
0.77446190344123
0.77850358018582
0.78251769667149
0.78650392806477
0.79046195156977
0.79439144646017
0.79829209411091
0.80216357802976
0.80600558388863
0.80981779955474
0.81359991512153
0.81735162293939
0.82107261764616
0.82476259619747
0.82842125789676
0.83204830442517
0.83564343987119
0.83920637075998
0.84273680608264
0.84623445732508
0.84969903849673
0.85313026615899
0.85652785945346
0.85989154012988
0.86322103257386
0.86651606383430
0.86977636365063
0.87300166447974
0.87619170152265
0.87934621275091
0.88246493893276
0.88554762365901
0.88859401336860
0.89160385737396
0.89457690788602
0.89751292003897
0.90041165191474
0.90327286456719
0.90609632204597
0.90888179142014
0.91162904280148
0.91433784936745
0.91700798738394
0.91963923622764
0.92223137840814
0.92478419958969
0.92729748861272
0.92977103751492
0.93220464155217
0.93459809921898
0.93695121226876
0.93926378573365
0.94153562794409
0.94376655054806
0.94595636852997
0.94810490022921
0.95021196735842
0.95227739502133
0.95430101173039
0.95628264942394
0.95822214348310
0.96011933274833
0.96197405953557
0.96378616965216
0.96555551241226
0.96728194065205
0.96896531074449
0.97060548261377
0.97220231974943
0.97375568922001
0.97526546168651
0.97673151141534
0.97815371629098
0.97953195782828
0.98086612118437
0.98215609517025
0.98340177226191
0.98460304861124
0.98575982405641
0.98687200213200
0.98793949007870
0.98896219885263
0.98994004313433
0.99087294133736
0.99176081561650
0.99260359187557
0.99340119977494
0.99415357273859
0.99486064796080
0.99552236641253
0.99613867284731
0.99670951580682
0.99723484762611
0.99771462443836
0.99814880617932
0.99853735659134
0.99888024322704
0.99917743745255
0.99942891445042
0.99963465322210
0.99979463659008
0.99990885119960
0.99997728752001
0.99999993984572
0.99997680629676
0.99990788881900
0.99979319318394
0.99963272898811
0.99942650965212
0.99917455241930
0.99887687835397
0.99853351233929
0.99814448307479
0.99770982307343
0.99722956865836
0.99670375995923
0.99613244090818
0.99551565923535
0.99485346646413
0.99414591790595
0.99339307265468
0.99259499358070
0.99175174732455
0.99086340429022
0.98993003863805
0.98895172827729
0.98792855485819
0.98686060376382
0.98574796410145
0.98459072869361
0.98338899406867
0.98214286045119
0.98085243175180
0.97951781555671
0.97813912311694
0.97671646933705
0.97524997276364
0.97373975557336
0.97218594356068
0.97058866612517
0.96894805625850
0.96726425053109
0.96553738907834
0.96376761558656
0.96195507727849
0.96009992489854
0.95820231269760
0.95626239841756
0.95428034327544
0.95225631194720
0.95019047255119
0.94808299663128
0.94593405913961
0.94374383841902
0.94151251618518
0.93924027750829
0.93692731079458
0.93457380776732
0.93217996344768
0.92974597613507
0.92727204738735
0.92475838200052
0.92220518798830
0.91961267656119
0.91698106210534
0.91431056216110
0.91160139740118
0.90885379160860
0.90606797165426
0.90324416747422
0.90038261204673
0.89748354136891
0.89454719443311
0.89157381320307
0.88856364258968
0.88551693042655
0.88243392744521
0.87931488725009
0.87616006629318
0.87296972384843
0.86974412198588
0.86648352554551
0.86318820211084
0.85985842198220
0.85649445814983
0.85309658626666
0.84966508462084
0.84620023410804
0.84270231820348
0.83917162293368
0.83560843684807
0.83201305099022
0.82838575886895
0.82472685642914
0.82103664202231
0.81731541637701
0.81356348256893
0.80978114599086
0.80596871432235
0.80212649749922
0.79825480768281
0.79435395922907
0.79042426865740
0.78646605461928
0.78247963786679
0.77846534122084
0.77442348953920
0.77035440968446
0.76625843049166
0.76213588273588
0.75798709909948
0.75381241413937
0.74961216425393
0.74538668764988
0.74113632430894
0.73686141595431
0.73256230601706
0.72823933960231
0.72389286345527
0.71952322592718
0.71513077694104
0.71071586795724
0.70627885193909
0.70182008331816
0.69733991795952
0.69283871312685
0.68831682744746
0.68377462087716
0.67921245466504
0.67463069131815
0.67002969456603
0.66540982932520
0.66077146166354
0.65611495876454
0.65144068889153
0.64674902135175
0.64204032646039
0.63731497550457
0.63257334070717
0.62781579519068
0.62304271294097
0.61825446877090
0.61345143828403
0.60863399783819
0.60380252450895
0.59895739605319
0.59409899087250
0.58922768797659
0.58434386694671
0.57944790789894
0.57454019144755
0.56962109866834
0.56469101106183
0.55975031051665
0.55479937927272
0.54983859988456
0.54486835518453
0.53988902824610
0.53490100234713
0.52990466093313
0.52490038758059
0.51988856596027
0.51486957980054
0.50984381285076
0.50481164884467
0.49977347146381
0.49472966430101
0.48968061082388
0.48462669433840
0.47956829795246
0.47450580453963
0.46943959670276
0.46437005673786
0.45929756659788
0.45422250785666
0.44914526167293
0.44406620875434
0.43898572932162
0.43390420307284
0.42882200914770
0.42373952609195
0.41865713182191
0.41357520358907
0.40849411794479
0.40341425070514
0.39833597691583
0.39325967081725
0.38818570580961
0.38311445441827
0.37804628825911
0.37298157800409
0.36792069334692
0.36286400296887
0.35781187450471
0.35276467450883
0.34772276842142
0.34268652053494
0.33765629396060
0.33263245059508
0.32761535108742
0.32260535480599
0.31760281980575
0.31260810279556
0.30762155910578
0.30264354265592
0.29767440592259
0.29271449990756
0.28776417410605
0.28282377647519
0.27789365340265
0.27297414967555
0.26806560844945
0.26316837121768
0.25828277778075
0.25340916621605
0.24854787284774
0.24369923221688
0.23886357705169
0.23404123823819
0.22923254479089
0.22443782382385
0.21965740052187
0.21489159811201
0.21014073783523
0.20540513891839
0.20068511854640
0.19598099183469
0.19129307180183
0.18662166934254
0.18196709320078
0.17732964994330
0.17270964393323
0.16810737730413
0.16352314993416
0.15895725942058
0.15441000105453
0.14988166779605
0.14537255024937
0.14088293663851
0.13641311278315
0.13196336207474
0.12753396545294
0.12312520138232
0.11873734582940
0.11437067223986
0.11002545151619
0.10570195199551
0.10140043942780
0.09712117695429
0.09286442508631
0.08863044168427
0.08441948193714
0.08023179834203
0.07606764068424
0.07192725601755
0.06781088864480
0.06371878009886
0.05965116912381
0.05560829165657
0.05159038080870
0.04759766684864
0.04363037718421
0.03968873634545
0.03577296596780
0.03188328477554
0.02801990856567
0.02418305019202
0.02037291954974
0.01658972356009
0.01283366615560
0.00910494826555
0.00540376780174
0.00173031964469
-0.00191520436990
-0.00553261546433
-0.00912172793175
-0.01268235914861
-0.01621432958688
-0.01971746282579
-0.02319158556337
-0.02663652762753
-0.03005212198685
-0.03343820476100
-0.03679461523088
-0.04012119584829
-0.04341779224536
-0.04668425324362
-0.04992043086263
-0.05312618032837
-0.05630136008124
-0.05944583178369
-0.06255946032749
-0.06564211384074
-0.06869366369440
-0.07171398450854
-0.07470295415829
-0.07766045377926
-0.08058636777286
-0.08348058381101
-0.08634299284071
-0.08917348908810
-0.09197197006229
-0.09473833655874
-0.09747249266235
-0.10017434575018
-0.10284380649379
-0.10548078886128
-0.10808521011896
-0.11065699083263
-0.11319605486854
-0.11570232939404
-0.11817574487779
-0.12061623508970
-0.12302373710048
-0.12539819128086
-0.12773954130043
-0.13004773412618
-0.13232272002066
-0.13456445253979
-0.13677288853036
-0.13894798812715
-0.14108971474970
-0.14319803509881
-0.14527291915258
-0.14731434016219
-0.14932227464735
-0.15129670239135
-0.15323760643582
-0.15514497307512
-0.15701879185043
-0.15885905554348
-0.16066576016992
-0.16243890497244
-0.16417849241347
-0.16588452816761
-0.16755702111366
-0.16919598332645
-0.17080143006819
-0.17237337977962
-0.17391185407074
-0.17541687771133
-0.17688847862100
-0.17832668785909
-0.17973153961411
-0.18110307119295
-0.18244132300975
-0.18374633857445
-0.18501816448104
-0.18625685039549
-0.18746244904342
-0.18863501619737
-0.18977461066388
-0.19088129427017
-0.19195513185061
-0.19299619123281
-0.19400454322346
-0.19498026159388
-0.19592342306527
-0.19683410729366
-0.19771239685457
-0.19855837722744
-0.19937213677970
-0.20015376675060
-0.20090336123475
-0.20162101716544
-0.20230683429757
-0.20296091519042
-0.20358336519009
-0.20417429241170
-0.20473380772133
-0.20526202471764
-0.20575905971334
-0.20622503171628
-0.20666006241041
-0.20706427613637
-0.20743779987188
-0.20778076321197
-0.20809329834878
-0.20837554005130
-0.20862762564477
-0.20884969498986
-0.20904189046164
-0.20920435692832
-0.20933724172972
-0.20944069465556
-0.20951486792351
-0.20955991615704
-0.20957599636300
-0.20956326790906
-0.20952189250088
-0.20945203415911
-0.20935385919618
-0.20922753619284
-0.20907323597457
-0.20889113158778
-0.20868139827576
-0.20844421345451
-0.20817975668837
-0.20788820966539
-0.20756975617265
-0.20722458207132
-0.20685287527152
-0.20645482570708
-0.20603062531010
-0.20558046798533
-0.20510454958444
-0.20460306788003
-0.20407622253960
-0.20352421509933
-0.20294724893763
-0.20234552924869
-0.20171926301576
-0.20106865898435
-0.20039392763530
-0.19969528115769
-0.19897293342164
-0.19822709995096
-0.19745799789572
-0.19666584600466
-0.19585086459748
-0.19501327553709
-0.19415330220164
-0.19327116945651
-0.19236710362622
-0.19144133246619
-0.19049408513440
-0.18952559216302
-0.18853608542987
-0.18752579812987
-0.18649496474635
-0.18544382102232
-0.18437260393163
-0.18328155165008
-0.18217090352648
-0.18104090005357
-0.17989178283900
-0.17872379457611
-0.17753717901477
-0.17633218093213
-0.17510904610329
-0.17386802127193
-0.17260935412101
-0.17133329324322
-0.17004008811163
-0.16872998905013
-0.16740324720390
-0.16606011450993
-0.16470084366738
-0.16332568810805
-0.16193490196676
-0.16052874005171
-0.15910745781494
-0.15767131132265
-0.15622055722557
-0.15475545272940
-0.15327625556517
-0.15178322395960
-0.15027661660558
-0.14875669263256
-0.14722371157699
-0.14567793335282
-0.14411961822197
-0.14254902676488
-0.14096641985104
-0.13937205860963
-0.13776620440011
-0.13614911878293
-0.13452106349026
-0.13288230039673
-0.13123309149028
-0.12957369884306
-0.12790438458236
-0.12622541086158
-0.12453703983137
-0.12283953361071
-0.12113315425817
-0.11941816374315
-0.11769482391727
-0.11596339648585
-0.11422414297938
-0.11247732472518
-0.11072320281910
-0.10896203809732
-0.10719409110828
-0.10541962208463
-0.10363889091540
-0.10185215711814
-0.10005967981131
-0.09826171768666
-0.09645852898180
-0.09465037145286
-0.09283750234729
-0.09102017837676
-0.08919865569018
-0.08737318984690
-0.08554403578998
-0.08371144781963
-0.08187567956681
-0.08003698396691
-0.07819561323360
-0.07635181883287
-0.07450585145716
-0.07265796099966
-0.07080839652876
-0.06895740626272
-0.06710523754434
-0.06525213681601
-0.06339834959474
-0.06154412044744
-0.05968969296639
-0.05783530974481
-0.05598121235268
-0.05412764131266
-0.05227483607631
-0.05042303500031
-0.04857247532307
-0.04672339314136
-0.04487602338723
-0.04303059980507
-0.04118735492888
-0.03934652005978
-0.03750832524359
-0.03567299924877
-0.03384076954448
-0.03201186227881
-0.03018650225730
-0.02836491292162
-0.02654731632846
-0.02473393312864
-0.02292498254646
-0.02112068235924
-0.01932124887704
-0.01752689692272
-0.01573783981207
-0.01395428933430
-0.01217645573267
-0.01040454768538
-0.00863877228667
-0.00687933502821
-0.00512643978063
-0.00338028877537
-0.00164108258672
0.00009097988591
0.00181570143541
0.00353288656426
0.00524234150146
0.00694387421933
0.00863729444995
0.01032241370146
0.01199904527403
0.01366700427560
0.01532610763744
0.01697617412934
0.01861702437461
0.02024848086485
0.02187036797443
0.02348251197469
0.02508474104792
0.02667688530109
0.02825877677927
0.02983024947884
0.03139113936041
0.03294128436146
0.03448052440878
0.03600870143056
0.03752565936828
0.03903124418834
0.04052530389330
0.04200768853306
0.04347825021556
0.04493684311737
0.04638332349391
0.04781754968944
0.04923938214681
0.05064868341682
0.05204531816748
0.05342915319285
0.05480005742167
0.05615790192571
0.05750255992787
0.05883390680993
0.06015182012013
0.06145617958037
0.06274686709321
0.06402376674856
0.06528676483011
0.06653574982148
0.06777061241207
0.06899124550267
0.07019754421078
0.07138940587563
0.07256673006298
0.07372941856960
0.07487737542746
0.07601050690768
0.07712872152423
0.07823193003724
0.07932004545618
0.08039298304269
0.08145066031309
0.08249299704072
0.08351991525793
0.08453133925784
0.08552719559577
0.08650741309048
0.08747192282505
0.08842065814755
0.08935355467143
0.09027055027561
0.09117158510431
0.09205660156665
0.09292554433592
0.09377836034863
0.09461499880328
0.09543541115883
0.09623955113297
0.09702737470004
0.09779884008879
0.09855390777980
0.09929254050262
0.10001470323275
0.10072036318826
0.10140948982620
0.10208205483874
0.10273803214903
0.10337739790687
0.10400013048406
0.10460621046951
0.10519562066411
0.10576834607537
0.10632437391174
0.10686369357677
0.10738629666295
0.10789217694535
0.10838133037499
0.10885375507196
0.10930945131834
0.10974842155085
0.11017067035321
0.11057620444841
0.11096503269055
0.11133716605663
0.11169261763794
0.11203140263138
0.11235353833041
0.11265904411586
0.11294794144647
0.11322025384926
0.11347600690958
0.11371522826103
0.11393794757514
0.11414419655078
0.11433400890343
0.11450742035418
0.11466446861854
0.11480519339504
0.11492963635360
0.11503784112375
0.11512985328257
0.11520572034248
0.11526549173879
0.11530921881713
0.11533695482057
0.11534875487662
0.11534467598403
0.11532477699940
0.11528911862355
0.11523776338779
0.11517077563994
0.11508822153018
0.11499016899675
0.11487668775144
0.11474784926491
0.11460372675186
0.11444439515600
0.11426993113486
0.11408041304444
0.11387592092371
0.11365653647889
0.11342234306765
0.11317342568310
0.11290987093763
0.11263176704662
0.11233920381199
0.11203227260556
0.11171106635237
0.11137567951371
0.11102620807019
0.11066274950445
0.11028540278397
0.10989426834356
0.10948944806783
0.10907104527347
0.10863916469144
0.10819391244903
0.10773539605179
0.10726372436533
0.10677900759707
0.10628135727777
0.10577088624303
0.10524770861469
0.10471193978203
0.10416369638300
0.10360309628524
0.10303025856704
0.10244530349825
0.10184835252099
0.10123952823042
0.10061895435526
0.09998675573835
0.09934305831707
0.09868798910371
0.09802167616571
0.09734424860589
0.09665583654258
0.09595657108968
0.09524658433666
0.09452600932847
0.09379498004544
0.09305363138308
0.09230209913186
0.09154051995686
0.09076903137750
0.08998777174709
0.08919688023242
0.08839649679326
0.08758676216187
0.08676781782243
0.08593980599044
0.08510286959210
0.08425715224368
0.08340279823082
0.08253995248782
0.08166876057697
0.08078936866775
0.07990192351610
0.07900657244365
0.07810346331694
0.07719274452663
0.07627456496670
0.07534907401367
0.07441642150579
0.07347675772226
0.07253023336241
0.07157699952496
0.07061720768723
0.06965100968438
0.06867855768868
0.06770000418875
0.06671550196893
0.06572520408849
0.06472926386110
0.06372783483411
0.06272107076797
0.06170912561571
0.06069215350237
0.05967030870451
0.05864374562980
0.05761261879657
0.05657708281347
0.05553729235917
0.05449340216206
0.05344556698009
0.05239394158056
0.05133868072008
0.05027993912450
0.04921787146893
0.04815263235786
0.04708437630529
0.04601325771498
0.04493943086071
0.04386304986670
0.04278426868804
0.04170324109121
0.04062012063468
0.03953506064963
0.03844821422071
0.03735973416690
0.03626977302245
0.03517848301798
0.03408601606155
0.03299252371994
0.03189815719998
0.03080306732995
0.02970740454117
0.02861131884960
0.02751495983760
0.02641847663577
0.02532201790497
0.02422573181832
0.02312976604347
0.02203426772486
0.02093938346616
0.01984525931284
0.01875204073482
0.01765987260926
0.01656889920352
0.01547926415815
0.01439111047013
0.01330458047615
0.01221981583605
0.01113695751642
0.01005614577429
0.00897752014100
0.00790121940622
0.00682738160203
0.00575614398724
0.00468764303182
0.00362201440145
0.00255939294223
0.00149991266561
0.00044370673333
-0.00060909255733
-0.00165835378827
-0.00270394643506
-0.00374574088132
-0.00478360843289
-0.00581742133190
-0.00684705277061
-0.00787237690516
-0.00889326886910
-0.00990960478676
-0.01092126178653
-0.01192811801381
-0.01293005264398
-0.01392694589508
-0.01491867904031
-0.01590513442047
-0.01688619545606
-0.01786174665939
-0.01883167364635
-0.01979586314810
-0.02075420302256
-0.02170658226570
-0.02265289102268
-0.02359302059877
-0.02452686347016
-0.02545431329446
-0.02637526492118
-0.02728961440189
-0.02819725900025
-0.02909809720186
-0.02999202872391
-0.03087895452462
-0.03175877681256
-0.03263139905569
-0.03349672599027
-0.03435466362958
-0.03520511927242
-0.03604800151144
-0.03688322024124
-0.03771068666634
-0.03853031330893
-0.03934201401637
-0.04014570396860
-0.04094129968526
-0.04172871903267
-0.04250788123061
-0.04327870685886
-0.04404111786361
-0.04479503756362
-0.04554039065623
-0.04627710322309
-0.04700510273582
-0.04772431806133
-0.04843467946707
-0.04913611862601
-0.04982856862139
-0.05051196395140
-0.05118624053352
-0.05185133570875
-0.05250718824558
-0.05315373834386
-0.05379092763834
-0.05441869920213
-0.05503699754986
-0.05564576864075
-0.05624495988139
-0.05683452012837
-0.05741439969068
-0.05798455033198
-0.05854492527257
-0.05909547919126
-0.05963616822697
-0.06016694998021
-0.06068778351426
-0.06119862935629
-0.06169944949813
-0.06219020739699
-0.06267086797589
-0.06314139762392
-0.06360176419634
-0.06405193701443
-0.06449188686521
-0.06492158600091
-0.06534100813829
-0.06575012845775
-0.06614892360226
-0.06653737167607
-0.06691545224329
-0.06728314632625
-0.06764043640363
-0.06798730640849
-0.06832374172604
-0.06864972919126
-0.06896525708634
-0.06927031513793
-0.06956489451418
-0.06984898782162
-0.07012258910192
-0.07038569382832
-0.07063829890205
-0.07088040264845
-0.07111200481299
-0.07133310655704
-0.07154371045355
-0.07174382048248
-0.07193344202610
-0.07211258186411
-0.07228124816860
-0.07243945049879
-0.07258719979569
-0.07272450837648
-0.07285138992884
-0.07296785950504
-0.07307393351587
-0.07316962972446
-0.07325496723986
-0.07332996651053
-0.07339464931766
-0.07344903876826
-0.07349315928822
-0.07352703661507
-0.07355069779074
-0.07356417115403
-0.07356748633303
-0.07356067423732
-0.07354376705006
-0.07351679821993
-0.07347980245294
-0.07343281570405
-0.07337587516867
-0.07330901927404
-0.07323228767047
-0.07314572122241
-0.07304936199939
-0.07294325326686
-0.07282743947687
-0.07270196625863
-0.07256688040889
-0.07242222988232
-0.07226806378159
-0.07210443234748
-0.07193138694878
-0.07174898007205
-0.07155726531139
-0.07135629735792
-0.07114613198926
-0.07092682605885
-0.07069843748519
-0.07046102524092
-0.07021464934183
-0.06995937083576
-0.06969525179135
-0.06942235528674
-0.06914074539817
-0.06885048718841
-0.06855164669516
-0.06824429091932
-0.06792848781320
-0.06760430626857
-0.06727181610470
-0.06693108805623
-0.06658219376101
-0.06622520574786
-0.06586019742417
-0.06548724306348
-0.06510641779301
-0.06471779758103
-0.06432145922417
-0.06391748033475
-0.06350593932788
-0.06308691540864
-0.06266048855907
-0.06222673952520
-0.06178574980389
-0.06133760162975
-0.06088237796188
-0.06042016247061
-0.05995103952415
-0.05947509417523
-0.05899241214764
-0.05850307982273
-0.05800718422589
-0.05750481301292
-0.05699605445643
-0.05648099743213
-0.05595973140511
-0.05543234641607
-0.05489893306755
-0.05435958251003
-0.05381438642810
-0.05326343702652
-0.05270682701633
-0.05214464960082
-0.05157699846156
-0.05100396774442
-0.05042565204546
-0.04984214639690
-0.04925354625305
-0.04865994747618
-0.04806144632245
-0.04745813942771
-0.04685012379342
-0.04623749677249
-0.04562035605510
-0.04499879965455
-0.04437292589312
-0.04374283338784
-0.04310862103639
-0.04247038800288
-0.04182823370370
-0.04118225779341
-0.04053256015050
-0.03987924086334
-0.03922240021600
-0.03856213867415
-0.03789855687093
-0.03723175559293
-0.03656183576606
-0.03588889844155
-0.03521304478189
-0.03453437604687
-0.03385299357956
-0.03316899879243
-0.03248249315337
-0.03179357817186
-0.03110235538508
-0.03040892634410
-0.02971339260013
-0.02901585569075
-0.02831641712622
-0.02761517837582
-0.02691224085424
-0.02620770590799
-0.02550167480192
-0.02479424870568
-0.02408552868038
-0.02337561566514
-0.02266461046381
-0.02195261373171
-0.02123972596241
-0.02052604747458
-0.01981167839894
-0.01909671866517
-0.01838126798900
-0.01766542585930
-0.01694929152525
-0.01623296398355
-0.01551654196577
-0.01480012392571
-0.01408380802683
-0.01336769212981
-0.01265187378012
-0.01193645019572
-0.01122151825481
-0.01050717448365
-0.00979351504449
-0.00908063572358
-0.00836863191922
-0.00765759862998
-0.00694763044290
-0.00623882152188
-0.00553126559609
-0.00482505594851
-0.00412028540452
-0.00341704632063
-0.00271543057331
-0.00201552954783
-0.00131743412732
-0.00062123468182
0.00007297894248
0.00076511743398
0.00145509202626
0.00214281450856
0.00282819723619
0.00351115314083
0.00419159574067
0.00486943915051
0.00554459809174
0.00621698790217
0.00688652454577
0.00755312462232
0.00821670537693
0.00887718470942
0.00953448118364
0.01018851403664
0.01083920318771
0.01148646924733
0.01213023352601
0.01277041804296
0.01340694553469
0.01403973946349
0.01466872402573
0.01529382416011
0.01591496555575
0.01653207466012
0.01714507868695
0.01775390562389
0.01835848424015
0.01895874409391
0.01955461553973
0.02014602973567
0.02073291865046
0.02131521507039
0.02189285260614
0.02246576569949
0.02303388962988
0.02359716052078
0.02415551534606
0.02470889193611
0.02525722898386
0.02580046605068
0.02633854357218
0.02687140286375
0.02739898612613
0.02792123645072
0.02843809782481
0.02894951513665
0.02945543418042
0.02995580166101
0.03045056519870
0.03093967333370
0.03142307553054
0.03190072218232
0.03237256461486
0.03283855509062
0.03329864681263
0.03375279392809
0.03420095153204
0.03464307567071
0.03507912334482
0.03550905251278
0.03593282209363
0.03635039196995
0.03676172299058
0.03716677697323
0.03756551670689
0.03795790595417
0.03834390945351
0.03872349292113
0.03909662305301
0.03946326752659
0.03982339500242
0.04017697512565
0.04052397852733
0.04086437682564
0.04119814262697
0.04152524952683
0.04184567211062
0.04215938595435
0.04246636762507
0.04276659468133
0.04306004567337
0.04334670014325
0.04362653862483
0.04389954264357
0.04416569471629
0.04442497835068
0.04467737804477
0.04492287928621
0.04516146855147
0.04539313330481
0.04561786199726
0.04583564406532
0.04604646992966
0.04625033099356
0.04644721964137
0.04663712923668
0.04682005412049
0.04699598960918
0.04716493199239
0.04732687853072
0.04748182745339
0.04762977795568
0.04777073019633
0.04790468529473
0.04803164532806
0.04815161332828
0.04826459327898
0.04837059011213
0.04846960970469
0.04856165887516
0.04864674537990
0.04872487790945
0.04879606608464
0.04886032045264
0.04891765248289
0.04896807456287
0.04901159999380
0.04904824298622
0.04907801865546
0.04910094301696
0.04911703298154
0.04912630635051
0.04912878181070
0.04912447892938
0.04911341814906
0.04909562078221
0.04907110900582
0.04903990585593
0.04900203522200
0.04895752184123
0.04890639129272
0.04884866999155
0.04878438518283
0.04871356493554
0.04863623813634
0.04855243448331
0.04846218447950
0.04836551942651
0.04826247141788
0.04815307333243
0.04803735882750
0.04791536233214
0.04778711904015
0.04765266490309
0.04751203662314
0.04736527164596
0.04721240815344
0.04705348505628
0.04688854198665
0.04671761929063
0.04654075802065
0.04635799992784
0.04616938745429
0.04597496372525
0.04577477254124
0.04556885837012
0.04535726633906
0.04514004222648
0.04491723245386
0.04468888407753
0.04445504478043
0.04421576286369
0.04397108723829
0.04372106741656
0.04346575350365
0.04320519618896
0.04293944673748
0.04266855698113
0.04239257930994
0.04211156666333
0.04182557252119
0.04153465089502
0.04123885631895
0.04093824384073
0.04063286901275
0.04032278788287
0.04000805698532
0.03968873333156
0.03936487440101
0.03903653813184
0.03870378291163
0.03836666756810
0.03802525135974
0.03767959396636
0.03732975547973
0.03697579639410
0.03661777759670
0.03625576035823
0.03588980632335
0.03551997750107
0.03514633625520
0.03476894529473
0.03438786766416
0.03400316673391
0.03361490619062
0.03322315002744
0.03282796253439
0.03242940828857
0.03202755214452
0.03162245922439
0.03121419490827
0.03080282482436
0.03038841483928
0.02997103104825
0.02955073976532
0.02912760751363
0.02870170101557
0.02827308718308
0.02784183310779
0.02740800605130
0.02697167343540
0.02653290283228
0.02609176195480
0.02564831864671
0.02520264087293
0.02475479670982
0.02430485433542
0.02385288201979
0.02339894811530
0.02294312104695
0.02248546930269
0.02202606142382
0.02156496599533
0.02110225163631
0.02063798699039
0.02017224071614
0.01970508147760
0.01923657793470
0.01876679873384
0.01829581249841
0.01782368781938
0.01735049324592
0.01687629727600
0.01640116834713
0.01592517482700
0.01544838500428
0.01497086707938
0.01449268915526
0.01401391922829
0.01353462517920
0.01305487476394
0.01257473560472
0.01209427518101
0.01161356082064
0.01113265969089
0.01065163878965
0.01017056493668
0.00968950476482
0.00920852471133
0.00872769100924
0.00824706967879
0.00776672651887
0.00728672709858
0.00680713674876
0.00632802055368
0.00584944334271
0.00537146968206
0.00489416386662
0.00441758991181
0.00394181154555
0.00346689220019
0.00299289500465
0.00251988277649
0.00204791801412
0.00157706288905
0.00110737923823
0.00063892855642
0.00017177198864
-0.00029402967724
-0.00075841601798
-0.00122132698224
-0.00168270289787
-0.00214248447907
-0.00260061283350
-0.00305702946936
-0.00351167630228
-0.00396449566224
-0.00441543030040
-0.00486442339578
-0.00531141856194
-0.00575635985356
-0.00619919177290
-0.00663985927623
-0.00707830778019
-0.00751448316798
-0.00794833179556
-0.00837980049775
-0.00880883659419
-0.00923538789529
-0.00965940270804
-0.01008082984177
-0.01049961861379
-0.01091571885498
-0.01132908091529
-0.01173965566909
-0.01214739452053
-0.01255224940875
-0.01295417281298
-0.01335311775763
-0.01374903781722
-0.01414188712122
-0.01453162035888
-0.01491819278386
-0.01530156021883
-0.01568167905999
-0.01605850628144
-0.01643199943953
-0.01680211667704
-0.01716881672732
-0.01753205891834
-0.01789180317660
-0.01824801003099
-0.01860064061652
-0.01894965667800
-0.01929502057356
-0.01963669527817
-0.01997464438695
-0.02030883211845
-0.02063922331787
-0.02096578346008
-0.02128847865266
-0.02160727563871
-0.02192214179973
-0.02223304515824
-0.02253995438042
-0.02284283877857
-0.02314166831355
-0.02343641359707
-0.02372704589387
-0.02401353712389
-0.02429585986422
-0.02457398735104
-0.02484789348147
-0.02511755281523
-0.02538294057631
-0.02564403265449
-0.02590080560673
-0.02615323665857
-0.02640130370531
-0.02664498531316
-0.02688426072031
-0.02711910983783
-0.02734951325056
-0.02757545221784
-0.02779690867416
-0.02801386522974
-0.02822630517098
-0.02843421246084
-0.02863757173909
-0.02883636832251
-0.02903058820498
-0.02922021805743
-0.02940524522777
-0.02958565774067
-0.02976144429728
-0.02993259427483
-0.03009909772615
-0.03026094537910
-0.03041812863590
-0.03057063957238
-0.03071847093712
-0.03086161615049
-0.03100006930365
-0.03113382515742
-0.03126287914103
-0.03138722735086
-0.03150686654902
-0.03162179416187
-0.03173200827847
-0.03183750764886
-0.03193829168241
-0.03203436044587
-0.03212571466156
-0.03221235570528
-0.03229428560426
-0.03237150703495
-0.03244402332081
-0.03251183842989
-0.03257495697247
-0.03263338419850
-0.03268712599503
-0.03273618888352
-0.03278058001708
-0.03282030717766
-0.03285537877308
-0.03288580383408
-0.03291159201122
-0.03293275357174
-0.03294929939630
-0.03296124097571
-0.03296859040752
-0.03297136039258
-0.03296956423149
-0.03296321582100
-0.03295232965032
-0.03293692079738
-0.03291700492501
-0.03289259827703
-0.03286371767428
-0.03283038051060
-0.03279260474874
-0.03275040891614
-0.03270381210074
-0.03265283394665
-0.03259749464979
-0.03253781495343
-0.03247381614373
-0.03240552004516
-0.03233294901587
-0.03225612594299
-0.03217507423792
-0.03208981783149
-0.03200038116912
-0.03190678920589
-0.03180906740151
-0.03170724171539
-0.03160133860142
-0.03149138500293
-0.03137740834741
-0.03125943654131
-0.03113749796470
-0.03101162146594
-0.03088183635624
-0.03074817240421
-0.03061065983040
-0.03046932930167
-0.03032421192565
-0.03017533924507
-0.03002274323210
-0.02986645628254
-0.02970651121013
-0.02954294124070
-0.02937578000628
-0.02920506153925
-0.02903082026634
-0.02885309100273
-0.02867190894597
-0.02848730966996
-0.02829932911885
-0.02810800360094
-0.02791336978248
-0.02771546468157
-0.02751432566182
-0.02730999042623
-0.02710249701081
-0.02689188377833
-0.02667818941197
-0.02646145290895
-0.02624171357416
-0.02601901101372
-0.02579338512860
-0.02556487610810
-0.02533352442340
-0.02509937082106
-0.02486245631649
-0.02462282218744
-0.02438050996738
-0.02413556143900
-0.02388801862756
-0.02363792379433
-0.02338531942993
-0.02313024824775
-0.02287275317723
-0.02261287735729
-0.02235066412961
-0.02208615703195
-0.02181939979153
-0.02155043631826
-0.02127931069810
-0.02100606718632
-0.02073075020085
-0.02045340431549
-0.02017407425330
-0.01989280487977
-0.01960964119622
-0.01932462833300
-0.01903781154284
-0.01874923619409
-0.01845894776407
-0.01816699183230
-0.01787341407387
-0.01757826025271
-0.01728157621493
-0.01698340788211
-0.01668380124467
-0.01638280235520
-0.01608045732182
-0.01577681230152
-0.01547191349358
-0.01516580713292
-0.01485853948354
-0.01455015683191
-0.01424070548044
-0.01393023174091
-0.01361878192795
-0.01330640235254
-0.01299313931549
-0.01267903910101
-0.01236414797024
-0.01204851215483
-0.01173217785053
-0.01141519121082
-0.01109759834055
-0.01077944528962
-0.01046077804667
-0.01014164253280
-0.00982208459534
-0.00950215000160
-0.00918188443274
-0.00886133347754
-0.00854054262631
-0.00821955726481
-0.00789842266815
-0.00757718399479
-0.00725588628052
-0.00693457443252
-0.00661329322344
-0.00629208728549
-0.00597100110459
-0.00565007901459
-0.00532936519146
-0.00500890364757
-0.00468873822599
-0.00436891259484
-0.00404947024167
-0.00373045446792
-0.00341190838333
-0.00309387490053
-0.00277639672952
-0.00245951637235
-0.00214327611772
-0.00182771803570
-0.00151288397244
-0.00119881554501
-0.00088555413619
-0.00057314088938
-0.00026161670352
0.00004897777190
0.00035860214185
0.00066721627063
0.00097478028676
0.00128125458778
0.00158659984504
0.00189077700836
0.00219374731070
0.00249547227280
0.00279591370768
0.00309503372512
0.00339279473615
0.00368915945738
0.00398409091537
0.00427755245084
0.00456950772293
0.00485992071332
0.00514875573035
0.00543597741301
0.00572155073499
0.00600544100854
0.00628761388833
0.00656803537529
0.00684667182029
0.00712348992789
0.00739845675987
0.00767153973885
0.00794270665178
0.00821192565331
0.00847916526925
0.00874439439980
0.00900758232283
0.00926869869705
0.00952771356513
0.00978459735675
0.01003932089160
0.01029185538229
0.01054217243721
0.01079024406335
0.01103604266899
0.01127954106642
0.01152071247448
0.01175953052115
0.01199596924597
0.01223000310250
0.01246160696060
0.01269075610875
0.01291742625622
0.01314159353524
0.01336323450305
0.01358232614393
0.01379884587109
0.01401277152864
0.01422408139327
0.01443275417611
0.01463876902431
0.01484210552273
0.01504274369540
0.01524066400704
0.01543584736445
0.01562827511788
0.01581792906223
0.01600479143834
0.01618884493407
0.01637007268538
0.01654845827736
0.01672398574514
0.01689663957478
0.01706640470406
0.01723326652322
0.01739721087564
0.01755822405844
0.01771629282301
0.01787140437550
0.01802354637720
0.01817270694492
0.01831887465122
0.01846203852466
0.01860218804991
0.01873931316786
0.01887340427559
0.01900445222638
0.01913244832955
0.01925738435026
0.01937925250935
0.01949804548293
0.01961375640208
0.01972637885239
0.01983590687344
0.01994233495829
0.02004565805279
0.02014587155496
0.02024297131417
0.02033695363041
0.02042781525333
0.02051555338138
0.02060016566077
0.02068165018444
0.02076000549091
0.02083523056314
0.02090732482730
0.02097628815142
0.02104212084410
0.02110482365305
0.02116439776366
0.02122084479743
0.02127416681043
0.02132436629160
0.02137144616113
0.02141540976862
0.02145626089133
0.02149400373227
0.02152864291833
0.02156018349825
0.02158863094064
0.02161399113184
0.02163627037384
0.02165547538206
0.02167161328313
0.02168469161256
0.02169471831243
0.02170170172899
0.02170565061021
0.02170657410328
0.02170448175208
0.02169938349457
0.02169128966018
0.02168021096707
0.02166615851946
0.02164914380479
0.02162917869093
0.02160627542329
0.02158044662192
0.02155170527850
0.02152006475340
0.02148553877257
0.02144814142451
0.02140788715706
0.02136479077429
0.02131886743325
0.02127013264072
0.02121860224991
0.02116429245712
0.02110721979840
0.02104740114607
0.02098485370533
0.02091959501076
0.02085164292275
0.02078101562403
0.02070773161598
0.02063180971507
0.02055326904917
0.02047212905387
0.02038840946872
0.02030213033351
0.02021331198446
0.02012197505041
0.02002814044896
0.01993182938257
0.01983306333471
0.01973186406586
0.01962825360960
0.01952225426855
0.01941388861045
0.01930317946402
0.01919014991498
0.01907482330189
0.01895722321206
0.01883737347746
0.01871529817047
0.01859102159979
0.01846456830618
0.01833596305827
0.01820523084830
0.01807239688788
0.01793748660370
0.01780052563326
0.01766153982051
0.01752055521159
0.01737759805042
0.01723269477439
0.01708587200999
0.01693715656840
0.01678657544109
0.01663415579545
0.01647992497035
0.01632391047169
0.01616613996799
0.01600664128592
0.01584544240585
0.01568257145740
0.01551805671492
0.01535192659307
0.01518420964228
0.01501493454430
0.01484413010767
0.01467182526325
0.01449804905971
0.01432283065899
0.01414619933185
0.01396818445332
0.01378881549820
0.01360812203654
0.01342613372916
0.01324288032312
0.01305839164721
0.01287269760746
0.01268582818263
0.01249781341974
0.01230868342951
0.01211846838197
0.01192719850190
0.01173490406438
0.01154161539034
0.01134736284208
0.01115217681881
0.01095608775225
0.01075912610214
0.01056132235186
0.01036270700399
0.01016331057592
0.00996316359547
0.00976229659650
0.00956074011452
0.00935852468242
0.00915568082604
0.00895223905990
0.00874822988290
0.00854368377399
0.00833863118795
0.00813310255107
0.00792712825699
0.00772073866239
0.00751396408287
0.00730683478872
0.00709938100076
0.00689163288623
0.00668362055461
0.00647537405361
0.00626692336500
0.00605829840060
0.00584952899826
0.00564064491782
0.00543167583715
0.00522265134817
0.00501360095293
0.00480455405971
0.00459553997910
0.00438658792019
0.00417772698670
0.00396898617321
0.00376039436135
0.00355198031609
0.00334377268202
0.00313579997961
0.00292809060164
0.00272067280948
0.00251357472958
0.00230682434981
0.00210044951601
0.00189447792845
0.00168893713835
0.00148385454445
0.00127925738961
0.00107517275745
0.00087162756896
0.00066864857928
0.00046626237434
0.00026449536770
0.00006337379730
-0.00013707627766
-0.00033682897991
-0.00053585861713
-0.00073413968504
-0.00093164687044
-0.00112835505414
-0.00132423931394
-0.00151927492752
-0.00171343737533
-0.00190670234336
-0.00209904572601
-0.00229044362878
-0.00248087237100
-0.00267030848849
-0.00285872873625
-0.00304611009095
-0.00323242975356
-0.00341766515186
-0.00360179394285
-0.00378479401524
-0.00396664349180
-0.00414732073174
-0.00432680433298
-0.00450507313441
-0.00468210621817
-0.00485788291175
-0.00503238279017
-0.00520558567807
-0.00537747165175
-0.00554802104118
-0.00571721443197
-0.00588503266728
-0.00605145684971
-0.00621646834313
-0.00638004877446
-0.00654218003542
-0.00670284428425
-0.00686202394736
-0.00701970172092
-0.00717586057248
-0.00733048374242
-0.00748355474554
-0.00763505737238
-0.00778497569070
-0.00793329404680
-0.00807999706680
-0.00822506965794
-0.00836849700976
-0.00851026459529
-0.00865035817217
-0.00878876378373
-0.00892546776002
-0.00906045671881
-0.00919371756653
-0.00932523749918
-0.00945500400316
-0.00958300485612
-0.00970922812770
-0.00983366218027
-0.00995629566957
-0.01007711754541
-0.01019611705219
-0.01031328372948
-0.01042860741254
-0.01054207823270
-0.01065368661787
-0.01076342329283
-0.01087127927959
-0.01097724589765
-0.01108131476426
-0.01118347779459
-0.01128372720188
-0.01138205549757
-0.01147845549130
-0.01157292029100
-0.01166544330283
-0.01175601823110
-0.01184463907818
-0.01193130014433
-0.01201599602754
-0.01209872162323
-0.01217947212401
-0.01225824301937
-0.01233503009527
-0.01240982943378
-0.01248263741259
-0.01255345070457
-0.01262226627718
-0.01268908139195
-0.01275389360386
-0.01281670076066
-0.01287750100221
-0.01293629275973
-0.01299307475504
-0.01304784599974
-0.01310060579437
-0.01315135372751
-0.01320008967486
-0.01324681379828
-0.01329152654478
-0.01333422864546
-0.01337492111447
-0.01341360524787
-0.01345028262247
-0.01348495509466
-0.01351762479916
-0.01354829414778
-0.01357696582811
-0.01360364280220
-0.01362832830516
-0.01365102584379
-0.01367173919511
-0.01369047240493
-0.01370722978630
-0.01372201591800
-0.01373483564294
-0.01374569406658
-0.01375459655529
-0.01376154873466
-0.01376655648780
-0.01376962595362
-0.01377076352507
-0.01376997584731
-0.01376726981594
-0.01376265257506
-0.01375613151549
-0.01374771427276
-0.01373740872522
-0.01372522299205
-0.01371116543127
-0.01369524463769
-0.01367746944088
-0.01365784890306
-0.01363639231703
-0.01361310920398
-0.01358800931140
-0.01356110261080
-0.01353239929561
-0.01350190977884
-0.01346964469089
-0.01343561487723
-0.01339983139612
-0.01336230551624
-0.01332304871439
-0.01328207267307
-0.01323938927811
-0.01319501061623
-0.01314894897264
-0.01310121682855
-0.01305182685868
-0.01300079192881
-0.01294812509321
-0.01289383959216
-0.01283794884933
-0.01278046646927
-0.01272140623478
-0.01266078210433
-0.01259860820943
-0.01253489885198
-0.01246966850163
-0.01240293179311
-0.01233470352354
-0.01226499864973
-0.01219383228549
-0.01212121969889
-0.01204717630950
-0.01197171768569
-0.01189485954181
-0.01181661773549
-0.01173700826476
-0.01165604726534
-0.01157375100780
-0.01149013589474
-0.01140521845795
-0.01131901535563
-0.01123154336949
-0.01114281940194
-0.01105286047322
-0.01096168371851
-0.01086930638509
-0.01077574582948
-0.01068101951449
-0.01058514500640
-0.01048813997202
-0.01039002217582
-0.01029080947702
-0.01019051982668
-0.01008917126479
-0.00998678191736
-0.00988336999352
-0.00977895378259
-0.00967355165116
-0.00956718204019
-0.00945986346207
-0.00935161449772
-0.00924245379366
-0.00913240005912
-0.00902147206306
-0.00890968863133
-0.00879706864372
-0.00868363103105
-0.00856939477226
-0.00845437889154
-0.00833860245538
-0.00822208456972
-0.00810484437701
-0.00798690105339
-0.00786827380574
-0.00774898186886
-0.00762904450254
-0.00750848098878
-0.00738731062885
-0.00726555274052
-0.00714322665514
-0.00702035171488
-0.00689694726985
-0.00677303267534
-0.00664862728895
-0.00652375046787
-0.00639842156601
-0.00627265993130
-0.00614648490287
-0.00601991580835
-0.00589297196107
-0.00576567265737
-0.00563803717388
-0.00551008476478
-0.00538183465918
-0.00525330605834
-0.00512451813310
-0.00499549002118
-0.00486624082454
-0.00473678960680
-0.00460715539056
-0.00447735715490
-0.00434741383272
-0.00421734430823
-0.00408716741440
-0.00395690193042
-0.00382656657919
-0.00369618002485
-0.00356576087025
-0.00343532765458
-0.00330489885085
-0.00317449286351
-0.00304412802605
-0.00291382259857
-0.00278359476549
-0.00265346263316
-0.00252344422754
-0.00239355749189
-0.00226382028451
-0.00213425037647
-0.00200486544934
-0.00187568309302
-0.00174672080349
-0.00161799598067
-0.00148952592622
-0.00136132784149
-0.00123341882529
-0.00110581587192
-0.00097853586902
-0.00085159559556
-0.00072501171984
-0.00059880079745
-0.00047297926934
-0.00034756345983
-0.00022256957474
-0.00009801369943
0.00002608820302
0.00014972029369
0.00027286685966
0.00039551231577
0.00051764120642
0.00063923820732
0.00076028812719
0.00088077590951
0.00100068663414
0.00112000551898
0.00123871792161
0.00135680934087
0.00147426541841
0.00159107194027
0.00170721483836
0.00182268019195
0.00193745422916
0.00205152332835
0.00216487401957
0.00227749298588
0.00238936706478
0.00250048324946
0.00261082869012
0.00272039069527
0.00282915673293
0.00293711443185
0.00304425158270
0.00315055613923
0.00325601621940
0.00336062010646
0.00346435625004
0.00356721326720
0.00366917994342
0.00377024523361
0.00387039826304
0.00396962832832
0.00406792489825
0.00416527761471
0.00426167629351
0.00435711092520
0.00445157167588
0.00454504888791
0.00463753308067
0.00472901495129
0.00481948537525
0.00490893540709
0.00499735628101
0.00508473941141
0.00517107639353
0.00525635900391
0.00534057920093
0.00542372912525
0.00550580110031
0.00558678763267
0.00566668141248
0.00574547531377
0.00582316239481
0.00589973589843
0.00597518925227
0.00604951606902
0.00612271014667
0.00619476546868
0.00626567620414
0.00633543670792
0.00640404152078
0.00647148536940
0.00653776316653
0.00660287001091
0.00666680118733
0.00672955216660
0.00679111860546
0.00685149634653
0.00691068141819
0.00696867003441
0.00702545859464
0.00708104368360
0.00713542207104
0.00718859071153
0.00724054674416
0.00729128749228
0.00734081046315
0.00738911334761
0.00743619401970
0.00748205053626
0.00752668113653
0.00757008424166
0.00761225845429
0.00765320255800
0.00769291551684
0.00773139647472
0.00776864475492
0.00780465985943
0.00783944146835
0.00787298943926
0.00790530380654
0.00793638478070
0.00796623274765
0.00799484826796
0.00802223207612
0.00804838507976
0.00807330835883
0.00809700316479
0.00811947091976
0.00814071321565
0.00816073181327
0.00817952864142
0.00819710579595
0.00821346553884
0.00822861029717
0.00824254266218
0.00825526538822
0.00826678139174
0.00827709375022
0.00828620570109
0.00829412064068
0.00830084212305
0.00830637385890
0.00831071971441
0.00831388371007
0.00831587001950
0.00831668296823
0.00831632703252
0.00831480683807
0.00831212715881
0.00830829291560
0.00830330917495
0.00829718114773
0.00828991418782
0.00828151379080
0.00827198559260
0.00826133536810
0.00824956902978
0.00823669262632
0.00822271234118
0.00820763449116
0.00819146552502
0.00817421202193
0.00815588069011
0.00813647836527
0.00811601200916
0.00809448870804
0.00807191567121
0.00804830022941
0.00802364983333
0.00799797205205
0.00797127457147
0.00794356519274
0.00791485183067
0.00788514251212
0.00785444537444
0.00782276866382
0.00779012073365
0.00775651004294
0.00772194515462
0.00768643473394
0.00764998754675
0.00761261245791
0.00757431842952
0.00753511451934
0.00749500987900
0.00745401375238
0.00741213547385
0.00736938446662
0.00732577024095
0.00728130239247
0.00723599060048
0.00718984462613
0.00714287431078
0.00709508957417
0.00704650041275
0.00699711689785
0.00694694917400
0.00689600745712
0.00684430203276
0.00679184325436
0.00673864154146
0.00668470737793
0.00663005131021
0.00657468394551
0.00651861595007
0.00646185804733
0.00640442101621
0.00634631568928
0.00628755295098
0.00622814373589
0.00616809902689
0.00610742985340
0.00604614728960
0.00598426245266
0.00592178650092
0.00585873063217
0.00579510608183
0.00573092412118
0.00566619605560
0.00560093322280
0.00553514699103
0.00546884875734
0.00540204994580
0.00533476200574
0.00526699641002
0.00519876465323
0.00513007824998
0.00506094873317
0.00499138765218
0.00492140657122
0.00485101706755
0.00478023072974
0.00470905915603
0.00463751395252
0.00456560673153
0.00449334910985
0.00442075270711
0.00434782914401
0.00427459004072
0.00420104701513
0.00412721168124
0.00405309564747
0.00397871051503
0.00390406787623
0.00382917931292
0.00375405639480
0.00367871067780
0.00360315370251
0.00352739699257
0.00345145205303
0.00337533036884
0.00329904340321
0.00322260259610
0.00314601936263
0.00306930509154
0.00299247114368
0.00291552885047
0.00283848951239
0.00276136439748
0.00268416473984
0.00260690173817
0.00252958655431
0.00245223031173
0.00237484409415
0.00229743894408
0.00222002586139
0.00214261580193
0.00206521967610
0.00198784834749
0.00191051263151
0.00183322329401
0.00175599104999
0.00167882656219
0.00160174043982
0.00152474323728
0.00144784545281
0.00137105752724
0.00129438984273
0.00121785272152
0.00114145642470
0.00106521115096
0.00098912703542
0.00091321414841
0.00083748249432
0.00076194201039
0.00068660256563
0.00061147395961
0.00053656592140
0.00046188810844
0.00038745010546
0.00031326142341
0.00023933149838
0.00016566969059
0.00009228528335
0.00001918748203
-0.00005361458690
-0.00012611187687
-0.00019829542218
-0.00027015633893
-0.00034168582595
-0.00041287516574
-0.00048371572535
-0.00055419895726
-0.00062431640024
-0.00069405968025
-0.00076342051119
-0.00083239069580
-0.00090096212641
-0.00096912678572
-0.00103687674762
-0.00110420417788
-0.00117110133493
-0.00123756057053
-0.00130357433052
-0.00136913515548
-0.00143423568139
-0.00149886864031
-0.00156302686096
-0.00162670326940
-0.00168989088957
-0.00175258284393
-0.00181477235398
-0.00187645274082
-0.00193761742569
-0.00199825993050
-0.00205837387828
-0.00211795299372
-0.00217699110357
-0.00223548213715
-0.00229342012673
-0.00235079920799
-0.00240761362036
-0.00246385770744
-0.00251952591737
-0.00257461280312
-0.00262911302289
-0.00268302134037
-0.00273633262506
-0.00278904185253
-0.00284114410470
-0.00289263457009
-0.00294350854400
-0.00299376142879
-0.00304338873404
-0.00309238607671
-0.00314074918134
-0.00318847388017
-0.00323555611330
-0.00328199192876
-0.00332777748262
-0.00337290903910
-0.00341738297061
-0.00346119575779
-0.00350434398958
-0.00354682436317
-0.00358863368408
-0.00362976886610
-0.00367022693124
-0.00371000500974
-0.00374910033997
-0.00378751026834
-0.00382523224926
-0.00386226384498
-0.00389860272549
-0.00393424666837
-0.00396919355865
-0.00400344138865
-0.00403698825775
-0.00406983237227
-0.00410197204516
-0.00413340569585
-0.00416413185000
-0.00419414913919
-0.00422345630072
-0.00425205217726
-0.00427993571660
-0.00430710597133
-0.00433356209849
-0.00435930335925
-0.00438432911855
-0.00440863884472
-0.00443223210915
-0.00445510858582
-0.00447726805095
-0.00449871038257
-0.00451943556008
-0.00453944366380
-0.00455873487451
-0.00457730947301
-0.00459516783959
-0.00461231045357
-0.00462873789280
-0.00464445083310
-0.00465945004776
-0.00467373640699
-0.00468731087738
-0.00470017452130
-0.00471232849636
-0.00472377405480
-0.00473451254290
-0.00474454540035
-0.00475387415968
-0.00476250044558
-0.00477042597426
-0.00477765255284
-0.00478418207863
-0.00479001653853
-0.00479515800827
-0.00479960865177
-0.00480337072044
-0.00480644655242
-0.00480883857194
-0.00481054928850
-0.00481158129622
-0.00481193727302
-0.00481161997992
-0.00481063226025
-0.00480897703888
-0.00480665732144
-0.00480367619354
-0.00480003681997
-0.00479574244388
-0.00479079638601
-0.00478520204383
-0.00477896289073
-0.00477208247520
-0.00476456441997
-0.00475641242116
-0.00474763024747
-0.00473822173927
-0.00472819080775
-0.00471754143406
-0.00470627766843
-0.00469440362928
-0.00468192350232
-0.00466884153969
-0.00465516205903
-0.00464088944256
-0.00462602813624
-0.00461058264877
-0.00459455755072
-0.00457795747361
-0.00456078710895
-0.00454305120733
-0.00452475457749
-0.00450590208535
-0.00448649865309
-0.00446654925820
-0.00444605893253
-0.00442503276132
-0.00440347588226
-0.00438139348453
-0.00435879080782
-0.00433567314139
-0.00431204582306
-0.00428791423830
-0.00426328381921
-0.00423816004355
-0.00421254843379
-0.00418645455611
-0.00415988401942
-0.00413284247440
-0.00410533561250
-0.00407736916496
-0.00404894890182
-0.00402008063094
-0.00399077019704
-0.00396102348066
-0.00393084639724
-0.00390024489606
-0.00386922495933
-0.00383779260114
-0.00380595386652
-0.00377371483042
-0.00374108159674
-0.00370806029736
-0.00367465709114
-0.00364087816293
-0.00360672972261
-0.00357221800409
-0.00353734926436
-0.00350212978247
-0.00346656585860
-0.00343066381305
-0.00339442998530
-0.00335787073300
-0.00332099243106
-0.00328380147063
-0.00324630425816
-0.00320850721445
-0.00317041677369
-0.00313203938248
-0.00309338149892
-0.00305444959162
-0.00301525013879
-0.00297578962728
-0.00293607455165
-0.00289611141321
-0.00285590671915
-0.00281546698154
-0.00277479871646
-0.00273390844306
-0.00269280268264
-0.00265148795777
-0.00260997079133
-0.00256825770567
-0.00252635522167
-0.00248426985786
-0.00244200812955
-0.00239957654790
-0.00235698161912
-0.00231422984352
-0.00227132771470
-0.00222828171864
-0.00218509833288
-0.00214178402568
-0.00209834525512
-0.00205478846832
-0.00201112010057
-0.00196734657452
-0.00192347429934
-0.00187950966994
-0.00183545906612
-0.00179132885178
-0.00174712537417
-0.00170285496301
-0.00165852392978
-0.00161413856691
-0.00156970514704
-0.00152522992221
-0.00148071912312
-0.00143617895843
-0.00139161561394
-0.00134703525189
-0.00130244401024
-0.00125784800195
-0.00121325331424
-0.00116866600788
-0.00112409211655
-0.00107953764607
-0.00103500857376
-0.00099051084777
-0.00094605038635
-0.00090163307728
-0.00085726477714
-0.00081295131068
-0.00076869847023
-0.00072451201498
-0.00068039767044
-0.00063636112779
-0.00059240804325
-0.00054854403753
-0.00050477469521
-0.00046110556414
-0.00041754215492
-0.00037408994026
-0.00033075435449
-0.00028754079297
-0.00024445461157
-0.00020150112609
-0.00015868561181
-0.00011601330291
-0.00007348939200
-0.00003111902958
0.00001109267642
0.00005314066111
0.00009501990315
0.00013672542521
0.00017825229442
0.00021959562280
0.00026075056773
0.00030171233238
0.00034247616610
0.00038303736490
0.00042339127176
0.00046353327714
0.00050345881928
0.00054316338461
0.00058264250814
0.00062189177380
0.00066090681479
0.00069968331397
0.00073821700413
0.00077650366838
0.00081453914042
0.00085231930489
0.00088984009766
0.00092709750610
0.00096408756942
0.00100080637890
0.00103725007815
0.00107341486343
0.00110929698383
0.00114489274159
0.00118019849224
0.00121521064492
0.00124992566252
0.00128434006195
0.00131845041430
0.00135225334505
0.00138574553425
0.00141892371669
0.00145178468209
0.00148432527520
0.00151654239604
0.00154843299996
0.00157999409783
0.00161122275613
0.00164211609708
0.00167267129875
0.00170288559517
0.00173275627642
0.00176228068871
0.00179145623443
0.00182028037230
0.00184875061733
0.00187686454096
0.00190461977106
0.00193201399196
0.00195904494453
0.00198571042615
0.00201200829076
0.00203793644885
0.00206349286747
0.00208867557022
0.00211348263721
0.00213791220510
0.00216196246700
0.00218563167249
0.00220891812754
0.00223182019447
0.00225433629189
0.00227646489466
0.00229820453375
0.00231955379626
0.00234051132524
0.00236107581966
0.00238124603426
0.00240102077951
0.00242039892142
0.00243937938149
0.00245796113652
0.00247614321853
0.00249392471460
0.00251130476671
0.00252828257162
0.00254485738067
0.00256102849967
0.00257679528868
0.00259215716186
0.00260711358727
0.00262166408671
0.00263580823549
0.00264954566226
0.00266287604879
0.00267579912976
0.00268831469255
0.00270042257700
0.00271212267520
0.00272341493126
0.00273429934105
0.00274477595198
0.00275484486271
0.00276450622298
0.00277376023323
0.00278260714447
0.00279104725788
0.00279908092464
0.00280670854561
0.00281393057102
0.00282074750025
0.00282715988145
0.00283316831134
0.00283877343481
0.00284397594471
0.00284877658147
0.00285317613281
0.00285717543343
0.00286077536468
0.00286397685421
0.00286678087571
0.00286918844849
0.00287120063720
0.00287281855147
0.00287404334556
0.00287487621803
0.00287531841136
0.00287537121163
0.00287503594812
0.00287431399300
0.00287320676091
0.00287171570863
0.00286984233469
0.00286758817902
0.00286495482252
0.00286194388675
0.00285855703351
0.00285479596444
0.00285066242065
0.00284615818236
0.00284128506845
0.00283604493610
0.00283043968038
0.00282447123386
0.00281814156620
0.00281145268376
0.00280440662917
0.00279700548093
0.00278925135301
0.00278114639445
0.00277269278889
0.00276389275424
0.00275474854218
0.00274526243779
0.00273543675913
0.00272527385678
0.00271477611346
0.00270394594359
0.00269278579286
0.00268129813781
0.00266948548538
0.00265735037253
0.00264489536576
0.00263212306069
0.00261903608167
0.00260563708128
0.00259192873995
0.00257791376551
0.00256359489274
0.00254897488295
0.00253405652355
0.00251884262760
0.00250333603338
0.00248753960394
0.00247145622671
0.00245508881298
0.00243844029754
0.00242151363821
0.00240431181539
0.00238683783165
0.00236909471128
0.00235108549983
0.00233281326372
0.00231428108975
0.00229549208472
0.00227644937494
0.00225715610581
0.00223761544141
0.00221783056404
0.00219780467378
0.00217754098807
0.00215704274127
0.00213631318423
0.00211535558386
0.00209417322269
0.00207276939843
0.00205114742358
0.00202931062495
0.00200726234327
0.00198500593274
0.00196254476060
0.00193988220675
0.00191702166326
0.00189396653400
0.00187072023418
0.00184728618996
0.00182366783802
0.00179986862511
0.00177589200770
0.00175174145151
0.00172742043111
0.00170293242952
0.00167828093777
0.00165346945453
0.00162850148567
0.00160338054387
0.00157811014821
0.00155269382376
0.00152713510119
0.00150143751636
0.00147560460994
0.00144963992698
0.00142354701656
0.00139732943135
0.00137099072725
0.00134453446299
0.00131796419977
0.00129128350080
0.00126449593102
0.00123760505663
0.00121061444477
0.00118352766308
0.00115634827941
0.00112907986138
0.00110172597601
0.00107429018940
0.00104677606631
0.00101918716984
0.00099152706102
0.00096379929850
0.00093600743814
0.00090815503269
0.00088024563144
0.00085228277984
0.00082427001917
0.00079621088619
0.00076810891279
0.00073996762565
0.00071179054590
0.00068358118880
0.00065534306338
0.00062707967209
0.00059879451053
0.00057049106707
0.00054217282254
0.00051384324991
0.00048550581396
0.00045716397098
0.00042882116843
0.00040048084464
0.00037214642850
0.00034382133914
0.00031550898563
0.00028721276669
0.00025893607036
0.00023068227374
0.00020245474264
0.00017425683133
0.00014609188225
0.00011796322568
0.00008987417949
0.00006182804887
0.00003382812598
0.00000587768974
-0.00002201999446
-0.00004986167506
-0.00007764411460
-0.00010536408994
-0.00013301839258
-0.00016060382891
-0.00018811722046
-0.00021555540416
-0.00024291523261
-0.00027019357433
-0.00029738731397
-0.00032449335265
-0.00035150860810
-0.00037843001499
-0.00040525452512
-0.00043197910768
-0.00045860074946
-0.00048511645514
-0.00051152324746
-0.00053781816748
-0.00056399827479
-0.00059006064778
-0.00061600238377
-0.00064182059934
-0.00066751243046
-0.00069307503273
-0.00071850558161
-0.00074380127260
-0.00076895932150
-0.00079397696452
-0.00081885145857
-0.00084358008143
-0.00086816013194
-0.00089258893018
-0.00091686381770
-0.00094098215769
-0.00096494133515
-0.00098873875711
-0.00101237185280
-0.00103583807380
-0.00105913489426
-0.00108225981107
-0.00110521034400
-0.00112798403591
-0.00115057845289
-0.00117299118445
-0.00119521984366
-0.00121726206733
-0.00123911551617
-0.00126077787493
-0.00128224685258
-0.00130352018243
-0.00132459562232
-0.00134547095473
-0.00136614398695
-0.00138661255122
-0.00140687450487
-0.00142692773046
-0.00144677013590
-0.00146639965461
-0.00148581424566
-0.00150501189387
-0.00152399060994
-0.00154274843062
-0.00156128341878
-0.00157959366357
-0.00159767728051
-0.00161553241164
-0.00163315722563
-0.00165054991785
-0.00166770871054
-0.00168463185290
-0.00170131762119
-0.00171776431882
-0.00173397027649
-0.00174993385227
-0.00176565343172
-0.00178112742794
-0.00179635428171
-0.00181133246159
-0.00182606046396
-0.00184053681316
-0.00185476006155
-0.00186872878961
-0.00188244160601
-0.00189589714772
-0.00190909408003
-0.00192203109672
-0.00193470692002
-0.00194712030081
-0.00195927001858
-0.00197115488157
-0.00198277372681
-0.00199412542021
-0.00200520885657
-0.00201602295972
-0.00202656668252
-0.00203683900693
-0.00204683894410
-0.00205656553439
-0.00206601784741
-0.00207519498213
-0.00208409606689
-0.00209272025942
-0.00210106674695
-0.00210913474620
-0.00211692350347
